Dataset,Timeout,Size,Time,Certificate
aa10.snap,0.01,8,0.0,"['25', '18', '16', '19', '9', '1', '5', '26']"
aa11.snap,0.01,15,0.0,"['28', '17', '21', '29', '2', '15', '1', '27', '24', '7', '14', '22', '8', '6', '12']"
aa13.snap,0.01,22,0.0,"['31', '28', '38', '18', '21', '35', '15', '27', '4', '41', '33', '0', '7', '32', '24', '39', '26', '34', '22', '8', '42', '12']"
aa14.snap,0.01,35,0.0,"['11', '31', '28', '37', '17', '18', '21', '9', '29', '2', '15', '1', '71', '10', '5', '27', '72', '25', '41', '43', '44', '33', '16', '19', '7', '32', '40', '30', '39', '26', '22', '8', '6', '36', '23']"
aa15.snap,0.01,12,0.0,"['2', '4', '41', '28', '17', '19', '9', '29', '26', '1', '10', '8']"
aa16.snap,0.01,0,0,[]
aa17.snap,0.01,41,0.0,"['11', '28', '37', '38', '18', '54', '32', '21', '29', '45', '23', '1', '8', '10', '5', '47', '25', '4', '17', '41', '43', '14', '33', '24', '19', '7', '49', '53', '16', '40', '30', '39', '6', '2', '26', '34', '46', '13', '22', '50', '27']"
aa18.snap,0.01,21,0.0,"['41', '39', '44', '21', '32', '24', '35', '29', '14', '1', '2', '45', '46', '42', '15', '3', '61', '10', '5', '8', '6']"
aa19.snap,0.01,38,0.0,"['51', '31', '37', '54', '53', '32', '59', '36', '35', '45', '15', '5', '23', '41', '43', '19', '58', '38', '39', '0', '26', '22', '6', '11', '18', '48', '60', '92', '21', '9', '55', '2', '10', '20', '47', '4', '14', '104']"
aa20.snap,0.01,129,0.0,"['51', '31', '28', '37', '89', '210', '54', '53', '32', '171', '194', '79', '160', '75', '147', '120', '73', '178', '165', '35', '118', '29', '159', '97', '141', '45', '93', '142', '195', '52', '1', '158', '133', '71', '198', '191', '5', '94', '177', '27', '23', '103', '64', '25', '90', '155', '143', '126', '41', '43', '113', '44', '122', '62', '40', '180', '19', '101', '190', '49', '38', '20', '30', '91', '39', '0', '46', '42', '125', '111', '78', '135', '130', '105', '6', '36', '140', '108', '172', '11', '85', '50', '152', '132', '17', '18', '48', '124', '208', '199', '92', '21', '96', '80', '98', '84', '9', '55', '95', '117', '22', '203', '187', '3', '189', '10', '110', '47', '129', '4', '169', '81', '14', '16', '116', '33', '145', '167', '183', '24', '168', '2', '34', '215', '82', '217', '8', '15', '56']"
aa21.snap,0.01,0,0,[]
aa22.snap,0.01,37,0.0,"['11', '31', '37', '17', '18', '32', '38', '9', '29', '45', '20', '15', '1', '43', '10', '5', '25', '41', '33', '24', '16', '7', '30', '159', '6', '2', '26', '34', '40', '46', '14', '13', '158', '22', '12', '27', '8']"
aa23.snap,0.01,35,0.0,"['51', '28', '18', '48', '38', '9', '35', '29', '15', '5', '20', '47', '27', '25', '4', '41', '43', '44', '16', '7', '49', '32', '24', '40', '30', '39', '46', '34', '14', '13', '22', '52', '23', '50', '42']"
aa24.snap,0.01,150,0.0,"['213', '233', '51', '114', '31', '28', '37', '89', '210', '63', '54', '53', '32', '68', '59', '194', '79', '160', '109', '75', '73', '36', '222', '35', '29', '188', '159', '141', '45', '121', '195', '127', '52', '15', '1', '133', '242', '8', '198', '191', '5', '20', '177', '102', '27', '112', '23', '103', '64', '25', '17', '155', '65', '126', '41', '163', '43', '113', '44', '122', '33', '241', '40', '19', '123', '101', '94', '88', '77', '49', '58', '66', '38', '30', '91', '218', '149', '137', '39', '0', '46', '166', '42', '139', '125', '111', '78', '13', '22', '6', '239', '223', '172', '11', '85', '50', '132', '186', '48', '60', '246', '124', '92', '21', '128', '147', '99', '202', '84', '9', '55', '236', '76', '130', '3', '86', '74', '189', '61', '10', '110', '47', '226', '129', '228', '72', '4', '235', '14', '16', '136', '116', '62', '100', '7', '67', '176', '24', '162', '97', '224', '2', '26', '70', '34', '69', '231', '215', '56', '57']"
aa25.snap,0.01,0,0,[]
aa26.snap,0.01,14,0.0,"['25', '28', '38', '26', '33', '19', '30', '35', '29', '1', '34', '15', '22', '5']"
aa27.snap,0.01,13,0.0,"['11', '31', '17', '9', '20', '27', '41', '0', '40', '30', '6', '23', '42']"
aa28.snap,0.01,106,0.0,"['51', '108', '11', '31', '28', '37', '106', '38', '103', '63', '18', '48', '32', '60', '89', '68', '124', '109', '56', '21', '96', '75', '80', '50', '128', '9', '120', '58', '78', '99', '84', '35', '97', '141', '45', '23', '142', '127', '20', '15', '1', '76', '147', '3', '71', '74', '61', '10', '5', '91', '47', '132', '102', '72', '83', '64', '25', '4', '17', '93', '126', '42', '41', '43', '153', '81', '44', '33', '54', '24', '150', '19', '123', '101', '62', '146', '104', '138', '7', '49', '53', '67', '16', '66', '87', '121', '30', '39', '136', '59', '6', '2', '26', '98', '34', '40', '46', '14', '79', '125', '82', '13', '22', '86', '52', '88']"
aa29.snap,0.01,169,0.0,"['229', '233', '51', '114', '31', '138', '28', '37', '89', '210', '238', '63', '54', '53', '32', '59', '194', '79', '160', '109', '38', '98', '120', '73', '36', '178', '216', '165', '118', '29', '159', '45', '93', '52', '15', '1', '133', '8', '71', '198', '191', '143', '5', '94', '20', '177', '263', '27', '112', '23', '103', '83', '206', '64', '25', '17', '65', '126', '41', '163', '43', '113', '44', '197', '33', '40', '19', '243', '123', '88', '77', '49', '58', '66', '121', '30', '91', '218', '149', '68', '39', '46', '205', '181', '42', '140', '139', '125', '111', '212', '81', '131', '78', '13', '135', '130', '86', '75', '105', '249', '6', '239', '108', '172', '252', '11', '85', '245', '50', '152', '182', '18', '200', '48', '60', '246', '124', '208', '199', '261', '4', '262', '80', '21', '56', '147', '164', '9', '247', '55', '236', '185', '22', '257', '76', '3', '171', '61', '10', '110', '203', '207', '47', '226', '35', '255', '235', '14', '16', '136', '179', '146', '104', '100', '7', '145', '220', '176', '24', '254', '180', '156', '224', '2', '26', '34', '96', '184', '209']"
aa30.snap,0.01,4,0.0,"['4', '2', '11', '7']"
aa31.snap,0.01,0,0,[]
aa32.snap,0.01,47,0.0,"['51', '11', '31', '28', '63', '18', '54', '70', '53', '58', '21', '38', '56', '9', '35', '55', '45', '1', '59', '61', '47', '27', '64', '4', '17', '41', '33', '24', '19', '0', '62', '49', '48', '32', '67', '36', '60', '20', '30', '39', '2', '46', '14', '22', '52', '23', '42']"
aa33.snap,0.01,31,0.0,"['37', '1', '75', '35', '29', '15', '5', '23', '25', '33', '19', '38', '30', '0', '26', '13', '22', '6', '11', '17', '18', '21', '9', '3', '10', '20', '4', '14', '24', '16', '34']"
aa34.snap,0.01,27,0.0,"['11', '31', '37', '18', '21', '9', '35', '29', '3', '10', '5', '20', '25', '4', '17', '16', '19', '7', '36', '24', '30', '2', '14', '13', '23', '8', '12']"
aa35.snap,0.01,10,0.0,"['37', '21', '32', '16', '30', '14', '0', '13', '3', '20']"
aa36.snap,0.01,18,0.0,"['11', '17', '18', '21', '9', '29', '2', '1', '3', '4', '7', '32', '34', '13', '5', '8', '6', '12']"
aa37.snap,0.01,7,0.0,"['18', '31', '17', '19', '16', '1', '28']"
aa38.snap,0.01,102,0.0,"['139', '51', '108', '11', '31', '85', '28', '37', '75', '103', '17', '63', '18', '32', '89', '124', '160', '80', '21', '96', '38', '56', '98', '128', '9', '42', '120', '73', '66', '58', '99', '84', '35', '114', '29', '55', '97', '141', '45', '95', '142', '127', '20', '15', '1', '76', '50', '3', '60', '61', '10', '65', '110', '5', '72', '91', '47', '102', '134', '64', '25', '4', '90', '93', '52', '41', '113', '81', '44', '33', '54', '24', '119', '150', '116', '19', '101', '16', '62', '146', '77', '7', '49', '53', '67', '144', '12', '87', '30', '39', '59', '6', '2', '26', '34', '40', '14', '79', '22', '111', '0', '105']"
aa39.snap,0.01,40,0.0,"['11', '31', '28', '37', '18', '54', '48', '58', '21', '56', '9', '12', '29', '55', '23', '1', '8', '3', '10', '47', '27', '4', '24', '5', '19', '7', '53', '32', '16', '20', '30', '59', '6', '2', '26', '13', '22', '52', '0', '15']"
aa40.snap,0.01,33,0.0,"['11', '28', '37', '18', '48', '58', '56', '21', '55', '45', '15', '47', '27', '41', '44', '33', '16', '19', '49', '53', '32', '24', '40', '59', '2', '46', '14', '22', '52', '23', '50', '8', '57']"
aa41.snap,0.01,172,0.0,"['233', '51', '114', '31', '28', '37', '89', '210', '238', '63', '54', '53', '32', '59', '194', '79', '160', '109', '38', '170', '98', '73', '36', '178', '216', '165', '118', '29', '188', '45', '93', '195', '127', '52', '15', '1', '242', '8', '198', '191', '143', '258', '5', '237', '20', '177', '102', '27', '23', '83', '206', '64', '25', '90', '17', '155', '65', '41', '163', '43', '113', '44', '122', '197', '33', '241', '40', '19', '101', '94', '88', '190', '77', '49', '58', '151', '66', '60', '201', '121', '30', '91', '224', '68', '39', '0', '256', '46', '161', '181', '42', '139', '111', '81', '78', '13', '135', '75', '105', '249', '6', '223', '108', '172', '11', '85', '50', '186', '182', '18', '200', '48', '234', '217', '232', '124', '4', '21', '192', '80', '221', '128', '147', '99', '202', '164', '84', '9', '247', '55', '95', '229', '175', '76', '187', '3', '227', '251', '74', '189', '61', '10', '110', '213', '203', '207', '47', '228', '72', '35', '173', '14', '211', '179', '62', '138', '7', '67', '230', '87', '176', '212', '24', '180', '2', '26', '69', '82', '184', '185', '56', '57']"
aa42.snap,0.01,160,0.0,"['51', '114', '31', '28', '37', '89', '198', '210', '63', '54', '53', '171', '68', '59', '79', '160', '109', '75', '170', '120', '73', '36', '178', '216', '35', '29', '188', '159', '97', '141', '45', '102', '121', '93', '142', '195', '127', '52', '1', '133', '8', '71', '191', '65', '5', '177', '27', '23', '103', '83', '206', '64', '25', '17', '155', '143', '126', '41', '163', '43', '14', '122', '33', '40', '19', '101', '88', '77', '49', '58', '66', '201', '38', '20', '30', '91', '218', '149', '0', '224', '46', '205', '181', '42', '139', '111', '131', '78', '13', '135', '105', '6', '223', '140', '108', '11', '85', '132', '182', '18', '200', '48', '60', '208', '199', '92', '21', '225', '96', '80', '221', '128', '147', '202', '164', '84', '9', '55', '95', '117', '22', '175', '76', '203', '3', '86', '165', '74', '61', '10', '110', '213', '150', '207', '47', '196', '72', '134', '4', '169', '81', '16', '116', '62', '146', '100', '7', '32', '67', '167', '144', '212', '24', '119', '156', '219', '26', '70', '34', '69']"
aa43.snap,0.01,20,0.0,"['31', '28', '38', '17', '16', '33', '21', '32', '36', '14', '2', '34', '13', '30', '10', '5', '8', '20', '6', '26']"
aa44.snap,0.01,15,0.0,"['25', '4', '24', '32', '16', '26', '23', '1', '3', '5', '8', '20', '6', '12', '27']"
aa45.snap,0.01,20,0.0,"['4', '11', '38', '17', '33', '21', '24', '30', '35', '29', '2', '34', '42', '3', '22', '23', '12', '20', '6', '36']"
aa46.snap,0.01,37,0.0,"['31', '28', '37', '38', '48', '32', '56', '9', '35', '29', '23', '1', '8', '3', '47', '17', '41', '43', '14', '33', '24', '19', '7', '40', '30', '39', '6', '2', '26', '46', '13', '22', '50', '0', '27', '36', '42']"
aa47.snap,0.01,15,0.0,"['25', '4', '18', '24', '16', '29', '14', '2', '26', '1', '28', '8', '20', '6', '27']"
aa48.snap,0.01,21,0.0,"['18', '37', '38', '17', '26', '33', '19', '21', '16', '30', '35', '14', '0', '34', '15', '13', '22', '23', '5', '6', '27']"
aa49.snap,0.01,0,0,[]
aa50.snap,0.01,27,0.0,"['11', '31', '17', '18', '58', '35', '29', '15', '14', '20', '47', '44', '33', '19', '7', '49', '53', '24', '39', '59', '22', '52', '50', '5', '8', '23', '12']"
aa51.snap,0.01,16,0.0,"['4', '11', '41', '43', '17', '40', '7', '16', '35', '29', '42', '15', '3', '5', '6', '36']"
aa52.snap,0.01,15,0.0,"['25', '11', '31', '17', '24', '21', '16', '0', '26', '15', '1', '3', '10', '8', '20']"
aa53.snap,0.01,18,0.0,"['31', '26', '33', '40', '38', '9', '24', '30', '2', '34', '42', '15', '13', '3', '22', '12', '20', '27']"
aa54.snap,0.01,21,0.0,"['64', '25', '11', '31', '43', '37', '38', '44', '40', '16', '9', '35', '29', '2', '46', '15', '22', '23', '12', '20', '6']"
j10.snap,0.01,3,0.0,"['14', '0', '8']"
j11.snap,0.01,5,0.0,"['25', '18', '17', '19', '24']"
j13.snap,0.01,4,0.0,"['17', '24', '29', '5']"
j14.snap,0.01,3,0.0,"['0', '4', '16']"
j15.snap,0.01,0,0,[]
j16.snap,0.01,0,0,[]
j17.snap,0.01,16,0.0,"['25', '4', '11', '28', '19', '21', '9', '29', '2', '23', '15', '22', '8', '20', '26', '27']"
j18.snap,0.01,12,0.0,"['18', '11', '9', '45', '0', '2', '46', '3', '13', '47', '6', '42']"
j19.snap,0.01,3,0.0,"['16', '2', '5']"
j20.snap,0.01,0,0,[]
j21.snap,0.01,2,0.0,"['4', '7']"
j22.snap,0.01,9,0.0,"['41', '43', '37', '26', '44', '40', '32', '36', '35']"
j23.snap,0.01,19,0.0,"['2', '41', '37', '49', '17', '24', '19', '21', '7', '40', '45', '29', '3', '30', '10', '5', '8', '20', '42']"
j24.snap,0.01,3,0.0,"['40', '20', '35']"
j25.snap,0.01,0,0,[]
j26.snap,0.01,7,0.0,"['25', '26', '28', '3', '5', '20', '27']"
j28.snap,0.01,16,0.0,"['41', '43', '38', '44', '40', '7', '53', '9', '39', '14', '46', '42', '52', '10', '5', '8']"
gka_1.snap,0.01,12,0.0,"['11', '37', '38', '19', '40', '30', '39', '29', '14', '22', '10', '12']"
gka_2.snap,0.01,19,0.0,"['18', '51', '11', '31', '28', '43', '37', '38', '48', '16', '33', '7', '36', '29', '14', '13', '10', '47', '6']"
gka_3.snap,0.01,24,0.0,"['64', '41', '43', '17', '26', '54', '60', '68', '19', '49', '24', '35', '29', '1', '55', '38', '46', '56', '34', '3', '59', '23', '47', '36']"
gka_4.snap,0.01,33,0.0,"['65', '31', '41', '43', '37', '49', '17', '40', '68', '79', '62', '38', '53', '16', '9', '24', '35', '14', '1', '55', '2', '42', '76', '71', '78', '22', '23', '50', '61', '20', '57', '77', '69']"
gka_5.snap,0.01,23,0.0,"['25', '4', '11', '43', '49', '44', '48', '19', '21', '32', '16', '40', '35', '29', '14', '46', '23', '34', '3', '5', '47', '6', '42']"
gka_6.snap,0.01,16,0.0,"['25', '4', '18', '2', '28', '24', '17', '15', '16', '19', '22', '5', '8', '6', '27', '23']"
gka_7.snap,0.01,18,0.0,"['29', '2', '28', '1', '24', '17', '15', '14', '22', '0', '12', '21', '5', '8', '9', '6', '27', '23']"
gka_8.snap,0.01,33,0.0,"['51', '31', '17', '63', '54', '60', '9', '73', '35', '29', '97', '10', '94', '20', '27', '72', '25', '4', '90', '41', '24', '62', '87', '16', '59', '26', '98', '78', '50', '93', '6', '92', '12']"
gka_9.snap,0.01,2,0.0,"['5', '4']"
gka_10.snap,0.01,8,0.0,"['4', '10', '0', '2', '11', '7', '8', '9']"
gka_11.snap,0.01,10,0.0,"['4', '0', '2', '7', '5', '9', '1', '6', '12', '3']"
gka_12.snap,0.01,20,0.0,"['18', '11', '1', '12', '17', '2', '15', '14', '16', '19', '22', '4', '21', '10', '7', '5', '8', '20', '9', '6']"
gka_13.snap,0.01,16,0.0,"['19', '0', '4', '18', '10', '13', '11', '8', '9', '1', '17', '2', '14', '16', '6', '3']"
gka_14.snap,0.01,22,0.0,"['9', '25', '0', '18', '11', '17', '2', '15', '14', '3', '16', '13', '19', '4', '12', '21', '7', '5', '8', '20', '6', '24']"
gka_15.snap,0.01,0,0,[]
gka_16.snap,0.01,0,0,[]
gka_17.snap,0.01,0,0,[]
gka_18.snap,0.01,2,0.0,"['1', '3']"
gka_19.snap,0.01,32,0.0,"['35', '9', '21', '29', '14', '25', '4', '18', '26', '37', '34', '1', '17', '15', '28', '3', '13', '19', '22', '0', '33', '7', '2', '32', '5', '8', '12', '6', '36', '24', '30', '27']"
gka_20.snap,0.01,40,0.0,"['2', '25', '4', '18', '11', '31', '41', '37', '38', '49', '17', '44', '33', '48', '24', '21', '32', '9', '36', '40', '45', '35', '39', '29', '0', '46', '23', '34', '15', '1', '28', '3', '13', '30', '5', '8', '20', '47', '6', '27']"
gka_21.snap,0.01,41,0.0,"['25', '4', '18', '11', '31', '41', '28', '43', '38', '17', '54', '48', '16', '59', '33', '21', '7', '49', '32', '36', '40', '35', '39', '29', '14', '0', '55', '46', '34', '52', '1', '3', '22', '10', '5', '8', '20', '47', '6', '27', '42']"
gka_22.snap,0.01,49,0.0,"['64', '4', '18', '51', '65', '11', '31', '41', '28', '37', '17', '44', '54', '33', '58', '60', '40', '68', '21', '7', '53', '32', '67', '16', '9', '66', '24', '30', '35', '39', '29', '14', '0', '1', '38', '46', '56', '34', '42', '13', '3', '22', '52', '23', '61', '5', '8', '20', '47']"
gka_23.snap,0.01,52,0.0,"['64', '25', '4', '18', '51', '65', '11', '31', '28', '39', '43', '37', '49', '17', '63', '44', '54', '33', '70', '58', '60', '68', '62', '67', '9', '30', '35', '29', '0', '2', '45', '42', '15', '71', '78', '13', '3', '59', '22', '52', '74', '23', '12', '10', '8', '75', '20', '6', '57', '56', '27', '69']"
gka_24.snap,0.01,44,0.0,"['51', '11', '85', '17', '63', '18', '48', '58', '60', '89', '68', '21', '38', '56', '73', '84', '9', '29', '55', '3', '74', '10', '65', '5', '47', '83', '64', '4', '41', '33', '24', '0', '62', '7', '16', '36', '87', '75', '40', '30', '59', '22', '50', '42']"
gka_25.snap,0.01,47,0.0,"['31', '63', '53', '60', '68', '14', '38', '96', '9', '36', '55', '15', '1', '74', '47', '72', '83', '25', '4', '65', '41', '81', '44', '33', '19', '49', '32', '67', '39', '59', '45', '26', '98', '34', '82', '13', '52', '50', '88', '5', '93', '8', '57', '6', '92', '42', '12']"
gka_26.snap,0.01,50,0.0,"['51', '11', '31', '28', '37', '53', '68', '14', '56', '21', '38', '80', '96', '9', '73', '36', '99', '55', '2', '95', '15', '76', '3', '71', '10', '20', '72', '25', '41', '43', '89', '7', '48', '67', '40', '30', '45', '26', '46', '82', '78', '13', '22', '5', '93', '6', '92', '23', '77', '12']"
gka_27.snap,0.01,75,0.0,"['11', '31', '85', '37', '17', '63', '54', '53', '58', '68', '14', '79', '21', '38', '80', '96', '9', '73', '36', '99', '84', '29', '55', '97', '95', '1', '76', '3', '71', '74', '61', '10', '94', '20', '47', '72', '83', '64', '90', '65', '41', '43', '44', '33', '19', '89', '62', '7', '49', '48', '32', '67', '66', '87', '75', '30', '91', '59', '45', '26', '46', '34', '69', '70', '82', '78', '13', '22', '86', '52', '50', '88', '93', '8', '57']"
gka_28.snap,0.01,94,0.0,"['51', '11', '85', '28', '37', '17', '63', '18', '54', '53', '60', '68', '14', '79', '56', '21', '38', '80', '96', '9', '73', '36', '99', '84', '35', '29', '55', '97', '2', '95', '1', '76', '3', '71', '74', '61', '10', '94', '20', '47', '27', '72', '83', '64', '25', '4', '90', '65', '41', '43', '44', '33', '24', '19', '89', '0', '62', '49', '48', '32', '67', '16', '66', '87', '75', '40', '30', '91', '39', '59', '45', '26', '98', '46', '34', '69', '70', '82', '78', '13', '22', '86', '52', '50', '88', '5', '93', '8', '57', '6', '92', '23', '77', '42']"
gka_29.snap,0.01,95,0.0,"['51', '11', '31', '85', '28', '37', '17', '63', '18', '54', '53', '58', '60', '68', '14', '79', '21', '38', '80', '96', '9', '73', '36', '99', '84', '35', '29', '55', '97', '2', '95', '76', '3', '71', '74', '61', '10', '94', '20', '47', '27', '72', '83', '64', '25', '4', '90', '65', '41', '43', '81', '44', '33', '24', '19', '89', '0', '62', '7', '49', '48', '32', '67', '16', '66', '87', '75', '40', '30', '91', '39', '59', '45', '26', '98', '46', '34', '69', '70', '82', '78', '13', '22', '86', '52', '50', '88', '5', '93', '8', '57', '6', '92', '23', '77']"
gka_30.snap,0.01,96,0.0,"['51', '11', '31', '85', '28', '37', '17', '63', '18', '54', '53', '58', '60', '68', '14', '79', '56', '21', '38', '80', '96', '9', '73', '36', '99', '84', '35', '29', '55', '97', '2', '95', '1', '76', '3', '71', '74', '61', '10', '94', '20', '47', '27', '72', '83', '64', '25', '4', '90', '65', '41', '43', '81', '44', '33', '24', '19', '89', '62', '7', '49', '48', '32', '67', '16', '66', '87', '75', '40', '30', '91', '39', '59', '45', '26', '98', '46', '34', '69', '70', '82', '78', '13', '22', '86', '52', '50', '88', '5', '93', '8', '57', '6', '92', '23', '77']"
gka_31.snap,0.01,95,0.0,"['51', '11', '31', '85', '28', '37', '17', '63', '18', '54', '53', '58', '60', '68', '14', '79', '21', '38', '80', '96', '9', '73', '36', '99', '84', '35', '29', '55', '97', '2', '95', '76', '3', '71', '74', '61', '10', '94', '20', '47', '27', '72', '83', '64', '25', '4', '90', '65', '41', '43', '81', '44', '33', '24', '19', '89', '0', '62', '7', '49', '48', '32', '67', '16', '66', '87', '75', '40', '30', '91', '39', '59', '45', '26', '98', '46', '34', '69', '70', '82', '78', '13', '22', '86', '52', '50', '88', '5', '93', '8', '57', '6', '92', '23', '77']"
gka_32.snap,0.01,97,0.0,"['51', '11', '31', '85', '28', '37', '17', '63', '18', '54', '53', '58', '60', '68', '14', '79', '21', '38', '80', '96', '9', '73', '36', '99', '84', '35', '29', '55', '97', '2', '95', '1', '76', '3', '71', '74', '61', '10', '94', '20', '47', '27', '72', '83', '64', '25', '4', '90', '65', '41', '43', '81', '44', '33', '24', '19', '89', '0', '62', '7', '49', '48', '32', '67', '16', '66', '87', '75', '40', '30', '91', '39', '59', '45', '26', '98', '46', '34', '69', '70', '82', '78', '13', '22', '86', '52', '50', '88', '5', '93', '8', '57', '6', '92', '23', '77', '42']"
gka_33.snap,0.01,98,0.0,"['51', '11', '31', '85', '28', '37', '17', '63', '18', '54', '53', '58', '60', '68', '14', '79', '56', '21', '38', '80', '96', '9', '73', '36', '99', '84', '35', '29', '55', '97', '2', '95', '1', '76', '3', '71', '74', '61', '10', '94', '20', '47', '27', '72', '83', '64', '25', '4', '90', '65', '41', '43', '81', '44', '33', '24', '19', '89', '0', '62', '7', '49', '48', '32', '67', '16', '66', '87', '75', '40', '30', '91', '39', '59', '45', '26', '98', '46', '34', '69', '70', '82', '78', '13', '22', '86', '52', '50', '88', '5', '93', '8', '57', '6', '92', '23', '77', '42']"
gka_34.snap,0.01,98,0.0,"['51', '11', '31', '85', '28', '37', '17', '63', '18', '54', '53', '58', '60', '68', '14', '79', '56', '21', '38', '80', '96', '9', '73', '36', '99', '84', '35', '29', '55', '97', '2', '95', '1', '76', '3', '71', '74', '61', '10', '94', '20', '47', '27', '72', '83', '64', '25', '4', '90', '65', '41', '43', '81', '44', '33', '24', '19', '89', '0', '62', '7', '49', '48', '32', '67', '16', '66', '87', '75', '40', '30', '91', '39', '59', '45', '26', '98', '46', '34', '69', '70', '82', '78', '13', '22', '86', '52', '50', '88', '5', '93', '8', '57', '6', '92', '23', '77', '42']"
gka_35.snap,0.01,0,0,[]
bqp50_1.snap,0.01,15,0.0,"['2', '25', '4', '49', '33', '19', '7', '32', '35', '14', '26', '3', '13', '5', '42']"
bqp50_2.snap,0.01,13,0.0,"['31', '33', '32', '9', '16', '40', '46', '34', '15', '28', '30', '5', '27']"
bqp50_3.snap,0.01,16,0.0,"['41', '43', '38', '44', '21', '32', '39', '0', '23', '15', '1', '22', '8', '20', '6', '42']"
bqp50_4.snap,0.01,14,0.0,"['18', '41', '43', '38', '17', '44', '21', '16', '45', '39', '14', '15', '10', '20']"
bqp50_5.snap,0.01,16,0.0,"['4', '37', '49', '33', '19', '32', '36', '45', '35', '34', '1', '28', '3', '13', '47', '27']"
bqp50_6.snap,0.01,14,0.0,"['18', '33', '24', '19', '21', '7', '36', '0', '1', '22', '8', '20', '6', '23']"
bqp50_7.snap,0.01,12,0.0,"['4', '43', '32', '16', '45', '39', '14', '2', '1', '13', '30', '23']"
bqp50_8.snap,0.01,20,0.0,"['25', '18', '41', '43', '38', '49', '48', '24', '19', '32', '40', '35', '0', '46', '23', '34', '3', '13', '5', '8']"
bqp50_9.snap,0.01,16,0.0,"['25', '41', '38', '44', '33', '24', '21', '16', '40', '39', '29', '14', '0', '34', '5', '20']"
bqp50_10.snap,0.01,13,0.0,"['18', '11', '43', '38', '44', '21', '40', '39', '26', '3', '30', '10', '8']"
bqp100_1.snap,0.01,46,0.0,"['18', '54', '53', '58', '60', '14', '56', '38', '80', '9', '73', '36', '95', '15', '1', '71', '74', '61', '10', '94', '27', '72', '83', '64', '4', '90', '41', '43', '89', '62', '7', '67', '66', '75', '91', '39', '78', '22', '52', '88', '5', '93', '57', '6', '92', '12']"
bqp100_2.snap,0.01,47,0.0,"['51', '11', '31', '28', '37', '53', '68', '79', '56', '21', '96', '9', '73', '36', '99', '2', '95', '15', '71', '74', '10', '94', '47', '27', '72', '64', '41', '48', '67', '16', '66', '87', '75', '40', '30', '39', '59', '26', '34', '69', '78', '22', '5', '93', '57', '23', '42']"
bqp100_3.snap,0.01,49,0.0,"['37', '17', '63', '18', '54', '53', '58', '68', '79', '80', '96', '9', '36', '99', '35', '97', '95', '1', '74', '61', '20', '47', '25', '4', '41', '33', '24', '19', '0', '62', '48', '16', '66', '40', '30', '91', '39', '98', '46', '34', '70', '22', '86', '52', '50', '5', '57', '6', '23']"
bqp100_4.snap,0.01,45,0.0,"['11', '85', '37', '58', '79', '21', '80', '73', '36', '35', '97', '15', '76', '3', '71', '61', '10', '83', '4', '41', '81', '44', '24', '89', '0', '7', '49', '48', '32', '66', '87', '75', '40', '45', '70', '13', '22', '86', '93', '8', '57', '6', '92', '23', '42']"
bqp100_5.snap,0.01,47,0.0,"['31', '85', '28', '37', '63', '18', '54', '68', '14', '79', '38', '96', '73', '99', '84', '55', '2', '1', '3', '71', '61', '94', '20', '72', '83', '25', '90', '65', '41', '43', '24', '19', '0', '48', '32', '87', '91', '39', '45', '26', '34', '22', '86', '5', '8', '6', '42']"
bqp100_6.snap,0.01,48,0.0,"['31', '85', '17', '63', '18', '53', '68', '56', '96', '9', '73', '99', '84', '35', '55', '97', '2', '15', '1', '10', '20', '47', '72', '83', '64', '90', '33', '0', '62', '48', '67', '16', '66', '30', '45', '26', '98', '46', '70', '82', '13', '22', '86', '50', '88', '93', '8', '42']"
bqp100_7.snap,0.01,47,0.0,"['37', '17', '18', '53', '60', '68', '38', '80', '96', '9', '73', '97', '95', '15', '1', '3', '61', '10', '94', '20', '47', '72', '4', '65', '41', '81', '44', '33', '24', '7', '49', '67', '66', '87', '75', '40', '30', '46', '70', '13', '86', '8', '57', '23', '77', '42', '12']"
bqp100_8.snap,0.01,48,0.0,"['51', '11', '85', '17', '18', '54', '68', '14', '56', '21', '38', '80', '96', '9', '35', '97', '2', '15', '71', '61', '20', '27', '72', '83', '25', '90', '65', '24', '32', '67', '66', '87', '75', '40', '30', '39', '45', '26', '69', '70', '82', '13', '86', '50', '93', '8', '57', '92']"
bqp100_9.snap,0.01,49,0.0,"['51', '85', '37', '18', '54', '53', '60', '68', '14', '80', '96', '9', '73', '35', '97', '3', '71', '10', '47', '27', '83', '25', '41', '43', '81', '44', '33', '24', '89', '62', '7', '49', '48', '32', '87', '40', '30', '69', '78', '13', '22', '52', '50', '5', '93', '57', '6', '77', '42']"
bqp100_10.snap,0.01,50,0.0,"['11', '31', '28', '17', '63', '18', '54', '60', '79', '21', '38', '73', '99', '55', '71', '74', '10', '20', '72', '83', '64', '4', '90', '43', '81', '19', '89', '62', '32', '16', '66', '87', '75', '40', '39', '59', '45', '26', '98', '34', '78', '5', '93', '57', '6', '92', '23', '77', '42', '12']"
aa10.snap,0.1,6,0.0,"['18', '17', '19', '24', '14', '1']"
aa11.snap,0.1,13,0.1,"['17', '18', '21', '29', '2', '15', '1', '3', '24', '19', '7', '13', '6']"
aa13.snap,0.1,12,0.1,"['28', '37', '21', '35', '15', '4', '0', '32', '24', '26', '22', '42']"
aa14.snap,0.1,27,0.1,"['11', '28', '37', '38', '17', '18', '21', '9', '35', '15', '3', '5', '20', '27', '25', '4', '43', '44', '16', '19', '32', '40', '26', '13', '6', '36', '23']"
aa15.snap,0.1,6,0.0,"['4', '28', '9', '3', '10', '8']"
aa16.snap,0.1,0,0,[]
aa17.snap,0.1,34,0.1,"['31', '28', '37', '38', '48', '32', '9', '29', '45', '23', '20', '1', '8', '10', '5', '47', '25', '43', '14', '24', '19', '53', '16', '12', '40', '30', '39', '6', '26', '34', '46', '13', '52', '27']"
aa18.snap,0.1,14,0.1,"['11', '41', '44', '21', '32', '24', '35', '29', '14', '2', '45', '3', '5', '8']"
aa19.snap,0.1,20,0.1,"['51', '37', '32', '36', '35', '5', '27', '25', '49', '38', '22', '60', '21', '9', '10', '20', '47', '4', '24', '56']"
aa20.snap,0.1,25,0.1,"['31', '53', '32', '45', '52', '5', '27', '25', '41', '43', '44', '19', '38', '30', '39', '36', '11', '50', '9', '55', '3', '47', '14', '34', '12']"
aa21.snap,0.1,0,0,[]
aa22.snap,0.1,16,0.1,"['11', '31', '28', '32', '21', '1', '41', '7', '6', '46', '14', '22', '0', '27', '36', '23']"
aa23.snap,0.1,19,0.1,"['51', '11', '18', '21', '38', '9', '29', '5', '25', '44', '33', '16', '7', '32', '40', '13', '23', '6', '42']"
aa24.snap,0.1,46,0.1,"['51', '31', '37', '63', '32', '36', '35', '29', '52', '15', '1', '8', '5', '20', '27', '23', '25', '17', '43', '44', '33', '40', '19', '49', '38', '30', '46', '42', '13', '22', '50', '18', '48', '55', '76', '3', '61', '10', '47', '7', '24', '2', '26', '70', '69', '12']"
aa25.snap,0.1,0,0,[]
aa26.snap,0.1,12,0.0,"['25', '31', '37', '38', '33', '19', '30', '29', '0', '1', '22', '5']"
aa27.snap,0.1,11,0.1,"['11', '31', '17', '9', '20', '27', '0', '40', '30', '6', '23']"
aa28.snap,0.1,32,0.1,"['51', '11', '31', '28', '37', '38', '18', '32', '60', '56', '9', '58', '45', '23', '20', '15', '1', '10', '47', '64', '25', '17', '41', '54', '24', '19', '16', '30', '59', '14', '13', '36']"
aa29.snap,0.1,23,0.1,"['54', '32', '38', '36', '45', '20', '25', '17', '43', '40', '58', '66', '68', '39', '42', '13', '6', '50', '21', '189', '61', '10', '24']"
aa30.snap,0.1,4,0.0,"['4', '2', '11', '7']"
aa31.snap,0.1,0,0,[]
aa32.snap,0.1,37,0.1,"['11', '21', '9', '55', '45', '15', '1', '59', '61', '25', '4', '17', '65', '43', '44', '33', '24', '19', '0', '49', '48', '32', '36', '60', '20', '107', '39', '46', '34', '40', '125', '13', '22', '52', '23', '57', '12']"
aa33.snap,0.1,4,0.0,"['37', '32', '33', '24']"
aa34.snap,0.1,13,0.1,"['11', '31', '37', '21', '35', '3', '5', '20', '16', '19', '36', '14', '13']"
aa35.snap,0.1,10,0.0,"['37', '21', '32', '16', '30', '14', '0', '13', '3', '20']"
aa36.snap,0.1,7,0.0,"['31', '17', '18', '21', '10', '32', '8']"
aa37.snap,0.1,4,0.0,"['18', '1', '28', '5']"
aa38.snap,0.1,35,0.1,"['31', '28', '18', '48', '21', '38', '56', '42', '66', '35', '29', '15', '50', '43', '65', '5', '47', '25', '52', '44', '33', '24', '16', '7', '49', '53', '39', '6', '26', '34', '14', '22', '0', '36', '23']"
aa39.snap,0.1,26,0.1,"['11', '31', '28', '18', '9', '12', '35', '29', '23', '3', '10', '129', '27', '17', '24', '5', '19', '7', '20', '30', '6', '26', '40', '13', '22', '50']"
aa40.snap,0.1,28,0.1,"['28', '37', '18', '48', '56', '21', '55', '15', '47', '27', '25', '41', '44', '33', '16', '0', '49', '53', '32', '40', '30', '46', '22', '52', '23', '50', '8', '12']"
aa41.snap,0.1,60,0.1,"['51', '28', '53', '79', '38', '36', '29', '45', '15', '1', '8', '71', '5', '27', '23', '64', '65', '44', '40', '19', '88', '49', '58', '66', '30', '68', '39', '46', '13', '86', '75', '22', '6', '11', '85', '50', '18', '48', '4', '21', '80', '84', '55', '3', '74', '10', '47', '72', '35', '14', '138', '7', '67', '87', '2', '26', '70', '69', '82', '56']"
aa42.snap,0.1,43,0.1,"['31', '28', '68', '59', '79', '75', '36', '35', '1', '65', '5', '23', '25', '33', '19', '49', '58', '66', '38', '20', '42', '78', '11', '85', '50', '18', '21', '80', '84', '55', '74', '61', '10', '47', '4', '81', '44', '16', '32', '24', '26', '69', '57']"
aa43.snap,0.1,18,0.1,"['4', '31', '28', '38', '16', '21', '32', '36', '39', '2', '1', '22', '30', '10', '5', '8', '20', '27']"
aa44.snap,0.1,12,0.1,"['25', '4', '16', '0', '23', '1', '3', '13', '22', '6', '12', '27']"
aa45.snap,0.1,20,0.1,"['4', '11', '38', '17', '33', '21', '24', '30', '35', '29', '2', '34', '42', '3', '22', '23', '12', '20', '6', '36']"
aa46.snap,0.1,13,0.0,"['54', '56', '45', '20', '8', '3', '14', '19', '16', '26', '13', '22', '0']"
aa47.snap,0.1,13,0.1,"['25', '18', '33', '19', '32', '16', '29', '2', '28', '22', '30', '20', '6']"
aa48.snap,0.1,17,0.1,"['18', '37', '38', '17', '33', '19', '7', '16', '9', '30', '0', '1', '34', '15', '23', '20', '27']"
aa49.snap,0.1,0,0,[]
aa50.snap,0.1,19,0.1,"['11', '31', '18', '21', '58', '35', '29', '33', '7', '49', '53', '24', '39', '59', '22', '52', '50', '5', '23']"
aa51.snap,0.1,11,0.0,"['11', '41', '43', '17', '7', '9', '24', '35', '42', '3', '6']"
aa52.snap,0.1,12,0.1,"['25', '18', '11', '17', '24', '21', '29', '0', '1', '3', '30', '12']"
aa53.snap,0.1,13,0.1,"['31', '26', '33', '40', '38', '16', '24', '34', '42', '3', '20', '36', '27']"
aa54.snap,0.1,14,0.1,"['18', '31', '28', '43', '26', '40', '19', '35', '29', '14', '42', '15', '12', '20']"
j10.snap,0.1,3,0.0,"['14', '0', '8']"
j11.snap,0.1,5,0.0,"['25', '18', '17', '19', '24']"
j13.snap,0.1,4,0.0,"['17', '24', '29', '5']"
j14.snap,0.1,3,0.0,"['0', '4', '16']"
j15.snap,0.1,0,0,[]
j16.snap,0.1,0,0,[]
j17.snap,0.1,10,0.0,"['25', '11', '21', '9', '2', '23', '15', '8', '6', '27']"
j18.snap,0.1,9,0.0,"['18', '11', '9', '45', '2', '46', '3', '6', '42']"
j19.snap,0.1,3,0.0,"['16', '2', '5']"
j20.snap,0.1,0,0,[]
j21.snap,0.1,2,0.0,"['4', '7']"
j22.snap,0.1,9,0.0,"['41', '43', '37', '26', '44', '40', '32', '36', '35']"
j23.snap,0.1,19,0.1,"['2', '41', '37', '49', '17', '24', '19', '21', '7', '40', '45', '29', '3', '30', '10', '5', '8', '20', '42']"
j24.snap,0.1,3,0.0,"['40', '20', '35']"
j25.snap,0.1,0,0,[]
j26.snap,0.1,6,0.0,"['21', '26', '28', '3', '24', '27']"
j28.snap,0.1,13,0.0,"['41', '43', '38', '44', '40', '9', '39', '42', '52', '12', '10', '5', '8']"
gka_1.snap,0.1,9,0.0,"['11', '38', '7', '9', '40', '15', '10', '12', '23']"
gka_2.snap,0.1,17,0.1,"['31', '28', '38', '48', '19', '33', '32', '36', '29', '14', '2', '23', '12', '22', '30', '5', '42']"
gka_3.snap,0.1,24,0.1,"['64', '41', '43', '17', '26', '54', '60', '68', '19', '49', '24', '35', '29', '1', '55', '38', '46', '56', '34', '3', '59', '23', '47', '36']"
gka_4.snap,0.1,33,0.1,"['65', '31', '41', '43', '37', '49', '17', '40', '68', '79', '62', '38', '53', '16', '9', '24', '35', '14', '1', '55', '2', '42', '76', '71', '78', '22', '23', '50', '61', '20', '57', '77', '69']"
gka_5.snap,0.1,23,0.1,"['25', '4', '11', '43', '49', '44', '48', '19', '21', '32', '16', '40', '35', '29', '14', '46', '23', '34', '3', '5', '47', '6', '42']"
gka_6.snap,0.1,16,0.0,"['25', '4', '18', '2', '28', '24', '17', '15', '16', '19', '22', '5', '8', '6', '27', '23']"
gka_7.snap,0.1,18,0.0,"['29', '2', '28', '1', '24', '17', '15', '14', '22', '0', '12', '21', '5', '8', '9', '6', '27', '23']"
gka_8.snap,0.1,33,0.1,"['51', '31', '17', '63', '54', '60', '9', '73', '35', '29', '97', '10', '94', '20', '27', '72', '25', '4', '90', '41', '24', '62', '87', '16', '59', '26', '98', '78', '50', '93', '6', '92', '12']"
gka_9.snap,0.1,2,0.0,"['5', '4']"
gka_10.snap,0.1,8,0.0,"['4', '10', '0', '2', '11', '7', '8', '9']"
gka_11.snap,0.1,10,0.0,"['4', '0', '2', '7', '5', '9', '1', '6', '12', '3']"
gka_12.snap,0.1,20,0.0,"['18', '11', '1', '12', '17', '2', '15', '14', '16', '19', '22', '4', '21', '10', '7', '5', '8', '20', '9', '6']"
gka_13.snap,0.1,16,0.0,"['19', '0', '4', '18', '10', '13', '11', '8', '9', '1', '17', '2', '14', '16', '6', '3']"
gka_14.snap,0.1,22,0.0,"['9', '25', '0', '18', '11', '17', '2', '15', '14', '3', '16', '13', '19', '4', '12', '21', '7', '5', '8', '20', '6', '24']"
gka_15.snap,0.1,0,0,[]
gka_16.snap,0.1,0,0,[]
gka_17.snap,0.1,0,0,[]
gka_18.snap,0.1,2,0.0,"['1', '3']"
gka_19.snap,0.1,31,0.0,"['35', '9', '21', '29', '14', '25', '4', '18', '26', '34', '1', '17', '15', '13', '19', '22', '0', '33', '10', '7', '38', '2', '32', '5', '8', '12', '6', '36', '24', '30', '27']"
gka_20.snap,0.1,39,0.1,"['2', '25', '4', '18', '11', '31', '41', '37', '38', '49', '17', '33', '48', '24', '32', '9', '36', '16', '40', '35', '39', '29', '0', '26', '46', '23', '15', '28', '3', '13', '22', '10', '8', '20', '47', '6', '27', '42', '12']"
gka_21.snap,0.1,41,0.1,"['25', '4', '18', '11', '31', '41', '28', '43', '38', '17', '54', '48', '16', '59', '33', '21', '7', '49', '32', '36', '40', '35', '39', '29', '14', '0', '55', '46', '34', '52', '1', '3', '22', '10', '5', '8', '20', '47', '6', '27', '42']"
gka_22.snap,0.1,46,0.1,"['64', '4', '18', '51', '11', '31', '41', '28', '43', '37', '17', '26', '54', '33', '48', '60', '68', '19', '21', '53', '67', '16', '66', '24', '30', '35', '39', '29', '0', '1', '38', '45', '46', '34', '50', '13', '3', '52', '61', '5', '8', '57', '36', '27', '69', '12']"
gka_23.snap,0.1,51,0.1,"['64', '25', '4', '18', '51', '65', '41', '28', '39', '43', '37', '49', '26', '44', '54', '33', '70', '58', '60', '40', '68', '79', '21', '67', '24', '35', '29', '14', '0', '1', '55', '45', '73', '42', '76', '71', '78', '13', '22', '52', '74', '23', '10', '8', '20', '47', '6', '57', '36', '56', '27']"
gka_24.snap,0.1,43,0.1,"['51', '11', '37', '18', '54', '58', '79', '38', '56', '84', '35', '80', '2', '15', '3', '66', '10', '47', '27', '72', '83', '64', '25', '4', '33', '24', '19', '62', '7', '49', '67', '30', '39', '59', '45', '46', '34', '70', '82', '6', '23', '69', '42']"
gka_25.snap,0.1,47,0.1,"['31', '63', '53', '60', '68', '14', '38', '96', '9', '36', '55', '15', '1', '74', '47', '72', '83', '25', '4', '65', '41', '81', '44', '33', '19', '49', '32', '67', '39', '59', '45', '26', '98', '34', '82', '13', '52', '50', '88', '5', '93', '8', '57', '6', '92', '42', '12']"
gka_26.snap,0.1,50,0.1,"['51', '11', '31', '28', '37', '53', '68', '14', '56', '21', '38', '80', '96', '9', '73', '36', '99', '55', '2', '95', '15', '76', '3', '71', '10', '20', '72', '25', '41', '43', '89', '7', '48', '67', '40', '30', '45', '26', '46', '82', '78', '13', '22', '5', '93', '6', '92', '23', '77', '12']"
gka_27.snap,0.1,65,0.1,"['51', '11', '31', '85', '28', '37', '17', '63', '54', '53', '58', '60', '68', '14', '56', '21', '38', '36', '99', '84', '29', '2', '15', '76', '3', '71', '74', '61', '10', '94', '20', '47', '72', '83', '64', '25', '4', '41', '81', '44', '33', '19', '89', '48', '67', '16', '66', '87', '75', '40', '91', '59', '45', '26', '34', '70', '78', '52', '50', '93', '57', '6', '92', '23', '42']"
gka_28.snap,0.1,74,0.1,"['51', '31', '37', '17', '63', '18', '53', '60', '68', '14', '56', '21', '38', '80', '96', '9', '73', '36', '99', '35', '29', '55', '97', '2', '95', '1', '76', '3', '74', '10', '94', '47', '27', '72', '25', '4', '90', '65', '43', '44', '33', '24', '19', '0', '7', '49', '48', '67', '16', '66', '87', '75', '91', '59', '45', '26', '98', '46', '34', '69', '70', '78', '13', '86', '50', '88', '5', '93', '57', '92', '23', '77', '42', '12']"
gka_29.snap,0.1,80,0.1,"['51', '85', '28', '37', '17', '63', '53', '58', '60', '14', '79', '38', '73', '36', '99', '84', '35', '29', '55', '97', '2', '15', '1', '3', '71', '74', '61', '10', '94', '27', '72', '83', '64', '25', '4', '90', '65', '41', '43', '81', '44', '33', '24', '19', '89', '0', '62', '7', '49', '48', '32', '67', '16', '66', '87', '75', '40', '30', '91', '39', '59', '45', '26', '98', '46', '34', '69', '70', '82', '78', '22', '86', '5', '8', '57', '6', '92', '23', '42', '12']"
gka_30.snap,0.1,85,0.1,"['51', '11', '31', '85', '28', '37', '17', '63', '18', '54', '53', '58', '60', '68', '14', '79', '56', '21', '80', '96', '73', '36', '99', '84', '35', '29', '55', '2', '95', '15', '1', '76', '3', '71', '61', '10', '94', '20', '47', '27', '72', '83', '64', '25', '4', '90', '41', '43', '81', '33', '24', '19', '89', '0', '7', '48', '32', '67', '16', '66', '87', '75', '40', '30', '39', '59', '45', '26', '98', '46', '69', '70', '82', '13', '86', '52', '50', '88', '5', '8', '92', '23', '77', '42', '12']"
gka_31.snap,0.1,88,0.1,"['51', '11', '31', '85', '28', '37', '17', '63', '18', '54', '53', '58', '68', '14', '56', '38', '80', '36', '99', '84', '35', '29', '55', '97', '95', '15', '1', '76', '3', '71', '74', '61', '10', '94', '20', '47', '27', '72', '64', '25', '4', '90', '65', '41', '43', '81', '44', '33', '24', '19', '89', '62', '7', '49', '48', '32', '67', '16', '66', '87', '75', '40', '30', '91', '39', '59', '45', '26', '98', '34', '69', '70', '78', '13', '22', '86', '52', '50', '88', '93', '8', '57', '6', '92', '23', '77', '42', '12']"
gka_32.snap,0.1,90,0.1,"['51', '11', '31', '85', '28', '17', '63', '18', '54', '53', '58', '60', '68', '14', '79', '56', '21', '38', '80', '96', '73', '36', '99', '84', '35', '29', '55', '97', '2', '95', '15', '1', '76', '3', '71', '74', '61', '10', '94', '20', '47', '27', '83', '64', '25', '90', '65', '41', '43', '81', '44', '33', '24', '19', '89', '0', '62', '49', '48', '32', '67', '16', '66', '75', '40', '30', '91', '39', '59', '98', '46', '34', '69', '70', '82', '78', '13', '22', '52', '50', '88', '93', '8', '57', '6', '92', '23', '77', '42', '12']"
gka_33.snap,0.1,98,0.1,"['51', '11', '31', '85', '28', '37', '17', '63', '18', '54', '53', '58', '60', '68', '14', '79', '56', '21', '38', '80', '96', '9', '73', '36', '99', '84', '35', '29', '55', '97', '2', '95', '1', '76', '3', '71', '74', '61', '10', '94', '20', '47', '27', '72', '83', '64', '25', '4', '90', '65', '41', '43', '81', '44', '33', '24', '19', '89', '0', '62', '7', '49', '48', '32', '67', '16', '66', '87', '75', '40', '30', '91', '39', '59', '45', '26', '98', '46', '34', '69', '70', '82', '78', '13', '22', '86', '52', '50', '88', '5', '93', '8', '57', '6', '92', '23', '77', '42']"
gka_34.snap,0.1,98,0.1,"['51', '11', '31', '85', '28', '37', '17', '63', '18', '54', '53', '58', '60', '68', '14', '79', '56', '21', '38', '80', '96', '9', '73', '36', '99', '84', '35', '29', '55', '97', '2', '95', '1', '76', '3', '71', '74', '61', '10', '94', '20', '47', '27', '72', '83', '64', '25', '4', '90', '65', '41', '43', '81', '44', '33', '24', '19', '89', '0', '62', '7', '49', '48', '32', '67', '16', '66', '87', '75', '40', '30', '91', '39', '59', '45', '26', '98', '46', '34', '69', '70', '82', '78', '13', '22', '86', '52', '50', '88', '5', '93', '8', '57', '6', '92', '23', '77', '42']"
gka_35.snap,0.1,0,0,[]
bqp50_1.snap,0.1,12,0.1,"['31', '37', '38', '33', '24', '32', '45', '14', '15', '5', '47', '6']"
bqp50_2.snap,0.1,11,0.0,"['31', '41', '33', '21', '9', '46', '28', '30', '10', '5', '27']"
bqp50_3.snap,0.1,14,0.1,"['41', '43', '37', '44', '48', '9', '40', '39', '46', '23', '22', '10', '8', '42']"
bqp50_4.snap,0.1,11,0.1,"['41', '17', '19', '7', '36', '45', '14', '28', '13', '20', '23']"
bqp50_5.snap,0.1,15,0.1,"['31', '43', '37', '33', '32', '36', '45', '35', '14', '23', '34', '1', '28', '22', '20']"
bqp50_6.snap,0.1,9,0.1,"['11', '37', '21', '16', '15', '8', '20', '6', '23']"
bqp50_7.snap,0.1,9,0.0,"['16', '45', '39', '2', '1', '30', '5', '47', '23']"
bqp50_8.snap,0.1,17,0.1,"['25', '18', '37', '17', '48', '24', '19', '36', '45', '35', '29', '14', '0', '28', '8', '47', '12']"
bqp50_9.snap,0.1,12,0.1,"['41', '17', '40', '29', '14', '26', '15', '1', '10', '20', '23', '27']"
bqp50_10.snap,0.1,11,0.1,"['25', '18', '41', '24', '21', '39', '29', '26', '30', '6', '12']"
bqp100_1.snap,0.1,46,0.1,"['18', '54', '53', '58', '60', '14', '56', '38', '80', '9', '73', '36', '95', '15', '1', '71', '74', '61', '10', '94', '27', '72', '83', '64', '4', '90', '41', '43', '89', '62', '7', '67', '66', '75', '91', '39', '78', '22', '52', '88', '5', '93', '57', '6', '92', '12']"
bqp100_2.snap,0.1,47,0.1,"['51', '11', '31', '28', '37', '53', '68', '79', '56', '21', '96', '9', '73', '36', '99', '2', '95', '15', '71', '74', '10', '94', '47', '27', '72', '64', '41', '48', '67', '16', '66', '87', '75', '40', '30', '39', '59', '26', '34', '69', '78', '22', '5', '93', '57', '23', '42']"
bqp100_3.snap,0.1,49,0.1,"['37', '17', '63', '18', '54', '53', '58', '68', '79', '80', '96', '9', '36', '99', '35', '97', '95', '1', '74', '61', '20', '47', '25', '4', '41', '33', '24', '19', '0', '62', '48', '16', '66', '40', '30', '91', '39', '98', '46', '34', '70', '22', '86', '52', '50', '5', '57', '6', '23']"
bqp100_4.snap,0.1,45,0.1,"['11', '85', '37', '58', '79', '21', '80', '73', '36', '35', '97', '15', '76', '3', '71', '61', '10', '83', '4', '41', '81', '44', '24', '89', '0', '7', '49', '48', '32', '66', '87', '75', '40', '45', '70', '13', '22', '86', '93', '8', '57', '6', '92', '23', '42']"
bqp100_5.snap,0.1,47,0.1,"['31', '85', '28', '37', '63', '18', '54', '68', '14', '79', '38', '96', '73', '99', '84', '55', '2', '1', '3', '71', '61', '94', '20', '72', '83', '25', '90', '65', '41', '43', '24', '19', '0', '48', '32', '87', '91', '39', '45', '26', '34', '22', '86', '5', '8', '6', '42']"
bqp100_6.snap,0.1,48,0.1,"['31', '85', '17', '63', '18', '53', '68', '56', '96', '9', '73', '99', '84', '35', '55', '97', '2', '15', '1', '10', '20', '47', '72', '83', '64', '90', '33', '0', '62', '48', '67', '16', '66', '30', '45', '26', '98', '46', '70', '82', '13', '22', '86', '50', '88', '93', '8', '42']"
bqp100_7.snap,0.1,47,0.1,"['37', '17', '18', '53', '60', '68', '38', '80', '96', '9', '73', '97', '95', '15', '1', '3', '61', '10', '94', '20', '47', '72', '4', '65', '41', '81', '44', '33', '24', '7', '49', '67', '66', '87', '75', '40', '30', '46', '70', '13', '86', '8', '57', '23', '77', '42', '12']"
bqp100_8.snap,0.1,48,0.1,"['51', '11', '85', '17', '18', '54', '68', '14', '56', '21', '38', '80', '96', '9', '35', '97', '2', '15', '71', '61', '20', '27', '72', '83', '25', '90', '65', '24', '32', '67', '66', '87', '75', '40', '30', '39', '45', '26', '69', '70', '82', '13', '86', '50', '93', '8', '57', '92']"
bqp100_9.snap,0.1,49,0.1,"['51', '85', '37', '18', '54', '53', '60', '68', '14', '80', '96', '9', '73', '35', '97', '3', '71', '10', '47', '27', '83', '25', '41', '43', '81', '44', '33', '24', '89', '62', '7', '49', '48', '32', '87', '40', '30', '69', '78', '13', '22', '52', '50', '5', '93', '57', '6', '77', '42']"
bqp100_10.snap,0.1,50,0.1,"['11', '31', '28', '17', '63', '18', '54', '60', '79', '21', '38', '73', '99', '55', '71', '74', '10', '20', '72', '83', '64', '4', '90', '43', '81', '19', '89', '62', '32', '16', '66', '87', '75', '40', '39', '59', '45', '26', '98', '34', '78', '5', '93', '57', '6', '92', '23', '77', '42', '12']"
aa10.snap,1,6,0.0,"['18', '17', '19', '24', '14', '1']"
aa11.snap,1,11,0.1,"['11', '17', '18', '21', '29', '15', '1', '74', '19', '7', '6']"
aa13.snap,1,12,0.1,"['28', '37', '21', '35', '15', '4', '0', '32', '24', '26', '22', '42']"
aa14.snap,1,19,0.2,"['38', '35', '29', '2', '15', '10', '5', '27', '41', '33', '16', '7', '24', '26', '13', '8', '6', '36', '12']"
aa15.snap,1,6,0.0,"['4', '28', '9', '3', '10', '8']"
aa16.snap,1,0,0,[]
aa17.snap,1,25,0.3,"['11', '31', '38', '48', '32', '9', '23', '1', '8', '10', '5', '25', '17', '24', '19', '16', '12', '6', '2', '26', '13', '22', '52', '27', '15']"
aa18.snap,1,14,0.1,"['11', '41', '44', '21', '32', '24', '35', '29', '14', '2', '45', '3', '5', '8']"
aa19.snap,1,19,0.1,"['37', '32', '36', '35', '5', '27', '25', '49', '38', '22', '60', '21', '9', '10', '20', '47', '4', '24', '56']"
aa20.snap,1,19,0.1,"['28', '53', '45', '52', '5', '25', '41', '43', '44', '30', '39', '36', '50', '9', '55', '47', '14', '16', '26']"
aa21.snap,1,0,0,[]
aa22.snap,1,16,0.1,"['11', '31', '28', '32', '21', '1', '41', '7', '6', '46', '14', '22', '0', '27', '36', '23']"
aa23.snap,1,18,0.1,"['51', '31', '18', '21', '38', '9', '29', '5', '44', '33', '16', '7', '40', '13', '23', '8', '6', '42']"
aa24.snap,1,21,0.1,"['31', '37', '63', '32', '36', '35', '29', '1', '20', '33', '49', '30', '13', '55', '76', '3', '61', '2', '70', '69', '12']"
aa25.snap,1,0,0,[]
aa26.snap,1,12,0.0,"['25', '31', '37', '38', '33', '19', '30', '29', '0', '1', '22', '5']"
aa27.snap,1,11,0.1,"['11', '31', '17', '9', '20', '27', '0', '40', '30', '6', '23']"
aa28.snap,1,27,0.3,"['51', '11', '31', '28', '37', '18', '32', '60', '56', '9', '58', '45', '15', '1', '64', '25', '17', '54', '24', '30', '59', '2', '40', '46', '14', '13', '36']"
aa29.snap,1,21,0.1,"['54', '38', '36', '29', '45', '15', '20', '25', '17', '33', '40', '58', '66', '68', '42', '13', '6', '21', '10', '14', '7']"
aa30.snap,1,4,0.0,"['4', '2', '11', '7']"
aa31.snap,1,0,0,[]
aa32.snap,1,30,0.5,"['11', '18', '21', '56', '9', '35', '55', '45', '1', '59', '27', '25', '4', '33', '24', '19', '0', '32', '36', '60', '16', '20', '30', '39', '26', '14', '52', '23', '57', '6']"
aa33.snap,1,4,0.0,"['37', '32', '33', '24']"
aa34.snap,1,13,0.1,"['11', '31', '37', '21', '35', '3', '5', '20', '16', '19', '36', '14', '13']"
aa35.snap,1,10,0.0,"['37', '21', '32', '16', '30', '14', '0', '13', '3', '20']"
aa36.snap,1,7,0.0,"['31', '17', '18', '21', '10', '32', '8']"
aa37.snap,1,4,0.0,"['18', '1', '28', '5']"
aa38.snap,1,26,0.1,"['63', '18', '48', '21', '38', '56', '42', '35', '29', '50', '65', '5', '47', '25', '52', '41', '16', '62', '7', '49', '39', '6', '26', '14', '22', '0']"
aa39.snap,1,23,0.1,"['11', '31', '28', '18', '9', '35', '29', '23', '3', '10', '129', '27', '17', '24', '5', '19', '7', '20', '30', '6', '40', '13', '22']"
aa40.snap,1,22,0.1,"['28', '37', '18', '48', '58', '56', '55', '45', '47', '27', '41', '44', '33', '16', '32', '40', '26', '46', '52', '50', '8', '12']"
aa41.snap,1,40,0.4,"['51', '63', '79', '29', '15', '1', '8', '71', '20', '23', '41', '44', '33', '49', '58', '66', '30', '68', '13', '86', '6', '11', '50', '18', '48', '21', '76', '74', '61', '10', '47', '72', '14', '62', '7', '87', '2', '56', '57', '12']"
aa42.snap,1,30,0.3,"['31', '28', '59', '79', '75', '35', '1', '71', '65', '5', '33', '49', '58', '66', '20', '78', '85', '50', '18', '80', '84', '22', '74', '61', '10', '47', '81', '16', '32', '69']"
aa43.snap,1,18,0.1,"['4', '31', '28', '38', '16', '21', '32', '36', '39', '2', '1', '22', '30', '10', '5', '8', '20', '27']"
aa44.snap,1,10,0.1,"['25', '4', '18', '21', '7', '16', '14', '23', '5', '27']"
aa45.snap,1,20,0.1,"['4', '11', '38', '17', '33', '21', '24', '30', '35', '29', '2', '34', '42', '3', '22', '23', '12', '20', '6', '36']"
aa46.snap,1,13,0.0,"['54', '56', '45', '20', '8', '3', '14', '19', '16', '26', '13', '22', '0']"
aa47.snap,1,13,0.1,"['25', '18', '33', '19', '32', '16', '29', '2', '28', '22', '30', '20', '6']"
aa48.snap,1,17,0.1,"['18', '37', '38', '17', '33', '19', '7', '16', '9', '30', '0', '1', '34', '15', '23', '20', '27']"
aa49.snap,1,0,0,[]
aa50.snap,1,18,0.1,"['11', '31', '18', '21', '58', '35', '29', '33', '7', '49', '53', '24', '39', '59', '22', '52', '5', '23']"
aa51.snap,1,11,0.0,"['11', '41', '43', '17', '7', '9', '24', '35', '42', '3', '6']"
aa52.snap,1,12,0.1,"['25', '18', '11', '17', '24', '21', '29', '0', '1', '3', '30', '12']"
aa53.snap,1,12,0.1,"['31', '37', '26', '33', '38', '24', '2', '34', '42', '3', '12', '27']"
aa54.snap,1,12,0.1,"['18', '31', '26', '40', '19', '16', '35', '29', '42', '15', '12', '20']"
j10.snap,1,3,0.0,"['14', '0', '8']"
j11.snap,1,5,0.0,"['25', '18', '17', '19', '24']"
j13.snap,1,4,0.0,"['17', '24', '29', '5']"
j14.snap,1,3,0.0,"['0', '4', '16']"
j15.snap,1,0,0,[]
j16.snap,1,0,0,[]
j17.snap,1,10,0.0,"['25', '11', '21', '9', '2', '23', '15', '8', '6', '27']"
j18.snap,1,9,0.0,"['18', '11', '9', '45', '2', '46', '3', '6', '42']"
j19.snap,1,3,0.0,"['16', '2', '5']"
j20.snap,1,0,0,[]
j21.snap,1,2,0.0,"['4', '7']"
j22.snap,1,9,0.0,"['41', '43', '37', '26', '44', '40', '32', '36', '35']"
j23.snap,1,19,0.1,"['2', '41', '37', '49', '17', '24', '19', '21', '7', '40', '45', '29', '3', '30', '10', '5', '8', '20', '42']"
j24.snap,1,3,0.0,"['40', '20', '35']"
j25.snap,1,0,0,[]
j26.snap,1,6,0.0,"['21', '26', '28', '3', '24', '27']"
j28.snap,1,13,0.0,"['41', '43', '38', '44', '40', '9', '39', '42', '52', '12', '10', '5', '8']"
gka_1.snap,1,9,0.0,"['11', '38', '7', '9', '40', '15', '10', '12', '23']"
gka_2.snap,1,16,0.2,"['51', '31', '38', '44', '33', '9', '36', '24', '35', '2', '12', '1', '3', '22', '30', '27']"
gka_3.snap,1,23,0.7,"['64', '11', '31', '43', '17', '54', '48', '60', '19', '29', '1', '55', '38', '45', '46', '15', '3', '59', '22', '52', '47', '57', '69']"
gka_4.snap,1,28,1.0,"['18', '65', '31', '28', '43', '37', '49', '17', '40', '68', '62', '53', '9', '24', '35', '14', '1', '2', '46', '76', '50', '61', '10', '5', '20', '57', '27', '69']"
gka_5.snap,1,22,0.1,"['25', '11', '43', '49', '17', '33', '48', '21', '9', '45', '35', '39', '14', '26', '46', '23', '34', '15', '13', '5', '47', '6']"
gka_6.snap,1,16,0.0,"['25', '4', '18', '2', '28', '24', '17', '15', '16', '19', '22', '5', '8', '6', '27', '23']"
gka_7.snap,1,18,0.0,"['29', '2', '28', '1', '24', '17', '15', '14', '22', '0', '12', '21', '5', '8', '9', '6', '27', '23']"
gka_8.snap,1,28,1.0,"['11', '31', '85', '63', '53', '60', '68', '79', '9', '55', '95', '15', '3', '94', '20', '25', '4', '36', '75', '16', '59', '26', '98', '13', '86', '93', '92', '12']"
gka_9.snap,1,2,0.0,"['5', '4']"
gka_10.snap,1,8,0.0,"['4', '10', '0', '2', '11', '7', '8', '9']"
gka_11.snap,1,10,0.0,"['4', '0', '2', '7', '5', '9', '1', '6', '12', '3']"
gka_12.snap,1,20,0.0,"['18', '11', '1', '12', '17', '2', '15', '14', '16', '19', '22', '4', '21', '10', '7', '5', '8', '20', '9', '6']"
gka_13.snap,1,16,0.0,"['19', '0', '4', '18', '10', '13', '11', '8', '9', '1', '17', '2', '14', '16', '6', '3']"
gka_14.snap,1,22,0.0,"['9', '25', '0', '18', '11', '17', '2', '15', '14', '3', '16', '13', '19', '4', '12', '21', '7', '5', '8', '20', '6', '24']"
gka_15.snap,1,0,0,[]
gka_16.snap,1,0,0,[]
gka_17.snap,1,0,0,[]
gka_18.snap,1,2,0.0,"['1', '3']"
gka_19.snap,1,31,0.0,"['35', '9', '21', '29', '14', '25', '4', '18', '26', '34', '1', '17', '15', '13', '19', '22', '0', '33', '10', '7', '38', '2', '32', '5', '8', '12', '6', '36', '24', '30', '27']"
gka_20.snap,1,39,0.2,"['2', '25', '4', '18', '11', '31', '41', '37', '38', '49', '17', '33', '48', '24', '32', '9', '36', '16', '40', '35', '39', '29', '0', '26', '46', '23', '15', '28', '3', '13', '22', '10', '8', '20', '47', '6', '27', '42', '12']"
gka_21.snap,1,40,0.3,"['25', '4', '18', '11', '31', '41', '28', '43', '38', '17', '54', '48', '16', '59', '33', '21', '7', '49', '36', '35', '39', '29', '14', '0', '55', '2', '46', '34', '52', '1', '3', '22', '10', '5', '8', '20', '47', '6', '27', '42']"
gka_22.snap,1,43,1.0,"['18', '51', '11', '41', '28', '37', '17', '44', '58', '60', '40', '19', '7', '49', '67', '16', '9', '66', '30', '35', '39', '29', '0', '1', '38', '45', '46', '56', '34', '42', '15', '13', '3', '59', '22', '52', '61', '5', '8', '20', '57', '36', '69']"
gka_23.snap,1,47,1.0,"['64', '25', '4', '18', '51', '65', '11', '31', '28', '39', '37', '63', '44', '54', '33', '70', '58', '40', '68', '79', '62', '21', '38', '67', '9', '66', '30', '35', '29', '0', '1', '45', '15', '76', '71', '78', '3', '59', '52', '74', '8', '75', '20', '57', '56', '27', '69']"
gka_24.snap,1,39,1.0,"['51', '11', '58', '60', '89', '68', '21', '38', '56', '73', '84', '9', '55', '80', '2', '10', '65', '5', '72', '83', '25', '4', '81', '33', '24', '19', '62', '7', '67', '16', '87', '75', '30', '59', '34', '82', '22', '23', '42']"
gka_25.snap,1,45,1.0,"['31', '63', '53', '68', '14', '79', '21', '38', '96', '55', '97', '15', '1', '74', '47', '72', '83', '25', '4', '65', '41', '81', '44', '33', '19', '0', '49', '32', '67', '26', '98', '34', '69', '82', '13', '86', '52', '50', '5', '93', '8', '57', '6', '42', '12']"
gka_26.snap,1,43,1.0,"['11', '28', '63', '54', '60', '68', '14', '79', '21', '38', '99', '35', '55', '97', '95', '1', '71', '74', '10', '20', '72', '64', '25', '43', '81', '7', '48', '40', '59', '45', '26', '46', '34', '70', '82', '78', '13', '50', '93', '6', '23', '42', '12']"
gka_27.snap,1,63,1.0,"['51', '11', '85', '28', '37', '17', '63', '53', '58', '68', '56', '9', '73', '36', '99', '35', '29', '55', '2', '15', '74', '61', '10', '94', '47', '72', '83', '90', '41', '81', '44', '33', '24', '19', '89', '0', '7', '49', '48', '16', '66', '75', '40', '30', '91', '59', '45', '26', '98', '70', '82', '78', '22', '52', '50', '88', '8', '57', '6', '92', '23', '77', '42']"
gka_28.snap,1,71,1.0,"['51', '31', '85', '28', '37', '17', '63', '18', '54', '53', '58', '60', '68', '79', '56', '21', '80', '9', '73', '99', '84', '29', '55', '97', '2', '95', '15', '76', '71', '74', '10', '47', '27', '83', '25', '4', '33', '24', '19', '0', '62', '7', '49', '48', '67', '16', '66', '75', '40', '91', '39', '59', '45', '26', '98', '46', '34', '70', '82', '13', '22', '50', '5', '93', '57', '6', '92', '23', '77', '42', '12']"
gka_29.snap,1,79,1.0,"['51', '85', '28', '37', '63', '53', '58', '60', '14', '79', '38', '73', '36', '99', '84', '35', '29', '55', '97', '2', '95', '15', '1', '3', '71', '74', '61', '10', '94', '27', '72', '83', '64', '25', '4', '90', '65', '41', '43', '81', '44', '33', '24', '19', '89', '0', '62', '7', '49', '48', '32', '67', '16', '66', '87', '40', '30', '91', '39', '59', '45', '26', '98', '46', '34', '69', '70', '82', '78', '22', '86', '5', '8', '57', '6', '92', '23', '42', '12']"
gka_30.snap,1,83,1.0,"['11', '31', '85', '28', '37', '17', '63', '18', '54', '53', '60', '68', '14', '79', '56', '21', '80', '96', '9', '73', '36', '99', '84', '35', '29', '55', '97', '2', '95', '15', '1', '76', '3', '71', '74', '61', '10', '94', '20', '47', '83', '64', '25', '4', '90', '41', '81', '44', '33', '24', '19', '89', '0', '7', '32', '67', '16', '66', '87', '75', '40', '30', '39', '59', '26', '98', '46', '34', '69', '70', '82', '13', '22', '86', '52', '88', '5', '8', '57', '6', '92', '77', '12']"
gka_31.snap,1,87,1.0,"['51', '11', '31', '85', '28', '17', '63', '53', '58', '60', '68', '14', '79', '21', '38', '80', '96', '36', '84', '35', '29', '55', '95', '15', '1', '76', '3', '71', '74', '61', '10', '94', '20', '47', '27', '72', '83', '64', '25', '4', '90', '65', '41', '43', '81', '44', '33', '24', '19', '89', '0', '62', '7', '49', '48', '32', '67', '16', '66', '87', '75', '40', '30', '91', '39', '59', '26', '98', '46', '34', '69', '70', '82', '78', '13', '22', '52', '50', '88', '5', '93', '8', '6', '92', '23', '77', '42']"
gka_32.snap,1,89,1.0,"['51', '11', '31', '85', '28', '17', '63', '18', '54', '53', '58', '60', '68', '14', '79', '56', '21', '38', '80', '96', '73', '36', '99', '84', '35', '29', '55', '97', '2', '95', '15', '1', '76', '3', '71', '74', '61', '10', '94', '20', '47', '27', '83', '64', '25', '4', '90', '65', '41', '43', '81', '33', '24', '19', '89', '0', '62', '49', '48', '32', '67', '16', '66', '75', '40', '91', '39', '59', '98', '46', '34', '69', '70', '82', '78', '13', '22', '86', '52', '50', '88', '93', '8', '57', '6', '23', '77', '42', '12']"
gka_33.snap,1,90,1.0,"['51', '31', '85', '28', '37', '17', '63', '18', '54', '53', '58', '60', '68', '14', '79', '56', '21', '38', '80', '9', '73', '36', '99', '84', '35', '29', '55', '97', '95', '15', '1', '76', '3', '71', '74', '61', '10', '94', '47', '27', '72', '83', '64', '4', '90', '65', '41', '43', '81', '44', '33', '24', '19', '89', '62', '7', '49', '48', '32', '67', '16', '66', '75', '40', '30', '39', '59', '45', '26', '98', '46', '34', '69', '70', '82', '78', '13', '22', '86', '52', '50', '88', '5', '93', '8', '6', '92', '23', '77', '42']"
gka_34.snap,1,92,1.0,"['51', '11', '31', '85', '28', '37', '63', '18', '54', '53', '58', '60', '14', '79', '56', '21', '38', '80', '96', '9', '73', '36', '99', '84', '35', '29', '55', '97', '2', '95', '15', '1', '3', '71', '74', '61', '10', '94', '20', '47', '27', '72', '83', '64', '25', '4', '90', '65', '41', '43', '81', '44', '33', '89', '0', '62', '7', '49', '48', '32', '67', '16', '66', '87', '40', '30', '91', '39', '59', '45', '26', '98', '46', '34', '69', '70', '82', '78', '13', '22', '86', '52', '50', '88', '5', '93', '8', '57', '92', '23', '77', '42']"
gka_35.snap,1,0,0,[]
bqp50_1.snap,1,11,0.1,"['2', '43', '37', '44', '32', '45', '14', '13', '5', '47', '42']"
bqp50_2.snap,1,11,0.0,"['31', '41', '33', '21', '9', '46', '28', '30', '10', '5', '27']"
bqp50_3.snap,1,14,0.1,"['41', '43', '37', '44', '48', '9', '40', '39', '46', '23', '22', '10', '8', '42']"
bqp50_4.snap,1,11,0.1,"['41', '17', '19', '7', '36', '45', '14', '28', '13', '20', '23']"
bqp50_5.snap,1,13,0.1,"['2', '4', '11', '31', '49', '33', '9', '36', '16', '35', '34', '20', '47']"
bqp50_6.snap,1,9,0.1,"['11', '37', '21', '16', '15', '8', '20', '6', '23']"
bqp50_7.snap,1,9,0.0,"['16', '45', '39', '2', '1', '30', '5', '47', '23']"
bqp50_8.snap,1,14,0.1,"['25', '37', '17', '24', '19', '16', '35', '29', '14', '0', '26', '5', '8', '12']"
bqp50_9.snap,1,12,0.1,"['41', '17', '40', '29', '14', '26', '15', '1', '10', '20', '23', '27']"
bqp50_10.snap,1,11,0.1,"['25', '18', '41', '24', '21', '39', '29', '26', '30', '6', '12']"
bqp100_1.snap,1,43,1.0,"['17', '18', '60', '14', '79', '56', '80', '36', '99', '84', '29', '95', '15', '1', '76', '71', '74', '10', '47', '27', '72', '4', '24', '89', '7', '32', '39', '59', '45', '26', '98', '69', '78', '13', '22', '52', '88', '5', '57', '6', '92', '23', '12']"
bqp100_2.snap,1,43,1.0,"['51', '11', '31', '85', '28', '17', '68', '14', '56', '21', '96', '73', '97', '95', '76', '3', '71', '74', '10', '72', '4', '90', '41', '7', '48', '32', '16', '66', '87', '75', '40', '39', '45', '26', '98', '34', '69', '13', '22', '86', '50', '88', '5']"
bqp100_3.snap,1,46,1.0,"['51', '31', '63', '54', '58', '14', '79', '80', '9', '73', '36', '99', '15', '1', '76', '3', '74', '10', '47', '27', '4', '65', '41', '44', '19', '89', '7', '67', '16', '87', '30', '91', '59', '45', '46', '34', '69', '82', '22', '86', '50', '5', '57', '6', '23', '42']"
bqp100_4.snap,1,42,1.0,"['11', '85', '37', '54', '58', '68', '14', '79', '21', '73', '36', '35', '97', '15', '71', '61', '4', '43', '81', '44', '24', '89', '0', '49', '48', '32', '66', '87', '75', '40', '45', '70', '13', '22', '86', '88', '8', '57', '6', '23', '77', '42']"
bqp100_5.snap,1,45,1.0,"['11', '31', '28', '37', '17', '63', '18', '68', '14', '56', '38', '9', '73', '29', '55', '3', '71', '10', '94', '20', '27', '83', '4', '90', '65', '33', '19', '89', '62', '32', '67', '40', '91', '39', '45', '46', '34', '22', '50', '88', '5', '93', '6', '92', '42']"
bqp100_6.snap,1,45,1.0,"['31', '37', '53', '60', '14', '56', '9', '99', '84', '29', '55', '97', '2', '95', '15', '76', '3', '72', '83', '90', '65', '41', '81', '33', '89', '0', '62', '48', '67', '16', '91', '59', '26', '98', '46', '34', '69', '70', '86', '50', '88', '8', '23', '42', '12']"
bqp100_7.snap,1,43,1.0,"['51', '31', '28', '37', '17', '18', '60', '96', '9', '36', '84', '2', '95', '1', '61', '94', '20', '27', '4', '90', '33', '89', '0', '7', '49', '32', '16', '66', '87', '75', '91', '59', '46', '34', '13', '22', '50', '8', '57', '23', '77', '42', '12']"
bqp100_8.snap,1,47,1.0,"['51', '11', '85', '17', '18', '54', '68', '14', '56', '21', '38', '80', '9', '97', '2', '15', '71', '61', '20', '27', '72', '83', '25', '90', '65', '24', '48', '32', '67', '66', '87', '75', '40', '30', '39', '45', '26', '69', '70', '82', '13', '86', '50', '93', '8', '57', '92']"
bqp100_9.snap,1,46,1.0,"['51', '11', '85', '37', '18', '54', '53', '56', '21', '38', '73', '99', '35', '29', '55', '97', '95', '15', '1', '10', '94', '27', '72', '83', '64', '25', '41', '81', '33', '62', '7', '49', '32', '67', '40', '45', '98', '34', '69', '13', '22', '52', '57', '6', '77', '12']"
bqp100_10.snap,1,46,1.0,"['11', '85', '28', '63', '18', '54', '53', '60', '68', '14', '79', '21', '73', '35', '55', '97', '95', '15', '74', '10', '20', '47', '27', '64', '4', '90', '33', '24', '7', '48', '32', '16', '66', '87', '75', '39', '59', '26', '34', '70', '78', '86', '50', '88', '93', '12']"
aa10.snap,10,6,0.0,"['18', '17', '19', '24', '14', '1']"
aa11.snap,10,11,0.1,"['11', '17', '18', '21', '29', '15', '1', '74', '19', '7', '6']"
aa13.snap,10,12,0.1,"['28', '37', '21', '35', '15', '4', '0', '32', '24', '26', '22', '42']"
aa14.snap,10,19,0.2,"['38', '35', '29', '2', '15', '10', '5', '27', '41', '33', '16', '7', '24', '26', '13', '8', '6', '36', '12']"
aa15.snap,10,6,0.0,"['4', '28', '9', '3', '10', '8']"
aa16.snap,10,0,0,[]
aa17.snap,10,25,0.3,"['11', '38', '18', '54', '48', '32', '21', '23', '20', '8', '10', '41', '14', '24', '19', '7', '53', '16', '6', '2', '13', '52', '50', '27', '15']"
aa18.snap,10,14,0.1,"['11', '41', '44', '21', '32', '24', '35', '29', '14', '2', '45', '3', '5', '8']"
aa19.snap,10,19,0.1,"['37', '32', '36', '35', '5', '27', '25', '49', '38', '22', '60', '21', '9', '10', '20', '47', '4', '24', '56']"
aa20.snap,10,19,0.1,"['28', '53', '45', '52', '5', '25', '41', '43', '44', '30', '39', '36', '50', '9', '55', '47', '14', '16', '26']"
aa21.snap,10,0,0,[]
aa22.snap,10,16,0.1,"['11', '31', '28', '32', '21', '1', '41', '7', '6', '46', '14', '22', '0', '27', '36', '23']"
aa23.snap,10,18,0.1,"['51', '31', '18', '21', '38', '9', '29', '5', '44', '33', '16', '7', '40', '13', '23', '8', '6', '42']"
aa24.snap,10,21,0.1,"['31', '37', '63', '32', '36', '35', '29', '1', '20', '33', '49', '30', '13', '55', '76', '3', '61', '2', '70', '69', '12']"
aa25.snap,10,0,0,[]
aa26.snap,10,12,0.0,"['25', '31', '37', '38', '33', '19', '30', '29', '0', '1', '22', '5']"
aa27.snap,10,11,0.1,"['11', '31', '17', '9', '20', '27', '0', '40', '30', '6', '23']"
aa28.snap,10,27,0.3,"['51', '11', '31', '28', '37', '18', '32', '60', '56', '9', '58', '45', '15', '1', '64', '25', '17', '54', '24', '30', '59', '2', '40', '46', '14', '13', '36']"
aa29.snap,10,21,0.1,"['54', '38', '36', '29', '45', '15', '20', '25', '17', '33', '40', '58', '66', '68', '42', '13', '6', '21', '10', '14', '7']"
aa30.snap,10,4,0.0,"['4', '2', '11', '7']"
aa31.snap,10,0,0,[]
aa32.snap,10,30,0.4,"['11', '18', '21', '56', '9', '35', '55', '45', '1', '59', '27', '25', '4', '33', '24', '19', '0', '32', '36', '60', '16', '20', '30', '39', '26', '14', '52', '23', '57', '6']"
aa33.snap,10,4,0.0,"['37', '32', '33', '24']"
aa34.snap,10,13,0.1,"['11', '31', '37', '21', '35', '3', '5', '20', '16', '19', '36', '14', '13']"
aa35.snap,10,10,0.0,"['37', '21', '32', '16', '30', '14', '0', '13', '3', '20']"
aa36.snap,10,7,0.0,"['31', '17', '18', '21', '10', '32', '8']"
aa37.snap,10,4,0.0,"['18', '1', '28', '5']"
aa38.snap,10,26,0.1,"['63', '18', '48', '21', '38', '56', '42', '35', '29', '50', '65', '5', '47', '25', '52', '41', '16', '62', '7', '49', '39', '6', '26', '14', '22', '0']"
aa39.snap,10,23,0.1,"['11', '31', '28', '18', '9', '35', '29', '23', '3', '10', '129', '27', '17', '24', '5', '19', '7', '20', '30', '6', '40', '13', '22']"
aa40.snap,10,22,0.1,"['28', '37', '18', '48', '58', '56', '55', '45', '47', '27', '41', '44', '33', '16', '32', '40', '26', '46', '52', '50', '8', '12']"
aa41.snap,10,40,0.4,"['51', '63', '79', '29', '15', '1', '8', '71', '20', '23', '41', '44', '33', '49', '58', '66', '30', '68', '13', '86', '6', '11', '50', '18', '48', '21', '76', '74', '61', '10', '47', '72', '14', '62', '7', '87', '2', '56', '57', '12']"
aa42.snap,10,30,0.3,"['31', '28', '63', '59', '79', '75', '35', '1', '71', '65', '5', '33', '49', '58', '66', '20', '78', '85', '50', '18', '80', '84', '22', '74', '61', '10', '47', '81', '16', '69']"
aa43.snap,10,18,0.1,"['4', '31', '28', '38', '16', '21', '32', '36', '39', '2', '1', '22', '30', '10', '5', '8', '20', '27']"
aa44.snap,10,10,0.1,"['25', '4', '18', '21', '7', '16', '14', '23', '5', '27']"
aa45.snap,10,20,0.1,"['4', '11', '38', '17', '33', '21', '24', '30', '35', '29', '2', '34', '42', '3', '22', '23', '12', '20', '6', '36']"
aa46.snap,10,13,0.0,"['54', '56', '45', '20', '8', '3', '14', '19', '16', '26', '13', '22', '0']"
aa47.snap,10,13,0.1,"['25', '18', '33', '19', '32', '16', '29', '2', '28', '22', '30', '20', '6']"
aa48.snap,10,17,0.1,"['18', '37', '38', '17', '33', '19', '7', '16', '9', '30', '0', '1', '34', '15', '23', '20', '27']"
aa49.snap,10,0,0,[]
aa50.snap,10,18,0.1,"['11', '31', '18', '21', '58', '35', '29', '33', '7', '49', '53', '24', '39', '59', '22', '52', '5', '23']"
aa51.snap,10,11,0.0,"['11', '41', '43', '17', '7', '9', '24', '35', '42', '3', '6']"
aa52.snap,10,12,0.1,"['25', '18', '11', '17', '24', '21', '29', '0', '1', '3', '30', '12']"
aa53.snap,10,12,0.1,"['31', '37', '26', '33', '38', '24', '2', '34', '42', '3', '12', '27']"
aa54.snap,10,12,0.1,"['18', '31', '26', '40', '19', '16', '35', '29', '42', '15', '12', '20']"
j10.snap,10,3,0.0,"['14', '0', '8']"
j11.snap,10,5,0.0,"['25', '18', '17', '19', '24']"
j13.snap,10,4,0.0,"['17', '24', '29', '5']"
j14.snap,10,3,0.0,"['0', '4', '16']"
j15.snap,10,0,0,[]
j16.snap,10,0,0,[]
j17.snap,10,10,0.0,"['25', '11', '21', '9', '2', '23', '15', '8', '6', '27']"
j18.snap,10,9,0.0,"['18', '11', '9', '45', '2', '46', '3', '6', '42']"
j19.snap,10,3,0.0,"['16', '2', '5']"
j20.snap,10,0,0,[]
j21.snap,10,2,0.0,"['4', '7']"
j22.snap,10,9,0.0,"['41', '43', '37', '26', '44', '40', '32', '36', '35']"
j23.snap,10,19,0.1,"['2', '41', '37', '49', '17', '24', '19', '21', '7', '40', '45', '29', '3', '30', '10', '5', '8', '20', '42']"
j24.snap,10,3,0.0,"['40', '20', '35']"
j25.snap,10,0,0,[]
j26.snap,10,6,0.0,"['21', '26', '28', '3', '24', '27']"
j28.snap,10,13,0.0,"['41', '43', '38', '44', '40', '9', '39', '42', '52', '12', '10', '5', '8']"
gka_1.snap,10,9,0.0,"['11', '38', '7', '9', '40', '15', '10', '12', '23']"
gka_2.snap,10,16,0.2,"['51', '31', '38', '44', '33', '9', '36', '24', '35', '2', '12', '1', '3', '22', '30', '27']"
gka_3.snap,10,23,0.9,"['64', '11', '31', '43', '17', '54', '48', '60', '19', '29', '1', '55', '38', '45', '46', '15', '3', '59', '22', '52', '47', '57', '69']"
gka_4.snap,10,28,1.2,"['18', '65', '31', '28', '43', '37', '49', '17', '40', '68', '62', '53', '9', '24', '35', '14', '1', '2', '46', '76', '50', '61', '10', '5', '20', '57', '27', '69']"
gka_5.snap,10,22,0.1,"['25', '11', '43', '49', '17', '33', '48', '21', '9', '45', '35', '39', '14', '26', '46', '23', '34', '15', '13', '5', '47', '6']"
gka_6.snap,10,16,0.0,"['25', '4', '18', '2', '28', '24', '17', '15', '16', '19', '22', '5', '8', '6', '27', '23']"
gka_7.snap,10,18,0.0,"['29', '2', '28', '1', '24', '17', '15', '14', '22', '0', '12', '21', '5', '8', '9', '6', '27', '23']"
gka_8.snap,10,28,2.5,"['11', '31', '85', '63', '53', '60', '68', '79', '9', '55', '95', '15', '3', '94', '20', '25', '4', '36', '75', '16', '59', '26', '98', '13', '86', '93', '92', '12']"
gka_9.snap,10,2,0.0,"['5', '4']"
gka_10.snap,10,8,0.0,"['4', '10', '0', '2', '11', '7', '8', '9']"
gka_11.snap,10,10,0.0,"['4', '0', '2', '7', '5', '9', '1', '6', '12', '3']"
gka_12.snap,10,20,0.0,"['18', '11', '1', '12', '17', '2', '15', '14', '16', '19', '22', '4', '21', '10', '7', '5', '8', '20', '9', '6']"
gka_13.snap,10,16,0.0,"['19', '0', '4', '18', '10', '13', '11', '8', '9', '1', '17', '2', '14', '16', '6', '3']"
gka_14.snap,10,22,0.0,"['9', '25', '0', '18', '11', '17', '2', '15', '14', '3', '16', '13', '19', '4', '12', '21', '7', '5', '8', '20', '6', '24']"
gka_15.snap,10,0,0,[]
gka_16.snap,10,0,0,[]
gka_17.snap,10,0,0,[]
gka_18.snap,10,2,0.0,"['1', '3']"
gka_19.snap,10,31,0.0,"['35', '9', '21', '29', '14', '25', '4', '18', '26', '34', '1', '17', '15', '13', '19', '22', '0', '33', '10', '7', '38', '2', '32', '5', '8', '12', '6', '36', '24', '30', '27']"
gka_20.snap,10,39,0.2,"['2', '25', '4', '18', '11', '31', '41', '37', '38', '49', '17', '33', '48', '24', '32', '9', '36', '16', '40', '35', '39', '29', '0', '26', '46', '23', '15', '28', '3', '13', '22', '10', '8', '20', '47', '6', '27', '42', '12']"
gka_21.snap,10,40,0.3,"['25', '4', '18', '11', '31', '41', '28', '43', '38', '17', '54', '48', '16', '59', '33', '21', '7', '49', '36', '35', '39', '29', '14', '0', '55', '2', '46', '34', '52', '1', '3', '22', '10', '5', '8', '20', '47', '6', '27', '42']"
gka_22.snap,10,43,2.9,"['64', '25', '18', '51', '11', '31', '41', '28', '37', '17', '44', '58', '60', '40', '19', '21', '49', '16', '9', '66', '30', '35', '39', '29', '0', '1', '38', '45', '46', '34', '42', '15', '3', '59', '22', '52', '61', '5', '8', '20', '57', '36', '69']"
gka_23.snap,10,46,10.0,"['64', '25', '4', '18', '51', '65', '11', '31', '28', '39', '43', '49', '44', '33', '58', '60', '40', '68', '19', '62', '53', '67', '9', '35', '29', '14', '0', '1', '55', '2', '45', '42', '15', '71', '78', '13', '3', '74', '23', '50', '8', '75', '6', '57', '69', '72']"
gka_24.snap,10,37,10.0,"['51', '28', '18', '54', '68', '21', '56', '73', '84', '35', '29', '74', '61', '47', '27', '72', '83', '25', '4', '43', '81', '33', '19', '0', '62', '16', '36', '75', '39', '59', '45', '34', '78', '86', '8', '69', '42']"
gka_25.snap,10,43,10.0,"['11', '31', '28', '17', '18', '53', '58', '60', '68', '14', '96', '9', '84', '35', '2', '1', '71', '74', '61', '47', '83', '4', '65', '41', '44', '89', '0', '49', '48', '32', '16', '87', '26', '98', '46', '34', '82', '50', '88', '5', '6', '92', '12']"
gka_26.snap,10,43,10.0,"['11', '28', '63', '54', '60', '68', '14', '79', '21', '38', '99', '35', '55', '97', '95', '1', '71', '74', '10', '20', '72', '64', '25', '43', '81', '7', '48', '40', '59', '45', '26', '46', '34', '70', '82', '78', '13', '50', '93', '6', '23', '42', '12']"
gka_27.snap,10,63,10.0,"['51', '11', '85', '28', '37', '17', '63', '53', '58', '68', '56', '9', '73', '36', '99', '35', '29', '55', '2', '15', '74', '61', '10', '94', '47', '72', '83', '90', '41', '81', '44', '33', '24', '19', '89', '0', '7', '49', '48', '16', '66', '75', '40', '30', '91', '59', '45', '26', '98', '70', '82', '78', '22', '52', '50', '88', '8', '57', '6', '92', '23', '77', '42']"
gka_28.snap,10,71,10.0,"['51', '85', '28', '17', '63', '18', '54', '60', '68', '79', '56', '21', '38', '80', '96', '9', '73', '36', '99', '35', '55', '97', '2', '95', '15', '76', '3', '71', '74', '94', '47', '27', '83', '64', '25', '4', '90', '65', '43', '81', '33', '24', '19', '89', '0', '62', '48', '67', '16', '66', '87', '75', '40', '91', '45', '26', '98', '34', '69', '70', '22', '50', '5', '93', '8', '57', '6', '92', '77', '42', '12']"
gka_29.snap,10,78,10.0,"['51', '85', '28', '63', '54', '58', '14', '79', '21', '38', '80', '96', '99', '84', '35', '29', '55', '97', '2', '15', '1', '76', '3', '71', '74', '61', '10', '94', '47', '27', '72', '83', '64', '25', '4', '90', '65', '41', '43', '81', '44', '33', '24', '19', '89', '62', '7', '49', '48', '32', '67', '16', '66', '75', '40', '91', '39', '59', '45', '26', '69', '70', '82', '78', '13', '22', '86', '50', '88', '5', '93', '8', '6', '92', '23', '77', '42', '12']"
gka_30.snap,10,82,10.0,"['51', '11', '31', '28', '17', '63', '18', '54', '53', '58', '68', '14', '79', '56', '21', '38', '96', '9', '73', '36', '99', '84', '35', '29', '97', '2', '95', '15', '1', '76', '3', '71', '74', '10', '94', '20', '27', '72', '83', '64', '25', '4', '90', '41', '81', '33', '24', '89', '0', '62', '7', '49', '32', '67', '16', '66', '87', '40', '30', '91', '26', '98', '46', '34', '70', '82', '78', '13', '22', '86', '50', '88', '5', '93', '8', '57', '6', '92', '23', '77', '42', '12']"
gka_31.snap,10,85,10.0,"['51', '11', '31', '85', '28', '17', '63', '18', '58', '60', '68', '79', '21', '38', '80', '96', '9', '73', '36', '99', '84', '35', '29', '55', '97', '95', '15', '1', '76', '3', '71', '61', '10', '94', '20', '47', '27', '72', '64', '25', '4', '90', '65', '41', '43', '81', '44', '33', '24', '19', '89', '62', '49', '48', '67', '16', '66', '87', '75', '40', '30', '91', '39', '59', '45', '26', '46', '34', '69', '70', '82', '78', '13', '22', '86', '52', '50', '5', '93', '8', '57', '6', '23', '77', '12']"
gka_32.snap,10,88,10.0,"['11', '31', '85', '28', '17', '63', '18', '58', '60', '68', '14', '56', '21', '38', '80', '96', '73', '36', '99', '84', '35', '55', '97', '2', '95', '15', '1', '76', '3', '71', '74', '61', '10', '94', '20', '47', '27', '72', '83', '25', '4', '90', '65', '41', '43', '81', '44', '33', '24', '19', '89', '0', '62', '7', '49', '48', '32', '67', '16', '66', '87', '75', '40', '30', '91', '39', '98', '46', '34', '69', '70', '82', '78', '13', '22', '86', '52', '50', '88', '5', '93', '8', '6', '92', '23', '77', '42', '12']"
gka_33.snap,10,90,2.4,"['51', '31', '85', '28', '37', '17', '63', '18', '54', '53', '58', '60', '68', '14', '79', '56', '21', '38', '80', '9', '73', '36', '99', '84', '35', '29', '55', '97', '95', '15', '1', '76', '3', '71', '74', '61', '10', '94', '47', '27', '72', '83', '64', '4', '90', '65', '41', '43', '81', '44', '33', '24', '19', '89', '62', '7', '49', '48', '32', '67', '16', '66', '75', '40', '30', '39', '59', '45', '26', '98', '46', '34', '69', '70', '82', '78', '13', '22', '86', '52', '50', '88', '5', '93', '8', '6', '92', '23', '77', '42']"
gka_34.snap,10,92,1.3,"['51', '11', '31', '85', '28', '37', '17', '63', '18', '54', '53', '58', '60', '14', '79', '56', '21', '38', '80', '96', '9', '73', '36', '99', '84', '35', '29', '55', '97', '2', '95', '15', '1', '76', '3', '71', '74', '61', '10', '47', '27', '72', '83', '64', '25', '4', '90', '65', '41', '43', '81', '44', '33', '89', '0', '62', '7', '49', '48', '67', '16', '66', '87', '75', '40', '30', '91', '39', '59', '45', '26', '98', '46', '34', '70', '82', '78', '13', '22', '86', '52', '50', '88', '5', '93', '8', '57', '6', '92', '23', '77', '42']"
gka_35.snap,10,0,0,[]
bqp50_1.snap,10,11,0.1,"['2', '43', '37', '44', '32', '45', '14', '13', '5', '47', '42']"
bqp50_2.snap,10,11,0.0,"['31', '41', '33', '21', '9', '46', '28', '30', '10', '5', '27']"
bqp50_3.snap,10,14,0.1,"['41', '43', '37', '44', '48', '9', '40', '39', '46', '23', '22', '10', '8', '42']"
bqp50_4.snap,10,11,0.1,"['41', '17', '19', '7', '36', '45', '14', '28', '13', '20', '23']"
bqp50_5.snap,10,13,0.1,"['2', '4', '11', '31', '49', '33', '9', '36', '16', '35', '34', '20', '47']"
bqp50_6.snap,10,9,0.1,"['11', '37', '21', '16', '15', '8', '20', '6', '23']"
bqp50_7.snap,10,9,0.0,"['16', '45', '39', '2', '1', '30', '5', '47', '23']"
bqp50_8.snap,10,14,0.1,"['25', '37', '17', '24', '19', '16', '35', '29', '14', '0', '26', '5', '8', '12']"
bqp50_9.snap,10,12,0.1,"['41', '17', '40', '29', '14', '26', '15', '1', '10', '20', '23', '27']"
bqp50_10.snap,10,11,0.1,"['41', '24', '21', '32', '36', '15', '1', '28', '8', '6', '12']"
bqp100_1.snap,10,42,10.0,"['31', '37', '18', '54', '53', '58', '60', '21', '80', '9', '73', '99', '29', '97', '2', '71', '61', '20', '27', '72', '83', '4', '90', '7', '32', '67', '91', '39', '26', '98', '46', '34', '78', '13', '22', '52', '5', '57', '6', '23', '42', '12']"
bqp100_2.snap,10,42,10.0,"['51', '11', '31', '85', '28', '53', '14', '56', '96', '9', '73', '36', '29', '15', '76', '3', '74', '61', '10', '94', '72', '41', '7', '49', '48', '66', '87', '75', '40', '30', '45', '26', '34', '69', '70', '13', '22', '86', '50', '88', '5', '12']"
bqp100_3.snap,10,42,10.0,"['31', '17', '63', '18', '53', '68', '96', '9', '73', '36', '99', '35', '95', '1', '76', '10', '20', '47', '25', '65', '81', '19', '0', '62', '48', '40', '45', '26', '98', '46', '34', '82', '13', '22', '86', '52', '50', '5', '8', '57', '23', '77']"
bqp100_4.snap,10,42,10.0,"['11', '85', '28', '37', '54', '53', '58', '60', '68', '14', '21', '80', '35', '29', '97', '2', '95', '15', '71', '94', '47', '4', '44', '24', '89', '49', '32', '66', '87', '75', '91', '45', '46', '70', '22', '52', '88', '8', '57', '6', '23', '42']"
bqp100_5.snap,10,43,10.0,"['51', '11', '31', '85', '63', '18', '54', '58', '14', '79', '38', '73', '36', '99', '84', '55', '2', '1', '3', '71', '61', '94', '20', '27', '72', '90', '81', '33', '19', '0', '48', '32', '87', '91', '45', '26', '34', '70', '78', '86', '5', '77', '42']"
bqp100_6.snap,10,44,10.0,"['37', '17', '18', '53', '68', '56', '96', '9', '73', '84', '55', '97', '2', '95', '76', '74', '61', '94', '72', '83', '41', '81', '33', '0', '62', '48', '67', '16', '66', '87', '30', '45', '98', '34', '70', '82', '13', '86', '50', '88', '93', '8', '92', '42']"
bqp100_7.snap,10,42,10.0,"['51', '28', '37', '60', '38', '80', '96', '9', '36', '99', '84', '2', '15', '1', '76', '61', '20', '47', '27', '83', '4', '90', '44', '89', '16', '66', '87', '75', '91', '26', '34', '70', '13', '22', '86', '52', '5', '93', '8', '57', '23', '12']"
bqp100_8.snap,10,43,10.0,"['51', '85', '17', '54', '68', '14', '79', '56', '80', '96', '9', '35', '97', '15', '71', '61', '94', '47', '72', '83', '25', '4', '90', '41', '43', '81', '33', '66', '87', '75', '39', '26', '34', '70', '13', '86', '5', '93', '57', '6', '92', '77', '42']"
bqp100_9.snap,10,44,10.0,"['11', '37', '17', '18', '53', '68', '38', '9', '73', '99', '35', '97', '20', '47', '83', '64', '25', '4', '41', '81', '44', '33', '24', '19', '0', '62', '49', '67', '87', '75', '30', '45', '34', '69', '70', '13', '52', '50', '5', '93', '57', '6', '77', '42']"
bqp100_10.snap,10,45,10.0,"['28', '37', '17', '63', '18', '54', '68', '14', '79', '21', '80', '36', '84', '35', '55', '15', '76', '71', '74', '10', '20', '47', '64', '4', '90', '65', '43', '33', '48', '16', '66', '75', '39', '46', '34', '70', '78', '13', '22', '86', '50', '5', '57', '6', '42']"
