Dataset,Solver,Time,Size,Certificate
aa10,akiba_iwata,0.2,6,"[0, 1, 14, 17, 19, 24]"
aa10,ilp,0.0,6,"['17', '14', '18', '24', '1', '19']"
aa11,akiba_iwata,0.1,11,"[0, 1, 7, 11, 15, 17, 18, 19, 21, 24, 29]"
aa11,ilp,0.1,11,"['17', '15', '7', '11', '24', '21', '19', '1', '18', '29', '0']"
aa13,akiba_iwata,0.1,12,"[0, 4, 15, 21, 22, 24, 26, 28, 31, 35, 41, 42]"
aa13,ilp,0.1,12,"['15', '105', '4', '22', '28', '21', '26', '0', '35', '42', '24', '41']"
aa14,akiba_iwata,0.2,19,"[2, 5, 6, 7, 8, 10, 12, 13, 15, 16, 24, 26, 27, 29, 33, 35, 36, 38, 41]"
aa14,ilp,0.1,19,"['36', '15', '7', '10', '29', '13', '33', '24', '27', '26', '6', '38', '35', '8', '16', '5', '2', '41', '12']"
aa15,akiba_iwata,0.1,6,"[3, 4, 8, 9, 10, 28]"
aa15,ilp,0.0,6,"['10', '28', '3', '4', '8', '9']"
aa16,akiba_iwata,0.1,0,[]
aa16,ilp,0.0,0,[]
aa17,akiba_iwata,0.4,25,"[6, 7, 8, 9, 10, 12, 13, 14, 15, 16, 18, 20, 21, 23, 24, 27, 31, 32, 35, 37, 38, 39, 40, 42, 48]"
aa17,ilp,0.1,25,"['7', '10', '48', '13', '33', '11', '32', '26', '8', '52', '30', '19', '6', '38', '2', '27', '18', '23', '37', '24', '29', '16', '40', '20', '15']"
aa18,akiba_iwata,0.1,14,"[1, 2, 8, 11, 14, 21, 24, 29, 32, 35, 41, 44, 45, 46]"
aa18,ilp,0.0,14,"['14', '4', '2', '35', '61', '5', '8', '24', '44', '45', '32', '21', '41', '29']"
aa19,akiba_iwata,0.2,19,"[4, 5, 9, 10, 20, 21, 22, 24, 25, 27, 32, 35, 36, 37, 38, 41, 47, 56, 60]"
aa19,ilp,0.2,19,"['10', '20', '4', '21', '56', '47', '41', '32', '9', '24', '36', '22', '0', '27', '25', '38', '35', '37', '5']"
aa20,akiba_iwata,0.3,19,"[5, 9, 14, 16, 25, 26, 28, 30, 36, 39, 41, 43, 44, 45, 47, 50, 52, 53, 55]"
aa20,ilp,0.1,19,"['44', '43', '45', '53', '26', '52', '14', '41', '30', '9', '36', '28', '55', '25', '16', '47', '50', '5', '39']"
aa21,akiba_iwata,0.1,0,[]
aa21,ilp,0.0,0,[]
aa22,akiba_iwata,0.2,16,"[0, 1, 6, 11, 14, 21, 22, 23, 27, 28, 31, 32, 36, 41, 46, 47]"
aa22,ilp,0.1,16,"['46', '36', '22', '28', '11', '45', '21', '32', '1', '14', '6', '27', '47', '23', '31', '41']"
aa23,akiba_iwata,0.2,18,"[5, 6, 7, 9, 13, 16, 18, 21, 23, 29, 31, 33, 38, 40, 41, 42, 44, 51]"
aa23,ilp,0.1,18,"['7', '29', '13', '33', '21', '8', '9', '51', '6', '38', '18', '42', '23', '24', '31', '44', '16', '40']"
aa24,akiba_iwata,0.3,21,"[1, 2, 3, 12, 13, 20, 29, 30, 31, 32, 33, 35, 36, 37, 49, 55, 61, 63, 69, 70, 76]"
aa24,ilp,0.1,21,"['36', '69', '49', '13', '20', '1', '32', '63', '76', '30', '2', '29', '33', '12', '55', '35', '61', '3', '37', '31', '70']"
aa25,akiba_iwata,0.1,0,[]
aa25,ilp,0.0,0,[]
aa26,akiba_iwata,0.1,12,"[1, 5, 19, 22, 25, 29, 30, 31, 33, 35, 37, 38]"
aa26,ilp,0.0,12,"['22', '37', '25', '30', '5', '33', '38', '19', '29', '31', '1', '0']"
aa27,akiba_iwata,0.2,11,"[0, 6, 9, 11, 17, 20, 23, 27, 30, 31, 40]"
aa27,ilp,0.1,11,"['17', '44', '27', '9', '30', '6', '23', '31', '40', '20', '0']"
aa28,akiba_iwata,0.2,27,"[2, 6, 9, 11, 13, 14, 15, 17, 18, 24, 25, 28, 30, 31, 32, 36, 37, 40, 45, 46, 51, 54, 56, 58, 59, 60, 64]"
aa28,ilp,0.1,27,"['46', '36', '17', '64', '28', '13', '11', '45', '54', '59', '32', '1', '58', '56', '9', '30', '51', '14', '60', '25', '2', '18', '37', '31', '40', '24', '15']"
aa29,akiba_iwata,0.3,21,"[6, 7, 10, 14, 15, 17, 20, 21, 25, 29, 33, 36, 38, 40, 42, 45, 54, 55, 58, 66, 68]"
aa29,ilp,0.1,21,"['7', '36', '10', '13', '45', '21', '42', '68', '66', '14', '6', '40', '17', '29', '33', '15', '25', '38', '54', '58', '20']"
aa30,akiba_iwata,0.1,4,"[4, 7, 9, 11]"
aa30,ilp,0.0,4,"['7', '11', '4', '2']"
aa31,akiba_iwata,0.1,0,[]
aa31,ilp,0.0,0,[]
aa32,akiba_iwata,0.6,30,"[1, 4, 6, 9, 11, 18, 21, 22, 23, 32, 33, 34, 36, 38, 41, 42, 43, 44, 45, 47, 48, 49, 51, 52, 55, 56, 57, 59, 60, 65]"
aa32,ilp,0.5,30,"['36', '7', '60', '4', '49', '73', '33', '11', '20', '45', '27', '57', '21', '59', '56', '55', '9', '1', '52', '0', '30', '14', '19', '25', '35', '23', '24', '16', '32', '39']"
aa33,akiba_iwata,0.1,4,"[24, 32, 33, 35]"
aa33,ilp,0.0,4,"['32', '24', '33', '35']"
aa34,akiba_iwata,0.2,13,"[3, 5, 11, 13, 14, 16, 19, 20, 21, 31, 35, 36, 37]"
aa34,ilp,0.1,13,"['36', '28', '13', '11', '20', '21', '3', '14', '19', '35', '31', '16', '5']"
aa35,akiba_iwata,0.1,10,"[0, 3, 13, 14, 20, 21, 24, 30, 32, 37]"
aa35,ilp,0.0,10,"['14', '3', '37', '30', '13', '24', '11', '32', '20', '21']"
aa36,akiba_iwata,0.1,7,"[8, 10, 17, 18, 29, 31, 32]"
aa36,ilp,0.0,7,"['17', '10', '18', '8', '29', '32', '0']"
aa37,akiba_iwata,0.1,4,"[1, 5, 18, 28]"
aa37,ilp,0.0,4,"['28', '18', '5', '1']"
aa38,akiba_iwata,0.3,26,"[0, 5, 6, 7, 14, 16, 18, 21, 22, 25, 26, 29, 35, 38, 39, 41, 42, 47, 48, 49, 50, 52, 56, 62, 63, 65]"
aa38,ilp,0.1,26,"['49', '7', '48', '22', '65', '39', '62', '21', '26', '52', '0', '14', '6', '25', '38', '35', '5', '18', '42', '47', '63', '50', '29', '16', '56', '41']"
aa39,akiba_iwata,0.3,23,"[3, 5, 6, 7, 9, 10, 11, 13, 17, 18, 19, 20, 22, 23, 24, 27, 28, 29, 30, 31, 35, 40, 48]"
aa39,ilp,0.1,23,"['17', '7', '10', '22', '28', '13', '11', '20', '27', '3', '9', '30', '19', '6', '35', '18', '47', '23', '24', '31', '29', '40', '5']"
aa40,akiba_iwata,0.3,22,"[8, 12, 16, 18, 25, 27, 28, 30, 32, 33, 37, 40, 41, 44, 46, 47, 48, 50, 52, 53, 55, 56]"
aa40,ilp,0.1,22,"['46', '48', '28', '33', '27', '26', '8', '55', '52', '30', '37', '25', '18', '56', '50', '44', '16', '40', '32', '47', '41', '12']"
aa41,akiba_iwata,0.8,40,"[2, 6, 7, 8, 10, 11, 13, 14, 15, 18, 23, 27, 28, 29, 30, 35, 41, 44, 45, 46, 47, 48, 49, 50, 51, 56, 57, 58, 61, 62, 63, 66, 68, 71, 72, 74, 76, 79, 86, 87]"
aa41,ilp,0.4,40,"['7', '10', '44', '49', '13', '11', '12', '21', '18', '48', '56', '72', '68', '1', '66', '51', '14', '6', '8', '63', '76', '41', '29', '2', '30', '33', '62', '71', '15', '57', '61', '86', '74', '23', '50', '87', '58', '20', '79', '47']"
aa42,akiba_iwata,0.4,30,"[1, 5, 10, 11, 16, 18, 20, 23, 24, 25, 32, 33, 36, 38, 44, 47, 56, 58, 59, 61, 65, 66, 69, 74, 75, 78, 79, 80, 81, 85]"
aa42,ilp,0.3,30,"['80', '10', '69', '49', '59', '1', '66', '32', '18', '74', '75', '85', '81', '22', '65', '28', '33', '71', '35', '16', '47', '61', '78', '50', '84', '31', '5', '58', '20', '79']"
aa43,akiba_iwata,0.1,18,"[1, 2, 4, 5, 8, 10, 16, 20, 21, 22, 27, 28, 30, 31, 32, 36, 38, 39]"
aa43,ilp,0.1,18,"['36', '22', '10', '30', '27', '28', '39', '38', '8', '16', '32', '20', '4', '5', '2', '21', '1', '31']"
aa44,akiba_iwata,0.1,10,"[0, 4, 13, 16, 22, 25, 26, 27, 29, 30]"
aa44,ilp,0.0,10,"['22', '25', '11', '30', '13', '29', '16', '27', '4', '26']"
aa45,akiba_iwata,0.2,20,"[2, 3, 4, 6, 11, 12, 17, 20, 21, 22, 23, 24, 26, 29, 30, 33, 35, 36, 38, 42]"
aa45,ilp,0.1,20,"['36', '17', '3', '4', '6', '22', '2', '35', '30', '33', '38', '42', '23', '24', '11', '20', '21', '12', '26', '29']"
aa46,akiba_iwata,0.2,13,"[0, 1, 2, 3, 13, 14, 16, 19, 22, 26, 45, 54, 56]"
aa46,ilp,0.1,13,"['22', '13', '45', '54', '1', '26', '3', '14', '19', '2', '56', '16', '0']"
aa47,akiba_iwata,0.1,13,"[2, 5, 6, 16, 17, 18, 20, 25, 28, 29, 30, 32, 33]"
aa47,ilp,0.0,13,"['6', '22', '25', '30', '28', '18', '33', '29', '16', '32', '20', '2', '19']"
aa48,akiba_iwata,0.1,17,"[0, 3, 4, 7, 14, 15, 17, 18, 19, 21, 23, 27, 33, 34, 35, 37, 39]"
aa48,ilp,0.1,17,"['15', '17', '7', '3', '37', '4', '35', '33', '39', '38', '18', '23', '27', '34', '21', '19', '0']"
aa49,akiba_iwata,0.1,0,[]
aa49,ilp,0.0,0,[]
aa50,akiba_iwata,0.2,18,"[5, 7, 8, 11, 18, 22, 23, 24, 29, 33, 35, 36, 39, 49, 52, 53, 58, 59]"
aa50,ilp,0.1,18,"['7', '49', '22', '33', '11', '24', '53', '26', '52', '35', '18', '8', '23', '29', '5', '58', '59', '39']"
aa51,akiba_iwata,0.1,11,"[1, 3, 6, 7, 9, 11, 24, 25, 35, 41, 42]"
aa51,ilp,0.0,11,"['17', '7', '6', '35', '42', '3', '24', '11', '41', '9', '1']"
aa52,akiba_iwata,0.1,12,"[0, 1, 3, 11, 12, 17, 18, 21, 24, 25, 29, 30]"
aa52,ilp,0.1,12,"['17', '25', '11', '30', '18', '3', '24', '2', '21', '12', '1', '0']"
aa53,akiba_iwata,0.1,12,"[3, 12, 16, 24, 26, 27, 31, 33, 34, 37, 38, 42]"
aa53,ilp,0.1,12,"['2', '33', '38', '42', '3', '24', '37', '27', '34', '12', '26', '31']"
aa54,akiba_iwata,0.2,12,"[12, 15, 16, 18, 19, 20, 26, 29, 31, 35, 40, 42]"
aa54,ilp,0.1,12,"['15', '35', '42', '18', '16', '20', '40', '12', '26', '19', '29', '31']"
j10,akiba_iwata,0.1,3,"[0, 5, 8]"
j10,ilp,0.0,3,"['14', '0', '8']"
j11,akiba_iwata,0.1,5,"[17, 18, 19, 24, 25]"
j11,ilp,0.0,5,"['17', '24', '19', '25', '18']"
j13,akiba_iwata,0.1,4,"[5, 17, 24, 29]"
j13,ilp,0.0,4,"['17', '24', '16', '5']"
j14,akiba_iwata,0.1,3,"[0, 1, 4]"
j14,ilp,0.0,3,"['1', '4', '0']"
j15,akiba_iwata,0.1,0,[]
j15,ilp,0.0,0,[]
j16,akiba_iwata,0.1,0,[]
j16,ilp,0.0,0,[]
j17,akiba_iwata,0.1,10,"[3, 4, 8, 9, 11, 14, 15, 21, 25, 27]"
j17,ilp,0.0,10,"['15', '14', '25', '11', '8', '3', '4', '21', '9', '27']"
j18,akiba_iwata,0.1,9,"[2, 3, 6, 9, 11, 18, 42, 45, 46]"
j18,ilp,0.0,9,"['46', '6', '11', '42', '18', '3', '45', '2', '9']"
j19,akiba_iwata,0.1,3,"[10, 11, 14]"
j19,ilp,0.0,3,"['14', '10', '11']"
j20,akiba_iwata,0.1,0,[]
j20,ilp,0.0,0,[]
j21,akiba_iwata,0.1,2,"[1, 3]"
j21,ilp,0.0,2,"['0', '4']"
j22,akiba_iwata,0.1,9,"[26, 32, 35, 36, 37, 40, 41, 43, 44]"
j22,ilp,0.0,9,"['44', '36', '35', '13', '43', '41', '40', '32', '26']"
j23,akiba_iwata,0.1,19,"[2, 3, 5, 7, 8, 14, 17, 19, 20, 21, 24, 29, 30, 37, 40, 41, 42, 45, 49]"
j23,ilp,0.1,19,"['44', '15', '17', '7', '14', '30', '49', '3', '41', '20', '5', '2', '8', '21', '12', '1', '26', '42', '9']"
j24,akiba_iwata,0.1,3,"[20, 35, 40]"
j24,ilp,0.0,3,"['35', '20', '40']"
j25,akiba_iwata,0.1,0,[]
j25,ilp,0.0,0,[]
j26,akiba_iwata,0.1,6,"[3, 4, 21, 24, 27, 28]"
j26,ilp,0.0,6,"['24', '21', '27', '26', '28', '3']"
j28,akiba_iwata,0.1,13,"[5, 8, 9, 10, 12, 38, 39, 40, 41, 42, 43, 44, 52]"
j28,ilp,0.0,13,"['7', '10', '42', '5', '39', '38', '43', '8', '44', '32', '9', '40', '12']"
gka_1,akiba_iwata,0.1,9,"[3, 4, 7, 9, 15, 22, 23, 38, 43]"
gka_1,ilp,0.1,9,"['15', '7', '38', '3', '23', '4', '12', '9', '0']"
gka_2,akiba_iwata,0.4,16,"[0, 2, 5, 10, 19, 23, 28, 29, 30, 31, 33, 36, 38, 41, 47, 48]"
gka_2,ilp,0.1,16,"['44', '46', '36', '22', '48', '30', '28', '33', '38', '3', '24', '41', '5', '2', '21', '56']"
gka_3,akiba_iwata,1.4,23,"[1, 3, 9, 15, 19, 20, 23, 24, 25, 29, 38, 45, 46, 47, 49, 52, 54, 57, 59, 60, 61, 64, 69]"
gka_3,ilp,0.9,23,"['46', '17', '15', '52', '48', '65', '64', '49', '69', '33', '38', '43', '3', '47', '23', '54', '45', '27', '29', '57', '59', '32', '55']"
gka_4,akiba_iwata,4.4,28,"[1, 2, 5, 9, 10, 14, 17, 18, 20, 31, 32, 35, 37, 40, 43, 46, 49, 50, 53, 57, 59, 61, 62, 65, 68, 69, 76, 77]"
gka_4,ilp,2.3,28,"['46', '17', '77', '10', '65', '2', '35', '61', '5', '49', '69', '43', '18', '50', '62', '37', '32', '20', '68', '40', '9', '57', '53', '34', '59', '76', '31', '1']"
gka_5,akiba_iwata,0.7,22,"[1, 2, 5, 6, 10, 11, 14, 17, 24, 25, 34, 35, 37, 38, 40, 42, 43, 44, 45, 46, 47, 49]"
gka_5,ilp,0.1,22,"['44', '46', '17', '14', '6', '25', '11', '35', '49', '13', '38', '43', '23', '33', '40', '5', '21', '1', '26', '34', '47', '42']"
gka_6,akiba_iwata,0.1,16,"[1, 2, 4, 5, 6, 8, 12, 15, 17, 19, 22, 23, 24, 25, 27, 28]"
gka_6,ilp,0.1,16,"['15', '17', '14', '6', '22', '4', '5', '2', '12', '10', '26', '19', '28', '9', '1', '3']"
gka_7,akiba_iwata,0.1,18,"[0, 1, 2, 5, 6, 8, 9, 11, 12, 13, 14, 15, 21, 23, 24, 27, 28, 29]"
gka_7,ilp,0.0,18,"['15', '23', '17', '24', '6', '22', '4', '5', '2', '8', '27', '12', '28', '13', '0', '29', '9', '1']"
gka_8,akiba_iwata,7.2,28,"[3, 4, 9, 10, 11, 12, 13, 15, 16, 20, 25, 26, 31, 36, 53, 55, 59, 60, 63, 68, 79, 85, 86, 92, 93, 94, 95, 98]"
gka_8,ilp,4.8,28,"['15', '60', '13', '93', '79', '11', '20', '53', '12', '68', '4', '94', '10', '26', '55', '9', '98', '59', '25', '92', '78', '86', '3', '23', '63', '31', '74', '85']"
gka_9,akiba_iwata,0.1,2,"[1, 2]"
gka_9,ilp,0.0,2,"['4', '5']"
gka_10,akiba_iwata,0.1,8,"[1, 2, 3, 4, 5, 6, 7, 9]"
gka_10,ilp,0.0,8,"['7', '11', '10', '0', '9', '4', '2', '8']"
gka_11,akiba_iwata,0.1,10,"[1, 2, 3, 5, 6, 7, 8, 9, 10, 12]"
gka_11,ilp,0.0,10,"['12', '1', '7', '11', '10', '13', '6', '5', '2', '8']"
gka_12,akiba_iwata,0.1,20,"[1, 2, 4, 5, 6, 7, 8, 9, 10, 11, 12, 13, 14, 15, 16, 17, 19, 20, 21, 23]"
gka_12,ilp,0.0,20,"['15', '23', '17', '7', '11', '16', '14', '20', '6', '22', '4', '5', '2', '21', '12', '13', '9', '1', '18', '8']"
gka_13,akiba_iwata,0.1,16,"[1, 2, 3, 4, 5, 6, 7, 8, 9, 11, 12, 13, 15, 17, 18, 19]"
gka_13,ilp,0.0,16,"['15', '12', '17', '1', '7', '11', '16', '19', '14', '13', '3', '4', '6', '5', '2', '8']"
gka_14,akiba_iwata,0.1,22,"[1, 3, 4, 5, 6, 7, 8, 9, 10, 11, 12, 13, 14, 15, 17, 19, 20, 21, 22, 23, 24, 25]"
gka_14,ilp,0.0,22,"['15', '23', '7', '11', '24', '16', '14', '10', '6', '22', '25', '5', '2', '21', '12', '19', '13', '0', '9', '1', '18', '8']"
gka_15,akiba_iwata,0.1,0,[]
gka_15,ilp,0.0,0,[]
gka_16,akiba_iwata,0.1,0,[]
gka_16,ilp,0.0,0,[]
gka_17,akiba_iwata,0.1,0,[]
gka_17,ilp,0.0,0,[]
gka_18,akiba_iwata,0.1,2,"[0, 6]"
gka_18,ilp,0.0,2,"['1', '3']"
gka_19,akiba_iwata,0.2,31,"[0, 1, 2, 3, 4, 5, 6, 7, 8, 9, 12, 13, 14, 15, 17, 18, 21, 22, 24, 25, 26, 27, 28, 29, 30, 32, 33, 34, 35, 36, 38]"
gka_19,ilp,0.1,31,"['15', '36', '17', '24', '7', '14', '34', '22', '10', '19', '6', '4', '25', '29', '5', '2', '38', '35', '30', '21', '12', '27', '32', '26', '13', '33', '9', '1', '18', '8', '0']"
gka_20,akiba_iwata,0.6,39,"[1, 2, 3, 4, 6, 8, 9, 10, 11, 12, 13, 14, 15, 16, 18, 19, 20, 21, 22, 23, 24, 26, 27, 28, 29, 32, 34, 35, 36, 37, 38, 40, 41, 42, 44, 46, 47, 48, 49]"
gka_20,ilp,0.1,39,"['44', '15', '36', '17', '14', '48', '6', '22', '25', '11', '35', '30', '27', '49', '28', '13', '39', '38', '18', '8', '3', '23', '37', '33', '41', '24', '29', '16', '32', '20', '40', '4', '2', '12', '1', '26', '47', '42', '0']"
gka_21,akiba_iwata,1.7,40,"[0, 1, 2, 3, 4, 5, 6, 7, 8, 10, 11, 14, 16, 17, 18, 20, 21, 22, 25, 27, 28, 29, 31, 33, 34, 35, 36, 38, 39, 41, 42, 43, 46, 47, 48, 49, 52, 54, 55, 59]"
gka_21,ilp,0.3,40,"['46', '36', '17', '7', '14', '22', '10', '48', '6', '25', '11', '35', '27', '47', '49', '28', '33', '39', '38', '43', '42', '18', '8', '3', '54', '41', '29', '16', '59', '20', '4', '5', '2', '34', '21', '1', '55', '31', '52', '0']"
gka_22,akiba_iwata,5.4,43,"[0, 1, 3, 5, 8, 9, 11, 13, 15, 16, 17, 18, 19, 20, 21, 22, 28, 29, 30, 34, 35, 36, 37, 38, 39, 40, 41, 42, 44, 45, 46, 49, 51, 52, 57, 58, 59, 60, 61, 64, 66, 67, 69]"
gka_22,ilp,1.0,43,"['46', '36', '17', '15', '7', '51', '22', '52', '37', '35', '30', '61', '42', '49', '69', '67', '28', '13', '39', '38', '18', '8', '3', '11', '44', '45', '16', '20', '40', '60', '29', '5', '57', '34', '59', '58', '19', '56', '41', '9', '1', '66', '0']"
gka_23,akiba_iwata,42.6,46,"[0, 1, 3, 4, 6, 8, 9, 11, 13, 14, 15, 18, 21, 23, 25, 27, 28, 29, 30, 31, 32, 33, 35, 37, 39, 40, 44, 45, 49, 51, 52, 53, 57, 58, 59, 62, 64, 65, 67, 69, 71, 73, 74, 75, 76, 78]"
gka_23,ilp,16.9,46,"['15', '75', '51', '52', '4', '6', '65', '25', '35', '44', '71', '64', '49', '69', '67', '28', '13', '78', '73', '33', '39', '18', '8', '3', '23', '63', '54', '62', '37', '11', '30', '45', '74', '32', '0', '27', '9', '57', '53', '21', '59', '58', '76', '29', '31', '1']"
gka_24,akiba_iwata,74.3,37,"[3, 4, 15, 18, 20, 22, 23, 24, 25, 28, 30, 33, 34, 36, 38, 39, 40, 42, 46, 51, 53, 55, 56, 58, 59, 60, 62, 63, 64, 66, 72, 73, 79, 80, 83, 87, 89]"
gka_24,ilp,17.3,37,"['46', '36', '60', '83', '22', '64', '28', '13', '62', '33', '24', '53', '20', '4', '34', '55', '72', '3', '66', '75', '56', '30', '51', '80', '59', '25', '38', '89', '18', '42', '23', '63', '40', '87', '58', '79', '39']"
gka_25,akiba_iwata,122.9,42,"[2, 5, 6, 9, 11, 12, 13, 15, 17, 19, 27, 28, 31, 33, 34, 36, 37, 38, 39, 41, 45, 47, 48, 52, 53, 56, 60, 67, 68, 74, 75, 79, 81, 83, 84, 85, 86, 87, 88, 94, 96, 99]"
gka_25,ilp,28.6,42,"['36', '17', '15', '48', '83', '96', '28', '13', '79', '37', '33', '11', '45', '81', '53', '12', '68', '27', '94', '19', '34', '9', '1', '52', '60', '6', '38', '88', '67', '86', '3', '84', '31', '74', '87', '5', '2', '99', '47', '85', '41', '39']"
gka_26,akiba_iwata,160.5,43,"[1, 6, 7, 10, 12, 13, 14, 20, 21, 22, 23, 25, 26, 28, 34, 35, 38, 40, 42, 43, 45, 46, 48, 50, 54, 55, 59, 60, 63, 64, 68, 69, 70, 71, 73, 74, 78, 79, 81, 82, 93, 95, 97]"
gka_26,ilp,18.4,43,"['46', '36', '7', '48', '95', '82', '42', '28', '13', '93', '43', '79', '37', '11', '71', '20', '45', '12', '68', '21', '26', '76', '1', '65', '51', '14', '60', '38', '78', '3', '23', '63', '54', '70', '74', '40', '87', '2', '58', '99', '59', '41', '97']"
gka_27,akiba_iwata,535.3,62,"[0, 2, 6, 9, 10, 11, 14, 15, 16, 17, 19, 21, 22, 25, 26, 28, 29, 30, 33, 34, 35, 36, 37, 40, 41, 42, 44, 45, 46, 47, 48, 49, 50, 51, 52, 53, 54, 56, 57, 58, 59, 61, 63, 66, 68, 70, 72, 74, 75, 76, 78, 81, 82, 83, 85, 88, 89, 90, 92, 93, 94, 99]"
gka_27,ilp,192.6,62,"['46', '36', '17', '15', '48', '83', '49', '73', '44', '82', '64', '42', '28', '37', '33', '11', '20', '45', '81', '53', '68', '57', '21', '10', '26', '19', '34', '56', '55', '72', '9', '66', '52', '65', '98', '30', '51', '14', '6', '92', '35', '91', '89', '61', '78', '63', '54', '50', '84', '31', '29', '16', '70', '74', '32', '87', '2', '58', '59', '47', '41', '0']"
gka_28,akiba_iwata,284.9,70,"[0, 2, 4, 5, 6, 8, 9, 12, 15, 16, 17, 18, 19, 21, 22, 23, 24, 25, 26, 27, 28, 33, 34, 35, 36, 38, 42, 43, 45, 47, 48, 50, 51, 53, 54, 55, 56, 57, 58, 60, 62, 63, 65, 66, 67, 68, 70, 71, 73, 74, 75, 76, 77, 79, 80, 82, 83, 85, 86, 89, 90, 91, 92, 93, 94, 95, 96, 97, 98, 99]"
gka_28,ilp,366.0,70,"['36', '17', '15', '77', '83', '73', '95', '96', '82', '42', '28', '93', '43', '79', '90', '62', '33', '11', '24', '71', '45', '53', '12', '68', '4', '57', '21', '27', '94', '10', '26', '19', '76', '34', '56', '55', '9', '66', '75', '65', '98', '51', '80', '60', '6', '25', '92', '38', '35', '91', '89', '86', '18', '8', '23', '63', '54', '50', '84', '16', '70', '40', '5', '2', '58', '99', '59', '47', '85', '97']"
gka_29,akiba_iwata,64.3,77,"[1, 2, 3, 4, 5, 6, 7, 8, 10, 12, 13, 14, 15, 16, 17, 19, 21, 22, 23, 24, 25, 26, 27, 28, 29, 32, 33, 35, 38, 39, 40, 41, 42, 43, 44, 45, 46, 48, 49, 50, 51, 53, 54, 55, 58, 59, 61, 62, 63, 64, 65, 66, 67, 70, 71, 72, 74, 75, 76, 77, 78, 79, 80, 81, 82, 83, 84, 85, 86, 88, 90, 91, 92, 93, 96, 97, 99]"
gka_29,ilp,42.5,77,"['46', '17', '15', '7', '77', '48', '83', '49', '22', '96', '44', '82', '64', '42', '28', '13', '93', '43', '79', '90', '62', '33', '24', '71', '45', '81', '53', '12', '4', '21', '27', '10', '26', '19', '76', '55', '72', '1', '66', '75', '65', '51', '14', '80', '6', '25', '92', '38', '35', '91', '88', '61', '67', '78', '86', '8', '3', '23', '63', '54', '50', '84', '29', '16', '70', '74', '32', '40', '5', '2', '58', '99', '59', '85', '41', '97', '39']"
gka_30,akiba_iwata,32.7,82,"[0, 1, 2, 3, 4, 5, 6, 7, 8, 9, 10, 11, 12, 13, 14, 15, 16, 17, 18, 20, 21, 22, 23, 24, 25, 26, 27, 28, 29, 30, 31, 32, 33, 35, 36, 37, 38, 40, 41, 42, 43, 46, 50, 51, 53, 54, 56, 57, 58, 62, 63, 64, 66, 67, 68, 70, 71, 72, 73, 74, 76, 77, 78, 79, 81, 82, 83, 84, 86, 87, 88, 89, 90, 91, 92, 93, 94, 95, 96, 97, 98, 99]"
gka_30,ilp,53.2,82,"['46', '36', '17', '15', '7', '77', '83', '49', '22', '73', '95', '96', '44', '82', '64', '42', '13', '93', '79', '90', '62', '37', '33', '11', '24', '71', '20', '81', '53', '12', '68', '4', '57', '21', '94', '10', '26', '76', '34', '56', '55', '1', '66', '75', '65', '98', '30', '51', '14', '80', '60', '25', '92', '35', '91', '89', '61', '69', '67', '78', '86', '18', '8', '3', '63', '54', '84', '29', '16', '70', '32', '40', '87', '5', '2', '99', '59', '47', '85', '41', '97', '0']"
gka_31,akiba_iwata,11.7,85,"[0, 1, 2, 3, 4, 5, 6, 7, 8, 9, 10, 11, 12, 13, 15, 16, 19, 20, 21, 22, 23, 24, 25, 26, 27, 28, 29, 30, 31, 33, 34, 35, 36, 38, 39, 40, 41, 43, 44, 45, 46, 47, 48, 49, 50, 52, 54, 55, 57, 58, 60, 61, 62, 63, 64, 65, 66, 67, 68, 69, 70, 71, 73, 74, 75, 76, 77, 78, 79, 80, 81, 82, 83, 84, 85, 87, 89, 90, 92, 93, 94, 95, 96, 97, 99]"
gka_31,ilp,17.4,85,"['46', '36', '15', '7', '77', '48', '83', '49', '22', '73', '95', '44', '82', '64', '28', '13', '93', '43', '79', '90', '62', '33', '11', '24', '71', '20', '45', '81', '12', '68', '57', '21', '27', '94', '10', '26', '19', '76', '34', '55', '9', '1', '66', '52', '75', '65', '30', '51', '80', '60', '6', '25', '92', '38', '35', '91', '89', '61', '69', '67', '78', '18', '8', '3', '23', '63', '50', '84', '31', '29', '16', '70', '74', '40', '87', '5', '2', '58', '99', '59', '47', '85', '41', '0', '39']"
gka_32,akiba_iwata,5.3,88,"[0, 1, 2, 3, 4, 5, 6, 7, 8, 10, 11, 12, 13, 14, 15, 16, 17, 18, 19, 20, 21, 22, 23, 24, 25, 26, 27, 28, 30, 31, 32, 33, 34, 35, 36, 38, 39, 40, 41, 42, 43, 44, 46, 47, 48, 49, 50, 55, 56, 58, 60, 61, 62, 63, 65, 66, 67, 68, 69, 70, 71, 72, 73, 74, 75, 76, 77, 78, 80, 81, 82, 83, 84, 85, 86, 87, 88, 89, 90, 91, 92, 93, 94, 95, 96, 97, 98, 99]"
gka_32,ilp,19.2,88,"['46', '36', '17', '15', '7', '77', '48', '83', '49', '22', '73', '95', '96', '44', '82', '64', '42', '28', '13', '93', '43', '79', '90', '62', '33', '11', '71', '20', '81', '53', '68', '4', '57', '21', '27', '94', '10', '26', '19', '76', '34', '56', '55', '72', '66', '75', '65', '98', '30', '51', '14', '80', '60', '6', '25', '92', '35', '91', '88', '89', '61', '69', '67', '86', '18', '8', '3', '23', '63', '50', '84', '31', '29', '16', '70', '32', '40', '87', '5', '2', '58', '99', '59', '85', '41', '97', '0', '39']"
gka_33,akiba_iwata,4.0,90,"[0, 1, 2, 3, 4, 5, 6, 7, 8, 9, 10, 13, 14, 15, 16, 17, 18, 19, 20, 21, 22, 24, 26, 27, 28, 29, 30, 31, 32, 33, 34, 35, 36, 37, 38, 39, 40, 41, 42, 43, 44, 45, 46, 47, 48, 49, 50, 51, 53, 54, 56, 57, 58, 59, 60, 61, 62, 63, 64, 65, 66, 67, 69, 70, 71, 72, 73, 74, 75, 76, 77, 78, 80, 81, 82, 83, 84, 85, 86, 87, 88, 89, 90, 92, 93, 94, 95, 97, 98, 99]"
gka_33,ilp,2.2,90,"['46', '36', '17', '15', '7', '77', '48', '49', '22', '73', '95', '96', '44', '82', '64', '42', '28', '13', '93', '43', '90', '62', '37', '33', '11', '24', '20', '45', '81', '53', '12', '4', '57', '21', '27', '94', '10', '26', '19', '76', '34', '56', '72', '9', '1', '66', '75', '65', '98', '30', '51', '14', '80', '60', '6', '25', '92', '38', '35', '91', '88', '89', '61', '69', '78', '86', '18', '3', '63', '54', '50', '84', '31', '29', '16', '70', '74', '32', '40', '87', '5', '2', '58', '99', '59', '47', '41', '97', '0', '39']"
gka_34,akiba_iwata,2.5,92,"[0, 1, 2, 3, 4, 5, 7, 8, 9, 10, 11, 13, 14, 15, 16, 18, 19, 20, 21, 22, 23, 25, 26, 27, 28, 29, 30, 31, 32, 33, 34, 35, 37, 38, 39, 40, 41, 42, 43, 44, 45, 46, 47, 48, 49, 50, 51, 52, 53, 54, 55, 56, 57, 58, 59, 60, 61, 62, 63, 64, 65, 66, 67, 68, 69, 70, 71, 72, 73, 74, 77, 78, 79, 80, 81, 82, 83, 84, 85, 86, 87, 88, 89, 90, 91, 92, 93, 94, 95, 96, 98, 99]"
gka_34,ilp,1.4,92,"['46', '17', '15', '7', '77', '48', '83', '49', '22', '95', '96', '44', '82', '64', '42', '13', '93', '43', '79', '90', '62', '37', '33', '11', '71', '20', '45', '81', '53', '68', '4', '57', '21', '27', '94', '10', '26', '19', '76', '34', '56', '55', '72', '1', '66', '52', '75', '65', '98', '30', '51', '14', '80', '60', '6', '25', '92', '38', '35', '91', '88', '89', '61', '69', '67', '78', '86', '18', '8', '3', '23', '63', '54', '50', '84', '31', '29', '16', '70', '74', '32', '40', '87', '5', '2', '99', '59', '47', '85', '41', '0', '39']"
gka_35,akiba_iwata,0.1,0,[]
gka_35,ilp,0.0,0,[]
bqp50_1,akiba_iwata,0.1,11,"[2, 5, 14, 32, 33, 37, 42, 45, 46, 47, 49]"
bqp50_1,ilp,0.1,11,"['14', '49', '13', '43', '37', '45', '32', '5', '2', '47', '42']"
bqp50_2,akiba_iwata,0.1,11,"[5, 9, 10, 21, 27, 28, 30, 31, 33, 41, 46]"
bqp50_2,ilp,0.0,11,"['44', '46', '10', '30', '27', '28', '41', '5', '21', '12', '31']"
bqp50_3,akiba_iwata,0.2,14,"[8, 9, 12, 22, 23, 36, 39, 41, 42, 43, 44, 46, 47, 48]"
bqp50_3,ilp,0.0,14,"['44', '48', '22', '11', '30', '27', '43', '8', '23', '5', '26', '34', '42', '9']"
bqp50_4,akiba_iwata,0.1,11,"[10, 15, 16, 17, 19, 20, 21, 23, 28, 41, 45]"
bqp50_4,ilp,0.0,11,"['15', '36', '17', '14', '23', '41', '16', '45', '20', '19', '42']"
bqp50_5,akiba_iwata,0.2,13,"[1, 14, 23, 27, 31, 32, 33, 34, 35, 36, 37, 45, 48]"
bqp50_5,ilp,0.1,13,"['36', '14', '48', '35', '27', '23', '37', '33', '45', '32', '1', '34', '31']"
bqp50_6,akiba_iwata,0.1,9,"[6, 8, 11, 16, 20, 21, 22, 23, 37]"
bqp50_6,ilp,0.0,9,"['6', '11', '23', '37', '16', '20', '8', '21', '9']"
bqp50_7,akiba_iwata,0.1,9,"[1, 5, 16, 23, 26, 39, 43, 45, 47]"
bqp50_7,ilp,0.0,9,"['39', '43', '23', '16', '45', '5', '1', '26', '47']"
bqp50_8,akiba_iwata,0.2,14,"[0, 5, 8, 12, 14, 16, 17, 19, 24, 25, 26, 29, 35, 37]"
bqp50_8,ilp,0.1,14,"['17', '14', '25', '35', '8', '37', '24', '29', '16', '5', '12', '26', '19', '0']"
bqp50_9,akiba_iwata,0.2,12,"[10, 14, 15, 17, 20, 23, 27, 29, 34, 37, 40, 41]"
bqp50_9,ilp,0.1,12,"['15', '17', '14', '10', '23', '37', '41', '29', '32', '27', '20', '40']"
bqp50_10,akiba_iwata,0.1,11,"[1, 6, 8, 12, 15, 21, 24, 28, 36, 39, 41]"
bqp50_10,ilp,0.1,11,"['6', '30', '28', '39', '18', '3', '41', '2', '12', '26', '0']"
bqp100_1,akiba_iwata,97.8,41,"[0, 4, 5, 7, 10, 12, 13, 14, 15, 18, 22, 26, 31, 32, 36, 39, 45, 47, 52, 57, 58, 59, 60, 61, 62, 64, 68, 69, 72, 73, 74, 76, 79, 83, 86, 89, 92, 95, 96, 98, 99]"
bqp100_1,ilp,21.3,41,"['36', '7', '22', '73', '95', '96', '64', '13', '79', '62', '33', '45', '12', '68', '4', '57', '10', '26', '76', '72', '52', '98', '14', '60', '92', '89', '61', '69', '86', '18', '31', '29', '74', '32', '5', '58', '99', '59', '47', '0', '39']"
bqp100_2,akiba_iwata,185.5,42,"[3, 5, 7, 9, 10, 11, 13, 14, 15, 16, 21, 22, 26, 28, 29, 30, 31, 34, 36, 40, 41, 45, 48, 49, 50, 51, 56, 61, 66, 69, 70, 72, 73, 74, 75, 76, 85, 86, 87, 88, 94, 96]"
bqp100_2,ilp,52.7,42,"['36', '15', '7', '48', '22', '73', '96', '28', '13', '33', '11', '45', '94', '10', '26', '76', '34', '56', '72', '9', '66', '75', '30', '51', '14', '88', '61', '69', '86', '3', '50', '31', '29', '16', '70', '74', '40', '87', '5', '85', '41', '97']"
bqp100_3,akiba_iwata,242.3,42,"[0, 1, 5, 8, 9, 10, 17, 18, 19, 20, 23, 25, 26, 31, 34, 35, 36, 40, 46, 47, 48, 50, 52, 53, 57, 62, 63, 64, 65, 68, 73, 76, 77, 81, 82, 86, 91, 95, 96, 97, 98, 99]"
bqp100_3,ilp,20.9,42,"['46', '36', '77', '22', '73', '95', '96', '82', '43', '33', '71', '20', '81', '53', '57', '10', '26', '19', '76', '34', '56', '9', '1', '66', '52', '65', '98', '25', '35', '86', '18', '8', '23', '63', '50', '31', '40', '59', '47', '97', '0', '39']"
bqp100_4,akiba_iwata,199.8,41,"[4, 8, 10, 14, 15, 18, 21, 23, 24, 31, 32, 35, 36, 37, 39, 42, 44, 45, 46, 48, 49, 50, 52, 54, 57, 58, 60, 66, 68, 70, 71, 74, 75, 80, 81, 84, 88, 92, 94, 95, 96]"
bqp100_4,ilp,33.1,41,"['46', '77', '48', '49', '22', '73', '44', '42', '43', '37', '24', '71', '45', '81', '53', '68', '4', '57', '21', '94', '10', '1', '52', '75', '14', '60', '69', '86', '8', '23', '54', '31', '70', '74', '32', '5', '2', '58', '47', '85', '97']"
bqp100_5,akiba_iwata,208.6,42,"[2, 4, 5, 6, 9, 10, 11, 14, 18, 19, 20, 24, 25, 28, 32, 33, 34, 35, 37, 38, 39, 40, 42, 45, 46, 48, 57, 63, 65, 68, 71, 73, 79, 83, 87, 88, 89, 90, 91, 92, 93, 94]"
bqp100_5,ilp,41.7,42,"['15', '77', '49', '73', '96', '64', '42', '79', '33', '20', '45', '12', '57', '21', '27', '94', '26', '19', '76', '34', '56', '51', '14', '80', '60', '6', '25', '38', '61', '69', '78', '18', '8', '3', '63', '29', '32', '87', '5', '99', '41', '0']"
bqp100_6,akiba_iwata,143.6,43,"[0, 1, 2, 8, 9, 13, 15, 16, 17, 18, 25, 30, 33, 34, 42, 45, 46, 47, 48, 50, 53, 55, 56, 62, 64, 66, 67, 68, 70, 72, 74, 81, 82, 83, 84, 86, 91, 93, 94, 96, 97, 98, 99]"
bqp100_6,ilp,99.6,43,"['17', '48', '83', '73', '96', '82', '42', '13', '93', '62', '37', '33', '11', '20', '45', '81', '53', '12', '68', '26', '76', '34', '56', '9', '98', '91', '67', '86', '18', '8', '50', '84', '29', '16', '70', '74', '2', '58', '59', '41', '97', '0', '39']"
bqp100_7,akiba_iwata,182.0,42,"[1, 2, 7, 8, 9, 11, 12, 20, 22, 23, 28, 30, 31, 32, 35, 36, 38, 42, 44, 48, 51, 59, 60, 61, 66, 67, 72, 73, 74, 77, 78, 79, 80, 81, 84, 88, 89, 93, 94, 95, 96, 99]"
bqp100_7,ilp,40.4,42,"['46', '36', '7', '48', '22', '95', '96', '42', '13', '93', '37', '11', '20', '12', '4', '57', '21', '27', '94', '34', '56', '9', '1', '66', '80', '60', '25', '38', '91', '89', '78', '18', '8', '23', '84', '31', '16', '87', '2', '58', '99', '0']"
bqp100_8,akiba_iwata,356.7,43,"[4, 5, 9, 13, 14, 15, 17, 25, 26, 33, 34, 35, 39, 41, 42, 43, 47, 49, 50, 54, 56, 57, 59, 61, 66, 68, 70, 71, 72, 75, 77, 79, 80, 83, 85, 86, 87, 90, 92, 93, 94, 96, 97]"
bqp100_8,ilp,39.3,43,"['15', '83', '96', '64', '42', '13', '79', '90', '37', '11', '71', '53', '68', '4', '94', '10', '26', '56', '72', '9', '66', '75', '65', '30', '51', '14', '80', '6', '25', '92', '35', '91', '18', '54', '70', '32', '87', '5', '58', '99', '47', '41', '39']"
bqp100_9,akiba_iwata,321.4,44,"[0, 6, 10, 11, 12, 13, 15, 18, 21, 22, 24, 25, 27, 29, 31, 32, 33, 34, 35, 38, 40, 41, 42, 43, 49, 51, 52, 53, 54, 56, 57, 67, 68, 69, 72, 73, 75, 77, 81, 83, 85, 86, 93, 97]"
bqp100_9,ilp,72.9,44,"['17', '77', '83', '49', '73', '95', '44', '64', '42', '13', '93', '37', '33', '11', '24', '20', '45', '81', '53', '68', '4', '19', '34', '9', '75', '98', '30', '6', '25', '38', '35', '69', '67', '18', '63', '31', '70', '32', '40', '87', '99', '41', '97', '0']"
bqp100_10,akiba_iwata,188.6,44,"[4, 5, 6, 8, 10, 12, 13, 15, 16, 18, 21, 22, 28, 31, 32, 33, 34, 35, 39, 43, 48, 50, 51, 54, 55, 56, 57, 63, 64, 65, 73, 74, 75, 76, 79, 80, 81, 84, 85, 87, 90, 92, 93, 99]"
bqp100_10,ilp,118.3,44,"['7', '77', '73', '42', '93', '43', '79', '33', '71', '81', '4', '57', '26', '19', '34', '56', '55', '72', '1', '66', '52', '75', '98', '80', '6', '92', '38', '91', '88', '67', '86', '18', '8', '63', '54', '50', '84', '31', '70', '74', '40', '5', '99', '39']"
aa10,ilp_1t,0.0,6,"['24', '30', '1', '14', '19', '17']"
aa11,ilp_1t,0.2,11,"['17', '2', '21', '23', '18', '19', '0', '15', '29', '7', '1']"
aa13,ilp_1t,0.1,12,"['4', '41', '21', '26', '24', '36', '42', '35', '22', '28', '0', '15']"
aa14,ilp_1t,0.3,19,"['33', '16', '41', '39', '2', '26', '5', '36', '27', '35', '38', '22', '6', '15', '13', '29', '8', '7', '10']"
aa15,ilp_1t,0.0,6,"['4', '3', '28', '9', '10', '8']"
aa16,ilp_1t,0.0,0,[]
aa17,ilp_1t,0.8,25,"['33', '8', '16', '40', '48', '2', '24', '37', '52', '32', '20', '23', '30', '29', '27', '11', '18', '38', '19', '6', '15', '26', '13', '7', '10']"
aa18,ilp_1t,0.1,14,"['11', '4', '24', '41', '29', '8', '2', '35', '45', '21', '14', '44', '5', '32']"
aa19,ilp_1t,0.8,19,"['24', '9', '27', '35', '25', '56', '5', '4', '10', '41', '37', '21', '32', '36', '47', '38', '22', '0', '20']"
aa20,ilp_1t,0.8,19,"['39', '9', '44', '25', '5', '28', '26', '16', '50', '41', '43', '52', '55', '36', '45', '30', '47', '14', '53']"
aa21,ilp_1t,0.0,0,[]
aa22,ilp_1t,0.1,16,"['1', '41', '46', '2', '21', '31', '32', '11', '23', '45', '36', '27', '47', '14', '22', '28']"
aa23,ilp_1t,0.4,18,"['33', '16', '40', '73', '44', '51', '21', '31', '23', '9', '42', '18', '38', '6', '13', '29', '8', '7']"
aa24,ilp_1t,0.2,21,"['70', '76', '12', '49', '3', '31', '63', '32', '61', '35', '1', '33', '2', '37', '20', '55', '36', '30', '69', '13', '29']"
aa25,ilp_1t,0.0,0,[]
aa26,ilp_1t,0.0,12,"['29', '35', '25', '1', '21', '38', '22', '19', '0', '33', '5', '30']"
aa27,ilp_1t,0.3,11,"['40', '31', '23', '9', '20', '11', '30', '0', '27', '17', '6']"
aa28,ilp_1t,0.8,27,"['17', '46', '40', '64', '51', '2', '24', '37', '31', '59', '60', '32', '9', '54', '30', '36', '11', '58', '25', '45', '56', '18', '14', '28', '6', '15', '13']"
aa29,ilp_1t,0.3,21,"['40', '58', '25', '15', '7', '33', '17', '6', '20', '55', '66', '36', '68', '42', '21', '45', '14', '10', '38', '29', '54']"
aa30,ilp_1t,0.0,4,"['11', '4', '9', '7']"
aa31,ilp_1t,0.0,0,[]
aa32,ilp_1t,1.0,30,"['33', '16', '4', '1', '73', '49', '39', '21', '52', '59', '60', '32', '23', '9', '55', '25', '11', '24', '57', '30', '36', '0', '27', '35', '56', '45', '18', '14', '19', '20']"
aa33,ilp_1t,0.0,4,"['24', '33', '37', '32']"
aa34,ilp_1t,0.1,13,"['16', '37', '3', '21', '31', '5', '11', '36', '35', '14', '19', '20', '13']"
aa35,ilp_1t,0.1,10,"['24', '3', '37', '21', '14', '0', '13', '20', '30', '32']"
aa36,ilp_1t,0.1,7,"['8', '17', '31', '32', '18', '29', '10']"
aa37,ilp_1t,0.0,4,"['18', '28', '5', '1']"
aa38,ilp_1t,0.2,26,"['16', '41', '65', '48', '49', '39', '21', '52', '60', '26', '5', '63', '42', '35', '25', '56', '47', '18', '38', '22', '0', '6', '50', '29', '62', '7']"
aa39,ilp_1t,0.6,23,"['17', '3', '31', '23', '9', '20', '5', '11', '24', '57', '30', '29', '47', '27', '56', '18', '22', '19', '28', '6', '13', '7', '10']"
aa40,ilp_1t,0.2,22,"['53', '33', '40', '12', '48', '44', '50', '52', '37', '54', '17', '55', '32', '36', '27', '58', '56', '45', '47', '18', '28', '8']"
aa41,ilp_1t,1.5,40,"['46', '76', '12', '48', '49', '71', '87', '63', '11', '44', '23', '79', '27', '58', '56', '18', '51', '15', '62', '8', '7', '53', '50', '74', '72', '2', '6', '86', '20', '41', '66', '57', '68', '45', '30', '47', '14', '10', '13', '29']"
aa42,ilp_1t,1.3,30,"['49', '85', '81', '59', '32', '11', '24', '61', '80', '18', '79', '84', '58', '35', '5', '78', '65', '28', '1', '33', '16', '50', '77', '75', '74', '162', '66', '47', '10', '69']"
aa43,ilp_1t,0.1,18,"['16', '4', '36', '8', '27', '39', '2', '30', '21', '10', '38', '31', '22', '28', '6', '20', '32', '5']"
aa44,ilp_1t,0.1,10,"['16', '4', '27', '25', '21', '14', '22', '13', '7', '5']"
aa45,ilp_1t,0.3,20,"['11', '4', '24', '36', '29', '33', '3', '42', '12', '2', '35', '26', '21', '38', '22', '17', '6', '23', '20', '30']"
aa46,ilp_1t,0.1,13,"['16', '3', '20', '54', '63', '45', '56', '14', '22', '19', '0', '26', '13']"
aa47,ilp_1t,0.0,13,"['33', '29', '16', '2', '25', '30', '18', '19', '28', '6', '32', '20', '5']"
aa48,ilp_1t,0.3,17,"['33', '27', '39', '16', '37', '18', '1', '38', '19', '0', '34', '15', '9', '20', '7', '17', '23']"
aa49,ilp_1t,0.0,0,[]
aa50,ilp_1t,0.4,18,"['53', '33', '49', '39', '52', '31', '59', '23', '5', '11', '24', '58', '35', '18', '22', '29', '8', '7']"
aa51,ilp_1t,0.0,11,"['11', '24', '41', '3', '42', '43', '35', '17', '6', '9', '7']"
aa52,ilp_1t,0.2,12,"['11', '24', '12', '2', '25', '30', '3', '18', '21', '0', '1', '17']"
aa53,ilp_1t,0.1,12,"['24', '33', '3', '42', '12', '27', '16', '37', '26', '38', '31', '34']"
aa54,ilp_1t,0.3,12,"['29', '40', '42', '12', '16', '35', '26', '18', '31', '19', '15', '20']"
j10,ilp_1t,0.0,3,"['0', '5', '8']"
j11,ilp_1t,0.0,5,"['18', '24', '19', '17', '25']"
j13,ilp_1t,0.0,4,"['24', '29', '5', '17']"
j14,ilp_1t,0.0,3,"['15', '14', '1']"
j15,ilp_1t,0.0,0,[]
j16,ilp_1t,0.0,0,[]
j17,ilp_1t,0.1,10,"['11', '4', '8', '27', '2', '25', '21', '15', '23', '9']"
j18,ilp_1t,0.0,9,"['11', '46', '3', '42', '2', '45', '18', '6', '9']"
j19,ilp_1t,0.0,3,"['16', '10', '5']"
j20,ilp_1t,0.0,0,[]
j21,ilp_1t,0.0,2,"['7', '4']"
j22,ilp_1t,0.0,9,"['41', '36', '40', '43', '44', '35', '37', '26', '32']"
j23,ilp_1t,0.2,19,"['24', '36', '29', '40', '3', '20', '42', '49', '2', '41', '37', '45', '21', '14', '19', '7', '5', '17', '8']"
j24,ilp_1t,0.0,3,"['40', '35', '20']"
j25,ilp_1t,0.0,0,[]
j26,ilp_1t,0.0,6,"['3', '24', '28', '26', '27', '21']"
j28,ilp_1t,0.0,13,"['41', '40', '42', '43', '39', '14', '10', '38', '52', '9', '5', '44', '8']"
gka_1,ilp_1t,0.1,9,"['29', '40', '4', '25', '30', '14', '43', '39', '13']"
gka_2,ilp_1t,0.3,16,"['33', '36', '12', '48', '2', '41', '30', '47', '38', '31', '22', '19', '28', '23', '5', '44']"
gka_3,ilp_1t,4.4,23,"['11', '57', '29', '46', '59', '3', '43', '27', '64', '45', '47', '38', '52', '22', '17', '69', '19', '60', '15', '23', '48', '54', '55']"
gka_4,ilp_1t,4.9,28,"['77', '57', '68', '46', '40', '43', '49', '61', '50', '2', '35', '37', '18', '1', '10', '31', '53', '65', '59', '69', '76', '62', '9', '20', '5', '17', '32', '67']"
gka_5,ilp_1t,0.2,22,"['11', '46', '12', '48', '49', '16', '35', '25', '45', '47', '21', '14', '43', '39', '6', '34', '15', '23', '13', '9', '26', '17']"
gka_6,ilp_1t,0.1,16,"['3', '4', '16', '14', '22', '19', '17', '28', '6', '12', '26', '15', '13', '2', '5', '10']"
gka_7,ilp_1t,0.1,18,"['4', '24', '16', '22', '19', '17', '28', '9', '6', '0', '12', '15', '23', '29', '27', '2', '8', '25']"
gka_8,ilp_1t,10.3,28,"['53', '93', '4', '94', '12', '49', '3', '31', '85', '59', '60', '23', '86', '9', '20', '55', '25', '75', '11', '92', '68', '36', '78', '63', '38', '79', '26', '13']"
gka_9,ilp_1t,0.0,2,"['5', '4']"
gka_10,ilp_1t,0.0,8,"['6', '0', '11', '3', '7', '2', '10', '8']"
gka_11,ilp_1t,0.0,10,"['11', '3', '13', '12', '9', '7', '2', '5', '10', '8']"
gka_12,ilp_1t,0.0,20,"['11', '18', '16', '4', '14', '10', '22', '19', '9', '12', '15', '23', '13', '20', '21', '7', '2', '5', '1', '8']"
gka_13,ilp_1t,0.0,16,"['2', '18', '12', '15', '16', '8', '13', '7', '14', '0', '5', '1', '10', '19', '17', '9']"
gka_14,ilp_1t,0.0,22,"['11', '18', '16', '4', '10', '22', '17', '9', '3', '0', '12', '20', '15', '23', '13', '21', '7', '2', '5', '1', '8', '25']"
gka_15,ilp_1t,0.0,0,[]
gka_16,ilp_1t,0.0,0,[]
gka_17,ilp_1t,0.0,0,[]
gka_18,ilp_1t,0.0,2,"['3', '1']"
gka_19,ilp_1t,0.0,31,"['30', '33', '18', '4', '24', '14', '35', '38', '19', '22', '36', '17', '9', '6', '0', '34', '12', '15', '13', '29', '26', '21', '2', '5', '1', '27', '10', '7', '32', '8', '25']"
gka_20,ilp_1t,0.3,39,"['11', '44', '4', '24', '36', '29', '40', '3', '42', '12', '48', '27', '49', '16', '2', '41', '35', '37', '25', '30', '47', '18', '14', '38', '22', '19', '28', '0', '6', '15', '32', '23', '13', '9', '1', '26', '17', '10', '8']"
gka_21,ilp_1t,0.5,40,"['33', '11', '16', '24', '36', '29', '46', '20', '8', '0', '42', '48', '27', '49', '39', '58', '50', '2', '41', '35', '37', '25', '47', '18', '1', '21', '14', '10', '38', '31', '52', '22', '43', '59', '28', '6', '34', '7', '5', '17']"
gka_22,ilp_1t,3.0,43,"['11', '66', '16', '57', '41', '36', '29', '46', '59', '3', '0', '42', '49', '64', '61', '39', '44', '35', '37', '25', '47', '18', '1', '21', '51', '10', '38', '31', '52', '22', '17', '19', '28', '60', '34', '15', '20', '32', '48', '5', '54', '8', '67']"
gka_23,ilp_1t,128.1,46,"['11', '4', '57', '29', '33', '40', '3', '8', '73', '27', '49', '74', '64', '39', '58', '35', '37', '25', '45', '18', '1', '21', '51', '14', '31', '52', '53', '75', '65', '59', '28', '71', '0', '6', '69', '15', '76', '62', '78', '23', '13', '9', '44', '30', '32', '67']"
gka_24,ilp_1t,90.3,37,"['53', '33', '4', '46', '40', '64', '39', '72', '2', '85', '81', '59', '60', '87', '55', '25', '66', '24', '30', '89', '36', '20', '80', '42', '67', '58', '63', '56', '51', '38', '22', '83', '79', '34', '15', '62', '13']"
gka_25,ilp_1t,105.7,42,"['53', '33', '41', '17', '94', '12', '39', '2', '52', '81', '37', '88', '31', '99', '85', '60', '87', '86', '9', '5', '75', '67', '96', '11', '68', '36', '27', '84', '56', '45', '47', '38', '19', '28', '83', '79', '6', '34', '15', '48', '13', '74']"
gka_26,ilp_1t,83.8,43,"['93', '70', '43', '46', '40', '12', '97', '64', '72', '50', '71', '95', '81', '21', '99', '59', '60', '23', '20', '55', '25', '11', '82', '68', '78', '42', '35', '63', '45', '54', '14', '38', '28', '79', '6', '34', '26', '48', '13', '7', '1', '10', '74']"
gka_28,ilp_1t,398.7,70,"['53', '93', '33', '8', '16', '4', '77', '17', '70', '43', '94', '76', '73', '12', '97', '50', '71', '2', '95', '91', '21', '99', '85', '60', '23', '86', '9', '5', '55', '25', '75', '96', '11', '66', '92', '89', '82', '24', '98', '57', '68', '36', '80', '42', '27', '84', '58', '90', '35', '63', '56', '45', '47', '18', '54', '51', '38', '22', '19', '65', '28', '83', '79', '6', '34', '15', '26', '62', '48', '74']"
gka_29,ilp_1t,180.7,77,"['53', '93', '33', '8', '16', '4', '77', '41', '17', '70', '43', '40', '76', '12', '49', '97', '64', '39', '44', '72', '50', '71', '2', '81', '3', '91', '21', '88', '99', '85', '59', '23', '86', '5', '55', '25', '75', '32', '67', '96', '66', '92', '82', '24', '78', '61', '80', '42', '27', '84', '58', '90', '35', '63', '45', '54', '51', '14', '38', '22', '69', '19', '65', '28', '83', '79', '6', '15', '26', '62', '48', '13', '29', '7', '1', '10', '74']"
gka_30,ilp_1t,328.7,82,"['53', '93', '33', '8', '16', '4', '17', '70', '94', '46', '40', '76', '73', '12', '49', '97', '64', '39', '44', '71', '2', '95', '81', '37', '3', '91', '21', '88', '31', '99', '85', '59', '60', '87', '86', '9', '20', '5', '55', '25', '75', '32', '67', '96', '11', '66', '92', '89', '82', '24', '98', '57', '30', '68', '36', '78', '61', '80', '42', '35', '56', '47', '18', '54', '51', '14', '22', '28', '83', '0', '79', '6', '34', '15', '26', '62', '13', '29', '7', '1', '10', '74']"
gka_31,ilp_1t,114.9,85,"['93', '33', '8', '16', '77', '41', '70', '43', '94', '46', '40', '76', '73', '12', '49', '97', '64', '39', '44', '50', '71', '2', '95', '52', '81', '3', '91', '21', '31', '85', '59', '60', '87', '23', '20', '5', '55', '25', '75', '67', '96', '11', '66', '92', '89', '82', '24', '57', '30', '68', '36', '78', '61', '80', '27', '84', '58', '90', '35', '63', '45', '47', '18', '51', '38', '22', '69', '19', '65', '28', '83', '0', '79', '6', '34', '15', '26', '62', '48', '13', '29', '7', '1', '10', '74']"
gka_32,ilp_1t,41.7,88,"['53', '93', '33', '8', '16', '4', '77', '41', '17', '70', '43', '94', '46', '40', '76', '73', '12', '97', '64', '39', '44', '72', '71', '2', '95', '81', '3', '91', '21', '88', '31', '99', '85', '59', '87', '86', '9', '5', '55', '25', '75', '32', '67', '96', '66', '92', '89', '82', '24', '57', '30', '68', '36', '78', '61', '80', '42', '27', '84', '58', '90', '35', '63', '56', '45', '47', '18', '54', '51', '22', '69', '19', '65', '28', '83', '0', '79', '6', '15', '26', '62', '48', '13', '29', '7', '1', '10', '74']"
gka_33,ilp_1t,7.2,90,"['53', '33', '8', '16', '4', '77', '41', '17', '70', '43', '94', '46', '40', '76', '73', '12', '49', '97', '64', '39', '44', '72', '50', '71', '2', '95', '81', '37', '91', '88', '31', '99', '85', '59', '60', '87', '23', '86', '9', '20', '5', '55', '25', '75', '32', '67', '96', '11', '92', '89', '82', '24', '98', '30', '68', '78', '61', '80', '42', '27', '84', '58', '90', '35', '63', '45', '47', '18', '54', '51', '14', '38', '22', '19', '65', '28', '0', '79', '6', '34', '15', '26', '62', '48', '13', '29', '7', '1', '10', '74']"
gka_34,ilp_1t,1.3,92,"['53', '93', '33', '8', '16', '4', '77', '41', '70', '43', '94', '46', '40', '73', '12', '49', '97', '64', '39', '72', '50', '71', '2', '95', '52', '81', '37', '3', '91', '21', '88', '31', '85', '59', '60', '87', '23', '86', '9', '20', '5', '55', '25', '32', '67', '96', '11', '66', '92', '89', '82', '98', '57', '30', '36', '78', '61', '80', '42', '27', '84', '58', '90', '35', '63', '56', '45', '47', '18', '54', '51', '14', '38', '22', '69', '19', '65', '28', '83', '0', '79', '34', '15', '26', '62', '48', '13', '29', '7', '1', '10', '74']"
gka_35,ilp_1t,0.0,0,[]
bqp50_1,ilp_1t,0.2,11,"['33', '46', '42', '49', '2', '37', '30', '47', '14', '32', '5']"
bqp50_2,ilp_1t,0.0,11,"['46', '12', '27', '30', '21', '10', '31', '28', '9', '20', '5']"
bqp50_3,ilp_1t,0.2,14,"['44', '36', '40', '41', '30', '22', '43', '39', '0', '23', '9', '5', '10', '8']"
bqp50_4,ilp_1t,0.1,11,"['33', '16', '41', '3', '21', '19', '28', '15', '23', '17', '10']"
bqp50_5,ilp_1t,0.1,13,"['33', '48', '27', '2', '41', '35', '21', '14', '31', '34', '32', '23', '1']"
bqp50_6,ilp_1t,0.1,9,"['11', '16', '20', '37', '21', '22', '6', '23', '8']"
bqp50_7,ilp_1t,0.0,9,"['16', '45', '47', '43', '39', '23', '13', '5', '1']"
bqp50_8,ilp_1t,0.1,14,"['24', '29', '12', '16', '35', '37', '25', '45', '14', '19', '0', '5', '17', '8']"
bqp50_9,ilp_1t,0.1,12,"['41', '29', '40', '27', '37', '14', '34', '15', '20', '23', '17', '10']"
bqp50_10,ilp_1t,0.0,11,"['24', '41', '36', '12', '21', '28', '6', '15', '32', '1', '8']"
bqp100_1,ilp_1t,66.5,41,"['4', '76', '73', '12', '64', '39', '72', '95', '52', '31', '99', '59', '60', '86', '5', '32', '96', '92', '89', '98', '57', '68', '36', '61', '58', '45', '47', '18', '14', '22', '69', '83', '0', '79', '15', '26', '62', '13', '7', '10', '74']"
bqp100_2,ilp_1t,244.3,42,"['16', '41', '70', '94', '40', '76', '73', '12', '49', '72', '50', '3', '88', '31', '85', '87', '86', '9', '5', '75', '96', '11', '66', '30', '36', '61', '56', '45', '51', '14', '22', '69', '28', '34', '15', '26', '48', '13', '29', '7', '10', '74']"
bqp100_3,ilp_1t,141.3,42,"['53', '33', '8', '77', '17', '43', '46', '40', '76', '73', '97', '39', '50', '71', '95', '52', '81', '31', '23', '86', '9', '20', '25', '96', '82', '98', '57', '36', '35', '63', '56', '47', '18', '22', '19', '65', '0', '34', '26', '62', '1', '10']"
bqp100_4,ilp_1t,194.9,41,"['53', '8', '4', '70', '94', '46', '49', '44', '71', '95', '52', '81', '37', '21', '88', '31', '60', '23', '75', '32', '96', '66', '24', '57', '68', '36', '80', '42', '84', '58', '35', '45', '47', '18', '54', '14', '22', '15', '48', '10', '74']"
bqp100_5,ilp_1t,173.2,42,"['53', '93', '33', '8', '4', '77', '94', '46', '40', '73', '71', '3', '88', '87', '9', '5', '55', '25', '32', '67', '96', '89', '24', '68', '36', '78', '61', '27', '90', '63', '56', '45', '54', '14', '38', '19', '0', '6', '34', '62', '48', '29']"
bqp100_6,ilp_1t,223.0,43,"['53', '33', '8', '16', '17', '94', '97', '64', '72', '50', '2', '81', '37', '91', '87', '86', '9', '55', '25', '67', '96', '11', '66', '92', '68', '61', '80', '42', '84', '56', '47', '18', '69', '65', '83', '0', '34', '62', '48', '29', '1', '10', '74']"
bqp100_7,ilp_1t,170.2,42,"['93', '8', '16', '4', '43', '94', '12', '44', '2', '95', '52', '81', '37', '99', '60', '23', '9', '20', '5', '75', '96', '66', '89', '57', '36', '61', '80', '42', '27', '84', '90', '51', '38', '22', '28', '83', '79', '34', '15', '48', '13', '1']"
bqp100_8,ilp_1t,180.6,43,"['33', '4', '41', '70', '94', '73', '64', '39', '72', '71', '81', '91', '99', '85', '87', '86', '9', '5', '25', '75', '32', '96', '66', '92', '57', '68', '61', '80', '42', '58', '90', '35', '56', '47', '54', '51', '14', '65', '83', '6', '15', '26', '13']"
bqp100_9,ilp_1t,335.6,44,"['53', '93', '33', '4', '77', '41', '17', '70', '73', '49', '97', '64', '44', '95', '52', '81', '37', '99', '87', '9', '20', '25', '75', '32', '67', '11', '24', '98', '57', '30', '68', '42', '35', '45', '18', '38', '69', '19', '83', '0', '6', '34', '62', '13']"
bqp100_10,ilp_1t,362.6,44,"['33', '16', '4', '77', '43', '49', '64', '39', '71', '81', '21', '88', '31', '99', '60', '23', '20', '5', '55', '75', '32', '96', '66', '92', '57', '68', '36', '78', '80', '90', '35', '63', '18', '51', '14', '19', '65', '28', '79', '6', '48', '13', '10', '74']"
aa10,ic,1.0,6,"['1', '14', '17', '19', '24', '30']"
aa11,ic,1.0,11,"['1', '11', '14', '15', '17', '21', '24', '27', '29', '6', '7']"
aa13,ic,1.0,12,"['15', '20', '22', '24', '26', '28', '30', '35', '36', '4', '41', '42']"
aa14,ic,4.7,19,"['10', '13', '14', '15', '16', '22', '26', '27', '29', '33', '35', '36', '38', '39', '41', '5', '6', '7', '8']"
aa15,ic,1.0,6,"['10', '28', '3', '4', '8', '9']"
aa16,ic,1.0,0,[]
aa17,ic,6.4,25,"['10', '11', '13', '14', '15', '16', '18', '19', '2', '20', '21', '23', '24', '27', '32', '38', '39', '41', '48', '50', '53', '54', '6', '7', '8']"
aa18,ic,1.0,14,"['1', '14', '2', '21', '24', '29', '32', '33', '35', '41', '44', '45', '46', '8']"
aa19,ic,2.7,19,"['10', '20', '21', '22', '24', '25', '27', '32', '35', '36', '37', '38', '4', '47', '5', '56', '58', '60', '9']"
aa20,ic,1.1,20,"['11', '14', '25', '30', '31', '32', '34', '36', '39', '41', '43', '44', '45', '47', '5', '50', '52', '53', '55', '9']"
aa21,ic,1.0,0,[]
aa22,ic,1.0,16,"['0', '1', '11', '14', '2', '21', '22', '23', '27', '28', '31', '32', '36', '41', '46', '47']"
aa23,ic,1.0,18,"['10', '11', '13', '16', '21', '23', '29', '31', '33', '38', '40', '41', '42', '44', '5', '51', '6', '9']"
aa24,ic,1.4,21,"['1', '12', '13', '2', '20', '29', '3', '30', '31', '32', '33', '35', '36', '37', '49', '55', '61', '63', '69', '70', '76']"
aa25,ic,1.0,0,[]
aa26,ic,1.0,12,"['1', '19', '21', '22', '25', '29', '30', '31', '33', '35', '38', '5']"
aa27,ic,1.0,11,"['0', '1', '20', '23', '27', '30', '31', '40', '43', '44', '9']"
aa28,ic,1.1,28,"['11', '13', '14', '15', '17', '18', '20', '24', '25', '28', '30', '31', '32', '35', '36', '37', '41', '46', '49', '52', '53', '54', '59', '60', '62', '63', '64', '9']"
aa29,ic,1.1,21,"['10', '14', '15', '17', '20', '21', '25', '29', '33', '36', '38', '42', '45', '5', '54', '55', '58', '6', '66', '68', '7']"
aa30,ic,1.0,4,"['11', '2', '4', '7']"
aa31,ic,1.0,0,[]
aa32,ic,10.2,30,"['0', '1', '11', '14', '16', '19', '20', '21', '23', '24', '25', '27', '30', '32', '33', '35', '36', '39', '4', '45', '49', '52', '55', '56', '57', '59', '6', '60', '7', '9']"
aa33,ic,1.0,4,"['24', '32', '33', '35']"
aa34,ic,1.0,13,"['11', '13', '14', '16', '19', '20', '21', '28', '3', '31', '35', '36', '5']"
aa35,ic,1.0,10,"['0', '13', '14', '16', '20', '21', '3', '30', '32', '37']"
aa36,ic,1.0,7,"['10', '17', '18', '29', '31', '32', '8']"
aa37,ic,1.0,4,"['1', '20', '4', '5']"
aa38,ic,1.5,26,"['0', '16', '18', '21', '22', '25', '26', '29', '35', '38', '39', '41', '42', '47', '48', '49', '5', '50', '52', '56', '6', '60', '62', '63', '65', '7']"
aa39,ic,2.7,23,"['10', '11', '13', '17', '18', '19', '20', '22', '23', '24', '27', '28', '29', '3', '30', '31', '35', '40', '47', '5', '6', '7', '9']"
aa40,ic,1.5,22,"['12', '17', '18', '27', '28', '32', '33', '37', '40', '41', '44', '45', '46', '47', '48', '50', '52', '53', '55', '56', '58', '8']"
aa41,ic,48.0,40,"['10', '11', '13', '14', '15', '18', '2', '26', '27', '28', '29', '30', '35', '41', '44', '45', '46', '47', '48', '49', '50', '51', '56', '57', '58', '6', '61', '62', '63', '66', '68', '7', '71', '72', '74', '76', '79', '8', '86', '87']"
aa42,ic,2.1,30,"['1', '10', '11', '16', '18', '20', '24', '28', '31', '32', '33', '47', '49', '5', '50', '56', '58', '59', '61', '65', '66', '69', '74', '75', '77', '78', '79', '80', '81', '85']"
aa43,ic,1.0,19,"['10', '13', '14', '16', '17', '2', '20', '21', '22', '25', '27', '28', '31', '32', '36', '38', '4', '7', '8']"
aa44,ic,1.0,10,"['0', '16', '22', '23', '25', '26', '27', '29', '30', '4']"
aa45,ic,1.1,20,"['11', '12', '17', '2', '20', '21', '22', '23', '24', '26', '29', '3', '33', '35', '36', '37', '38', '4', '42', '6']"
aa46,ic,1.0,13,"['0', '1', '13', '14', '16', '19', '2', '22', '26', '3', '45', '54', '56']"
aa47,ic,1.0,13,"['16', '17', '18', '2', '20', '25', '28', '29', '30', '32', '33', '5', '6']"
aa48,ic,1.0,17,"['0', '15', '17', '18', '19', '21', '23', '27', '3', '33', '34', '35', '37', '38', '40', '5', '6']"
aa49,ic,1.0,0,[]
aa50,ic,1.0,18,"['11', '18', '20', '22', '23', '24', '29', '31', '33', '35', '39', '49', '5', '52', '53', '58', '59', '7']"
aa51,ic,1.0,11,"['1', '11', '24', '25', '3', '35', '41', '42', '6', '7', '9']"
aa52,ic,1.0,12,"['0', '1', '11', '12', '17', '18', '21', '24', '25', '29', '3', '30']"
aa53,ic,1.0,12,"['16', '24', '26', '27', '3', '31', '33', '34', '36', '38', '40', '42']"
aa54,ic,1.0,12,"['12', '15', '16', '18', '19', '20', '26', '29', '31', '35', '40', '42']"
j10,ic,1.0,3,"['0', '5', '8']"
j11,ic,1.0,5,"['17', '18', '19', '24', '25']"
j13,ic,1.0,4,"['17', '24', '29', '5']"
j14,ic,1.0,3,"['1', '14', '15']"
j15,ic,1.0,0,[]
j16,ic,1.0,0,[]
j17,ic,1.0,10,"['11', '15', '2', '21', '23', '25', '27', '4', '8', '9']"
j18,ic,1.0,9,"['11', '18', '2', '3', '42', '45', '46', '6', '9']"
j19,ic,1.0,3,"['10', '11', '14']"
j20,ic,1.0,0,[]
j21,ic,1.0,2,"['4', '7']"
j22,ic,1.0,9,"['26', '35', '37', '38', '39', '40', '41', '43', '44']"
j23,ic,1.1,19,"['1', '14', '15', '2', '20', '21', '26', '3', '30', '31', '33', '38', '39', '41', '42', '49', '5', '8', '9']"
j24,ic,1.0,3,"['20', '35', '40']"
j25,ic,1.0,0,[]
j26,ic,1.0,6,"['21', '24', '27', '3', '4', '5']"
j28,ic,1.0,13,"['10', '12', '38', '39', '40', '41', '42', '43', '44', '5', '52', '8', '9']"
gka_1,ic,1.0,9,"['15', '22', '23', '3', '38', '4', '43', '7', '9']"
gka_2,ic,2.2,16,"['15', '19', '2', '22', '27', '3', '30', '31', '33', '35', '36', '38', '44', '51', '56', '9']"
gka_3,ic,58.0,23,"['10', '15', '19', '20', '23', '24', '25', '29', '3', '38', '45', '46', '47', '49', '52', '54', '57', '59', '60', '61', '64', '69', '9']"
gka_5,ic,3.4,22,"['0', '11', '12', '13', '14', '16', '21', '22', '25', '26', '28', '35', '38', '40', '42', '43', '44', '46', '47', '48', '49', '6']"
gka_6,ic,1.0,16,"['0', '15', '16', '17', '18', '19', '2', '22', '23', '24', '25', '28', '4', '5', '6', '9']"
gka_7,ic,1.0,18,"['0', '1', '11', '12', '13', '14', '15', '2', '21', '23', '24', '27', '28', '29', '5', '6', '8', '9']"
gka_9,ic,1.0,2,"['4', '5']"
gka_10,ic,1.0,8,"['0', '10', '11', '3', '4', '6', '8', '9']"
gka_11,ic,1.0,10,"['0', '1', '10', '12', '2', '4', '5', '6', '7', '8']"
gka_12,ic,1.0,20,"['0', '1', '10', '11', '12', '13', '14', '16', '17', '18', '19', '20', '21', '22', '23', '3', '4', '5', '6', '7']"
gka_13,ic,1.0,16,"['0', '1', '10', '11', '12', '14', '16', '17', '18', '2', '3', '4', '5', '6', '8', '9']"
gka_14,ic,1.0,22,"['0', '1', '10', '11', '12', '13', '15', '16', '17', '18', '2', '21', '22', '23', '24', '25', '4', '5', '6', '7', '8', '9']"
gka_15,ic,1.0,0,[]
gka_16,ic,1.0,0,[]
gka_17,ic,1.0,0,[]
gka_18,ic,1.0,2,"['0', '6']"
gka_19,ic,1.0,31,"['0', '1', '12', '13', '14', '15', '17', '18', '2', '21', '22', '24', '25', '26', '27', '28', '29', '3', '30', '32', '33', '34', '35', '36', '38', '4', '5', '6', '7', '8', '9']"
gka_20,ic,1.2,39,"['1', '10', '11', '12', '13', '14', '15', '16', '17', '18', '2', '20', '22', '23', '24', '26', '27', '28', '29', '3', '31', '32', '34', '35', '36', '37', '38', '4', '40', '41', '42', '44', '46', '47', '48', '49', '6', '8', '9']"
gka_21,ic,22.2,40,"['0', '1', '10', '11', '14', '16', '17', '18', '2', '20', '21', '22', '25', '27', '28', '29', '3', '33', '34', '35', '36', '37', '38', '39', '4', '41', '42', '43', '46', '47', '48', '49', '5', '52', '54', '55', '56', '59', '6', '7']"
gka_31,ic,107.6,85,"['0', '1', '10', '11', '13', '15', '16', '17', '19', '20', '21', '22', '23', '24', '25', '26', '27', '28', '29', '3', '30', '31', '33', '34', '35', '36', '38', '39', '4', '40', '41', '43', '44', '45', '46', '47', '48', '49', '5', '50', '51', '52', '54', '55', '57', '58', '59', '6', '60', '61', '62', '63', '64', '65', '66', '67', '68', '69', '7', '70', '71', '72', '74', '75', '76', '77', '78', '79', '8', '80', '81', '82', '83', '84', '85', '87', '89', '90', '91', '92', '93', '94', '95', '96', '97']"
gka_32,ic,17.9,88,"['0', '10', '11', '13', '14', '15', '16', '17', '18', '19', '2', '20', '21', '22', '25', '26', '27', '28', '29', '3', '30', '32', '34', '35', '36', '37', '38', '39', '4', '40', '41', '42', '43', '44', '45', '46', '48', '5', '50', '51', '52', '53', '54', '55', '56', '57', '59', '6', '60', '61', '62', '63', '64', '65', '66', '68', '69', '7', '70', '71', '72', '73', '75', '76', '77', '79', '8', '80', '81', '82', '83', '84', '85', '86', '87', '88', '89', '9', '90', '91', '92', '93', '94', '95', '96', '97', '98', '99']"
gka_33,ic,3.1,90,"['0', '1', '10', '11', '12', '13', '14', '15', '16', '17', '18', '19', '2', '20', '24', '25', '26', '27', '28', '29', '3', '30', '31', '32', '33', '34', '35', '36', '37', '38', '4', '40', '41', '42', '43', '44', '45', '46', '47', '48', '49', '5', '50', '51', '53', '54', '56', '57', '58', '59', '6', '60', '61', '62', '63', '64', '65', '66', '67', '69', '70', '71', '72', '73', '74', '75', '76', '77', '78', '8', '80', '81', '82', '83', '84', '85', '86', '87', '88', '89', '9', '90', '91', '92', '93', '94', '95', '96', '97', '99']"
gka_34,ic,1.2,92,"['0', '1', '10', '11', '13', '14', '15', '16', '18', '19', '2', '20', '21', '22', '23', '25', '26', '27', '28', '29', '3', '30', '31', '32', '33', '34', '35', '37', '38', '39', '4', '40', '41', '42', '43', '44', '45', '46', '47', '48', '49', '5', '50', '51', '52', '53', '54', '55', '56', '57', '58', '59', '60', '61', '62', '63', '64', '65', '66', '67', '68', '69', '7', '70', '71', '72', '73', '74', '77', '78', '79', '8', '80', '81', '82', '83', '84', '85', '86', '87', '88', '89', '9', '90', '91', '92', '93', '94', '95', '96', '98', '99']"
gka_35,ic,1.0,0,[]
bqp50_1,ic,1.0,11,"['13', '14', '30', '32', '33', '37', '38', '47', '49', '5', '6']"
bqp50_2,ic,1.0,11,"['15', '21', '27', '30', '31', '33', '34', '38', '43', '5', '9']"
bqp50_3,ic,1.2,14,"['0', '10', '14', '22', '26', '31', '39', '40', '41', '42', '43', '5', '8', '9']"
bqp50_4,ic,1.0,11,"['13', '14', '17', '19', '20', '23', '36', '41', '42', '45', '7']"
bqp50_5,ic,1.1,13,"['17', '2', '26', '29', '31', '32', '33', '35', '37', '47', '48', '49', '9']"
bqp50_6,ic,1.0,9,"['11', '16', '20', '21', '22', '23', '37', '6', '8']"
bqp50_7,ic,1.0,9,"['1', '13', '14', '15', '16', '23', '39', '43', '47']"
bqp50_8,ic,1.4,14,"['0', '12', '14', '16', '17', '19', '24', '25', '26', '29', '35', '37', '5', '8']"
bqp50_9,ic,1.1,12,"['0', '10', '14', '15', '17', '20', '23', '27', '29', '34', '37', '41']"
bqp50_10,ic,1.0,11,"['0', '12', '18', '2', '24', '26', '29', '30', '39', '41', '6']"
