Dataset,Solver,Timeout,Time,Size,Certificate
aa10,huffner,0.01,0.0,6,"['1', '14', '17', '19', '24', '30']"
aa10,huffner,0.1,0.0,6,"['1', '14', '17', '19', '24', '30']"
aa10,huffner,1,0.3,6,"['1', '14', '17', '19', '24', '30']"
aa10,huffner,10,1.0,6,"['1', '14', '17', '19', '24', '30']"
aa11,huffner,0.01,0.0,11,"['1', '11', '14', '15', '17', '21', '24', '27', '29', '6', '7']"
aa11,huffner,0.1,0.0,11,"['1', '11', '14', '15', '17', '21', '24', '27', '29', '6', '7']"
aa11,huffner,1,0.3,11,"['1', '11', '14', '15', '17', '21', '24', '27', '29', '6', '7']"
aa11,huffner,10,1.0,11,"['1', '11', '14', '15', '17', '21', '24', '27', '29', '6', '7']"
aa13,huffner,0.01,0.0,12,"['15', '20', '22', '24', '26', '28', '31', '35', '36', '4', '41', '42']"
aa13,huffner,0.1,0.0,12,"['0', '15', '21', '22', '24', '26', '28', '32', '35', '4', '41', '42']"
aa13,huffner,1,0.3,12,"['15', '20', '22', '24', '26', '28', '30', '35', '36', '4', '41', '42']"
aa13,huffner,10,1.0,12,"['15', '20', '22', '24', '26', '28', '30', '35', '36', '4', '41', '42']"
aa14,huffner,0.01,0.01,19,"['10', '15', '16', '2', '24', '33', '35', '36', '5', '6', '7', '8', '12', '26', '38', '27', '29', '41', '13']"
aa14,huffner,0.1,0.1,19,"['10', '13', '14', '15', '16', '22', '26', '35', '36', '38', '39', '6', '7', '8', '27', '41', '29', '33', '5']"
aa14,huffner,1,1,19,"['10', '13', '14', '15', '16', '22', '26', '27', '29', '33', '35', '36', '38', '39', '41', '6', '7', '8', '5']"
aa14,huffner,10,4.1,19,"['10', '13', '14', '15', '16', '22', '26', '27', '29', '33', '35', '36', '38', '39', '41', '5', '6', '7', '8']"
aa15,huffner,0.01,0.0,6,"['10', '17', '28', '3', '8', '9']"
aa15,huffner,0.1,0.0,6,"['10', '28', '3', '4', '8', '9']"
aa15,huffner,1,0.3,6,"['10', '28', '3', '4', '8', '9']"
aa15,huffner,10,1.0,6,"['10', '28', '3', '4', '8', '9']"
aa16,huffner,0.01,0.0,0,[]
aa16,huffner,0.1,0.0,0,[]
aa16,huffner,1,0.3,0,[]
aa16,huffner,10,1.0,0,[]
aa17,huffner,0.01,0.01,28,"['11', '14', '16', '19', '24', '29', '30', '36', '38', '39', '41', '48', '7', '6', '5', '21', '22', '8', '15', '2', '35', '54', '53', '20', '32', '50', '18', '33']"
aa17,huffner,0.1,0.1,27,"['11', '14', '15', '16', '19', '21', '24', '29', '30', '36', '38', '39', '41', '48', '5', '6', '7', '8', '2', '35', '54', '53', '20', '32', '50', '18', '33']"
aa17,huffner,1,1,25,"['10', '11', '13', '14', '15', '16', '19', '2', '20', '21', '23', '24', '27', '32', '38', '39', '41', '48', '50', '53', '6', '7', '8', '54', '18']"
aa17,huffner,10,3.0,25,"['10', '11', '13', '14', '15', '16', '18', '19', '2', '20', '21', '23', '24', '27', '32', '38', '39', '41', '48', '50', '53', '54', '6', '7', '8']"
aa18,huffner,0.01,0.0,14,"['14', '2', '21', '24', '29', '3', '32', '33', '35', '41', '44', '45', '5', '8']"
aa18,huffner,0.1,0.0,14,"['1', '14', '2', '21', '24', '29', '32', '33', '35', '41', '44', '45', '46', '8']"
aa18,huffner,1,0.3,14,"['1', '14', '2', '21', '24', '29', '32', '33', '35', '41', '44', '45', '46', '8']"
aa18,huffner,10,1.0,14,"['1', '14', '2', '21', '24', '29', '32', '33', '35', '41', '44', '45', '46', '8']"
aa19,huffner,0.01,0.01,22,"['10', '23', '24', '25', '35', '36', '37', '38', '49', '56', '60', '47', '20', '27', '9', '31', '32', '4', '21', '26', '41', '39']"
aa19,huffner,0.1,0.1,21,"['10', '23', '24', '25', '35', '36', '37', '38', '47', '49', '56', '60', '9', '20', '27', '4', '31', '32', '41', '21', '26']"
aa19,huffner,1,0.8,19,"['10', '20', '21', '22', '24', '27', '32', '35', '36', '37', '38', '39', '4', '43', '47', '49', '5', '56', '60']"
aa19,huffner,10,1.5,19,"['10', '20', '21', '22', '24', '27', '32', '35', '36', '37', '38', '39', '4', '43', '47', '49', '5', '56', '60']"
aa20,huffner,0.01,0.01,24,"['11', '16', '25', '36', '39', '44', '45', '47', '48', '5', '14', '9', '52', '32', '34', '41', '21', '29', '43', '8', '55', '31', '40', '53']"
aa20,huffner,0.1,0.1,20,"['14', '16', '25', '26', '28', '30', '36', '39', '41', '44', '45', '47', '5', '50', '52', '53', '55', '43', '9', '33']"
aa20,huffner,1,0.4,19,"['14', '16', '25', '26', '28', '30', '36', '39', '41', '43', '44', '45', '47', '5', '50', '52', '53', '55', '9']"
aa20,huffner,10,1.1,19,"['14', '16', '25', '26', '28', '30', '36', '39', '41', '43', '44', '45', '47', '5', '50', '52', '53', '55', '9']"
aa21,huffner,0.01,0.0,0,[]
aa21,huffner,0.1,0.0,0,[]
aa21,huffner,1,0.3,0,[]
aa21,huffner,10,1.0,0,[]
aa22,huffner,0.01,0.01,17,"['0', '1', '14', '21', '22', '27', '28', '31', '32', '36', '41', '46', '47', '23', '30', '11', '2']"
aa22,huffner,0.1,0.1,16,"['0', '1', '11', '14', '2', '21', '22', '23', '27', '28', '31', '32', '36', '41', '46', '47']"
aa22,huffner,1,0.4,16,"['0', '1', '11', '14', '2', '21', '22', '23', '27', '28', '31', '32', '36', '41', '46', '47']"
aa22,huffner,10,1.1,16,"['0', '1', '11', '14', '2', '21', '22', '23', '27', '28', '31', '32', '36', '41', '46', '47']"
aa23,huffner,0.01,0.01,21,"['10', '13', '16', '23', '29', '33', '36', '38', '39', '44', '5', '51', '7', '9', '30', '31', '41', '17', '28', '42', '40']"
aa23,huffner,0.1,0.0,18,"['11', '13', '16', '18', '21', '23', '29', '31', '33', '38', '40', '41', '42', '44', '5', '51', '6', '9']"
aa23,huffner,1,0.3,18,"['11', '13', '16', '18', '21', '23', '29', '31', '33', '38', '40', '41', '42', '44', '5', '51', '6', '9']"
aa23,huffner,10,1.0,18,"['11', '13', '16', '18', '21', '23', '29', '31', '33', '38', '40', '41', '42', '44', '5', '51', '6', '9']"
aa24,huffner,0.01,0.01,27,"['13', '16', '20', '34', '53', '55', '56', '64', '69', '71', '76', '3', '30', '70', '12', '21', '77', '61', '60', '29', '35', '58', '2', '36', '9', '37', '49']"
aa24,huffner,0.1,0.1,24,"['12', '13', '2', '21', '30', '31', '32', '33', '35', '37', '55', '61', '63', '70', '76', '16', '29', '49', '73', '72', '3', '36', '69', '20']"
aa24,huffner,1,1,21,"['1', '12', '13', '2', '20', '29', '3', '30', '31', '32', '33', '35', '36', '37', '49', '55', '61', '63', '69', '70', '76']"
aa24,huffner,10,2.8,21,"['1', '12', '13', '2', '20', '29', '3', '30', '31', '32', '33', '35', '36', '37', '49', '55', '61', '63', '69', '70', '76']"
aa25,huffner,0.01,0.0,0,[]
aa25,huffner,0.1,0.0,0,[]
aa25,huffner,1,0.3,0,[]
aa25,huffner,10,1.0,0,[]
aa26,huffner,0.01,0.0,12,"['1', '19', '21', '22', '25', '29', '30', '31', '33', '35', '38', '5']"
aa26,huffner,0.1,0.0,12,"['1', '19', '21', '22', '25', '29', '30', '31', '33', '35', '38', '5']"
aa26,huffner,1,0.3,12,"['1', '19', '21', '22', '25', '29', '30', '31', '33', '35', '38', '5']"
aa26,huffner,10,1.0,12,"['1', '19', '21', '22', '25', '29', '30', '31', '33', '35', '38', '5']"
aa27,huffner,0.01,0.0,11,"['0', '17', '18', '20', '23', '27', '28', '30', '31', '40', '9']"
aa27,huffner,0.1,0.0,11,"['0', '11', '17', '20', '23', '27', '30', '31', '43', '6', '9']"
aa27,huffner,1,0.3,11,"['0', '18', '20', '23', '27', '28', '30', '31', '43', '6', '9']"
aa27,huffner,10,1.0,11,"['0', '18', '20', '23', '27', '28', '30', '31', '43', '6', '9']"
aa28,huffner,0.01,0.01,32,"['13', '15', '18', '24', '25', '28', '3', '30', '31', '40', '46', '54', '56', '58', '64', '9', '14', '2', '59', '52', '51', '23', '60', '49', '17', '33', '6', '36', '37', '32', '11', '41']"
aa28,huffner,0.1,0.1,29,"['11', '13', '14', '15', '17', '18', '2', '24', '25', '28', '30', '31', '32', '45', '46', '51', '56', '58', '59', '6', '60', '64', '36', '54', '141', '37', '9', '40', '41']"
aa28,huffner,1,0.4,27,"['11', '13', '14', '15', '17', '18', '2', '24', '25', '28', '30', '31', '32', '36', '37', '40', '45', '46', '51', '54', '56', '58', '59', '6', '60', '64', '9']"
aa28,huffner,10,1.5,28,"['11', '13', '14', '15', '17', '18', '20', '24', '25', '28', '30', '31', '32', '35', '36', '37', '41', '46', '49', '52', '53', '54', '59', '60', '62', '63', '64', '9']"
aa29,huffner,0.01,0.01,26,"['10', '14', '25', '29', '33', '36', '38', '42', '54', '55', '66', '68', '26', '67', '15', '20', '7', '61', '6', '21', '4', '58', '17', '40', '46', '45']"
aa29,huffner,0.1,0.1,24,"['10', '189', '21', '24', '25', '32', '36', '38', '39', '42', '45', '50', '54', '55', '58', '6', '61', '17', '233', '43', '68', '66', '241', '40']"
aa29,huffner,1,0.5,21,"['10', '13', '14', '15', '17', '20', '21', '25', '29', '33', '36', '38', '40', '42', '45', '54', '58', '6', '66', '68', '7']"
aa29,huffner,10,1.2,21,"['10', '13', '14', '15', '17', '20', '21', '25', '29', '33', '36', '38', '40', '42', '45', '54', '58', '6', '66', '68', '7']"
aa30,huffner,0.01,0.0,4,"['11', '2', '4', '7']"
aa30,huffner,0.1,0.0,4,"['11', '2', '4', '7']"
aa30,huffner,1,0.3,4,"['11', '2', '4', '7']"
aa30,huffner,10,1.0,4,"['11', '2', '4', '7']"
aa31,huffner,0.01,0.0,0,[]
aa31,huffner,0.1,0.0,0,[]
aa31,huffner,1,0.3,0,[]
aa31,huffner,10,1.0,0,[]
aa32,huffner,0.01,0.01,35,"['11', '17', '21', '25', '29', '32', '4', '43', '48', '49', '59', '60', '61', '9', '23', '24', '52', '12', '20', '55', '46', '45', '22', '57', '7', '16', '36', '56', '37', '39', '33', '1', '41', '44', '54']"
aa32,huffner,0.1,0.1,35,"['1', '14', '15', '19', '20', '21', '25', '29', '32', '4', '44', '46', '51', '55', '56', '57', '59', '60', '11', '16', '58', '49', '48', '18', '63', '9', '13', '36', '61', '38', '39', '34', '0', '43', '47']"
aa32,huffner,1,1,33,"['11', '12', '16', '21', '23', '24', '25', '26', '27', '29', '30', '32', '4', '41', '42', '45', '52', '53', '55', '56', '57', '59', '6', '9', '65', '50', '17', '35', '60', '36', '37', '33', '1']"
aa32,huffner,10,10,30,"['0', '11', '14', '16', '19', '20', '21', '23', '24', '25', '26', '27', '30', '32', '33', '35', '36', '39', '4', '45', '52', '55', '56', '57', '59', '6', '60', '7', '9', '1']"
aa33,huffner,0.01,0.0,4,"['24', '32', '33', '35']"
aa33,huffner,0.1,0.0,4,"['24', '32', '33', '35']"
aa33,huffner,1,0.3,4,"['24', '32', '33', '35']"
aa33,huffner,10,1.0,4,"['24', '32', '33', '35']"
aa34,huffner,0.01,0.0,13,"['11', '13', '14', '16', '19', '20', '21', '3', '31', '35', '36', '37', '5']"
aa34,huffner,0.1,0.0,13,"['11', '13', '14', '16', '19', '20', '21', '28', '3', '31', '35', '36', '5']"
aa34,huffner,1,0.3,13,"['11', '13', '14', '16', '19', '20', '21', '28', '3', '31', '35', '36', '5']"
aa34,huffner,10,1.0,13,"['11', '13', '14', '16', '19', '20', '21', '28', '3', '31', '35', '36', '5']"
aa35,huffner,0.01,0.0,10,"['0', '13', '14', '20', '21', '24', '3', '30', '32', '37']"
aa35,huffner,0.1,0.0,10,"['0', '13', '14', '20', '21', '24', '3', '30', '32', '37']"
aa35,huffner,1,0.3,10,"['0', '13', '14', '20', '21', '24', '3', '30', '32', '37']"
aa35,huffner,10,1.0,10,"['0', '13', '14', '16', '20', '21', '3', '30', '32', '37']"
aa36,huffner,0.01,0.0,7,"['10', '14', '15', '16', '21', '31', '8']"
aa36,huffner,0.1,0.0,7,"['10', '17', '18', '29', '31', '32', '8']"
aa36,huffner,1,0.3,7,"['10', '17', '18', '29', '31', '32', '8']"
aa36,huffner,10,1.0,7,"['10', '17', '18', '29', '31', '32', '8']"
aa37,huffner,0.01,0.0,4,"['1', '20', '4', '5']"
aa37,huffner,0.1,0.0,4,"['1', '20', '4', '5']"
aa37,huffner,1,0.3,4,"['1', '20', '4', '5']"
aa37,huffner,10,1.0,4,"['1', '20', '4', '5']"
aa38,huffner,0.01,0.01,31,"['0', '16', '18', '22', '26', '29', '35', '47', '48', '49', '5', '50', '52', '60', '62', '65', '3', '63', '21', '27', '66', '6', '56', '28', '38', '53', '25', '39', '7', '41', '42']"
aa38,huffner,0.1,0.1,27,"['0', '16', '18', '21', '25', '26', '35', '38', '39', '41', '42', '47', '5', '50', '52', '56', '6', '60', '65', '7', '64', '63', '29', '48', '62', '22', '49']"
aa38,huffner,1,1,26,"['0', '16', '18', '21', '22', '25', '26', '29', '35', '38', '39', '41', '42', '47', '48', '49', '5', '50', '52', '56', '6', '60', '62', '63', '65', '7']"
aa38,huffner,10,1.7,26,"['0', '16', '18', '21', '22', '25', '26', '29', '35', '38', '39', '41', '42', '47', '48', '49', '5', '50', '52', '56', '6', '60', '62', '63', '65', '7']"
aa39,huffner,0.01,0.01,27,"['10', '11', '17', '18', '23', '24', '27', '28', '57', '6', '9', '56', '48', '21', '22', '7', '13', '19', '30', '52', '50', '20', '29', '5', '15', '3', '31']"
aa39,huffner,0.1,0.1,26,"['10', '11', '17', '18', '22', '23', '24', '27', '28', '48', '56', '57', '6', '7', '9', '13', '19', '30', '52', '50', '20', '29', '5', '15', '3', '31']"
aa39,huffner,1,1,24,"['10', '13', '18', '20', '22', '23', '28', '29', '3', '30', '31', '34', '36', '40', '41', '48', '5', '56', '7', '9', '6', '27', '35', '57']"
aa39,huffner,10,2.2,23,"['10', '11', '13', '17', '18', '19', '20', '22', '23', '24', '27', '28', '29', '3', '30', '31', '35', '40', '47', '5', '6', '7', '9']"
aa40,huffner,0.01,0.01,28,"['0', '17', '30', '32', '33', '41', '44', '45', '46', '6', '34', '40', '11', '56', '47', '27', '28', '7', '12', '25', '4', '52', '50', '26', '37', '48', '19', '38']"
aa40,huffner,0.1,0.1,23,"['17', '18', '26', '27', '28', '33', '37', '41', '44', '45', '46', '52', '55', '56', '58', '59', '8', '40', '48', '2', '32', '50', '47']"
aa40,huffner,1,1,22,"['12', '17', '18', '27', '28', '32', '33', '37', '40', '41', '44', '45', '46', '48', '50', '52', '53', '55', '56', '58', '8', '47']"
aa40,huffner,10,2.0,22,"['12', '17', '18', '27', '28', '32', '33', '37', '40', '41', '44', '45', '46', '47', '48', '50', '52', '53', '55', '56', '58', '8']"
aa41,huffner,0.01,0.01,46,"['11', '29', '44', '45', '50', '53', '6', '63', '7', '71', '87', '41', '18', '2', '51', '10', '14', '56', '48', '47', '64', '58', '62', '12', '33', '8', '83', '74', '30', '76', '39', '46', '54', '15', '57', '68', '49', '20', '72', '86', '0', '66', '13', '35', '36', '1']"
aa41,huffner,0.1,0.1,45,"['11', '13', '17', '2', '27', '28', '29', '41', '45', '46', '51', '54', '61', '62', '66', '72', '76', '87', '57', '49', '48', '68', '6', '63', '14', '36', '86', '88', '81', '35', '83', '44', '47', '56', '18', '58', '71', '50', '26', '8', '39', '10', '7', '15', '37']"
aa41,huffner,1,1,46,"['10', '11', '12', '15', '2', '20', '27', '29', '30', '41', '46', '47', '49', '50', '56', '57', '6', '62', '63', '66', '68', '7', '71', '76', '79', '87', '13', '35', '86', '36', '81', '33', '83', '42', '48', '58', '18', '61', '74', '51', '26', '8', '37', '1', '72', '14']"
aa41,huffner,10,10,42,"['10', '11', '13', '15', '18', '2', '27', '28', '29', '30', '35', '41', '44', '45', '46', '47', '48', '49', '50', '56', '57', '58', '6', '61', '62', '63', '66', '68', '7', '71', '76', '83', '86', '87', '74', '51', '26', '8', '37', '1', '72', '14']"
aa42,huffner,0.01,0.01,35,"['10', '16', '20', '24', '25', '33', '47', '5', '50', '61', '65', '79', '80', '85', '23', '66', '11', '17', '74', '59', '58', '87', '78', '81', '15', '34', '75', '36', '38', '32', '1', '49', '56', '69', '18']"
aa42,huffner,0.1,0.1,33,"['10', '11', '16', '20', '23', '24', '25', '33', '47', '5', '50', '58', '59', '61', '65', '66', '74', '78', '79', '80', '85', '81', '15', '34', '75', '36', '38', '32', '1', '49', '56', '69', '18']"
aa42,huffner,1,1,30,"['1', '10', '11', '16', '18', '20', '24', '28', '31', '32', '33', '47', '49', '5', '50', '56', '58', '59', '65', '66', '69', '74', '75', '77', '78', '79', '80', '81', '85', '61']"
aa42,huffner,10,2.5,30,"['1', '10', '11', '16', '18', '20', '24', '28', '31', '32', '33', '47', '49', '5', '50', '56', '58', '59', '61', '65', '66', '69', '74', '75', '77', '78', '79', '80', '81', '85']"
aa43,huffner,0.01,0.01,19,"['1', '10', '16', '2', '21', '22', '27', '28', '30', '31', '32', '38', '39', '4', '5', '8', '36', '12', '20']"
aa43,huffner,0.1,0.0,19,"['10', '13', '14', '16', '17', '2', '20', '21', '22', '25', '27', '28', '31', '32', '36', '38', '4', '7', '8']"
aa43,huffner,1,0.3,19,"['10', '13', '14', '16', '17', '2', '20', '21', '22', '25', '27', '28', '31', '32', '36', '38', '4', '7', '8']"
aa43,huffner,10,1.0,19,"['10', '13', '14', '16', '17', '2', '20', '21', '22', '25', '27', '28', '31', '32', '36', '38', '4', '7', '8']"
aa44,huffner,0.01,0.0,10,"['0', '16', '18', '21', '23', '25', '27', '29', '30', '4']"
aa44,huffner,0.1,0.0,10,"['0', '16', '22', '23', '25', '26', '27', '29', '30', '4']"
aa44,huffner,1,0.3,10,"['0', '16', '22', '23', '25', '26', '27', '29', '30', '4']"
aa44,huffner,10,1.0,10,"['0', '16', '22', '23', '25', '26', '27', '29', '30', '4']"
aa45,huffner,0.01,0.01,22,"['1', '12', '2', '20', '21', '24', '26', '27', '29', '34', '35', '36', '4', '40', '6', '25', '32', '11', '22', '33', '30', '23']"
aa45,huffner,0.1,0.1,22,"['10', '11', '15', '19', '2', '20', '24', '26', '29', '3', '33', '35', '36', '41', '42', '5', '7', '39', '13', '21', '4', '38']"
aa45,huffner,1,0.4,20,"['11', '12', '17', '2', '20', '21', '22', '23', '24', '26', '29', '3', '33', '35', '36', '37', '38', '4', '42', '6']"
aa45,huffner,10,1.1,20,"['11', '12', '17', '2', '20', '21', '22', '23', '24', '26', '29', '3', '33', '35', '36', '37', '38', '4', '42', '6']"
aa46,huffner,0.01,0.01,13,"['0', '1', '13', '14', '16', '19', '2', '22', '26', '3', '45', '54', '56']"
aa46,huffner,0.1,0.0,13,"['0', '1', '13', '14', '16', '19', '2', '22', '26', '3', '45', '54', '56']"
aa46,huffner,1,0.3,13,"['0', '1', '13', '14', '16', '19', '2', '22', '26', '3', '45', '54', '56']"
aa46,huffner,10,1.0,13,"['0', '1', '13', '14', '16', '19', '2', '22', '26', '3', '45', '54', '56']"
aa47,huffner,0.01,0.0,13,"['16', '17', '18', '2', '20', '25', '28', '29', '30', '32', '33', '5', '6']"
aa47,huffner,0.1,0.0,13,"['16', '17', '18', '2', '20', '25', '28', '29', '30', '32', '33', '5', '6']"
aa47,huffner,1,0.3,13,"['16', '17', '18', '2', '20', '25', '28', '29', '30', '32', '33', '5', '6']"
aa47,huffner,10,1.0,13,"['16', '17', '18', '2', '20', '25', '28', '29', '30', '32', '33', '5', '6']"
aa48,huffner,0.01,0.01,18,"['0', '1', '15', '16', '17', '18', '25', '26', '27', '30', '37', '9', '19', '33', '23', '24', '34', '14']"
aa48,huffner,0.1,0.1,17,"['0', '1', '15', '16', '17', '18', '19', '20', '23', '27', '33', '34', '37', '38', '40', '6', '9']"
aa48,huffner,1,0.3,17,"['0', '1', '15', '16', '17', '18', '19', '20', '23', '27', '33', '34', '37', '38', '40', '6', '9']"
aa48,huffner,10,1.0,17,"['0', '1', '15', '16', '17', '18', '19', '20', '23', '27', '33', '34', '37', '38', '40', '6', '9']"
aa49,huffner,0.01,0.0,0,[]
aa49,huffner,0.1,0.0,0,[]
aa49,huffner,1,0.3,0,[]
aa49,huffner,10,1.0,0,[]
aa50,huffner,0.01,0.01,19,"['11', '18', '22', '23', '29', '31', '35', '39', '49', '5', '53', '58', '59', '7', '8', '33', '52', '17', '24']"
aa50,huffner,0.1,0.1,18,"['11', '18', '22', '23', '24', '29', '31', '33', '35', '39', '49', '5', '52', '53', '58', '59', '7', '8']"
aa50,huffner,1,0.3,18,"['11', '18', '22', '23', '24', '29', '31', '33', '35', '39', '49', '5', '52', '53', '58', '59', '7', '8']"
aa50,huffner,10,1.1,18,"['11', '18', '20', '22', '23', '24', '29', '31', '33', '35', '39', '49', '5', '52', '53', '58', '59', '7']"
aa51,huffner,0.01,0.0,11,"['1', '11', '17', '24', '3', '35', '41', '42', '6', '7', '9']"
aa51,huffner,0.1,0.0,11,"['11', '17', '24', '3', '35', '41', '42', '43', '6', '7', '9']"
aa51,huffner,1,0.3,11,"['11', '17', '24', '3', '35', '41', '42', '43', '6', '7', '9']"
aa51,huffner,10,1.0,11,"['1', '11', '24', '25', '3', '35', '41', '42', '6', '7', '9']"
aa52,huffner,0.01,0.0,12,"['0', '1', '11', '12', '17', '18', '21', '24', '25', '29', '3', '30']"
aa52,huffner,0.1,0.0,12,"['0', '1', '11', '12', '17', '18', '21', '24', '25', '29', '3', '30']"
aa52,huffner,1,0.3,12,"['0', '1', '11', '12', '17', '18', '21', '24', '25', '29', '3', '30']"
aa52,huffner,10,1.0,12,"['0', '1', '11', '12', '17', '18', '21', '24', '25', '29', '3', '30']"
aa53,huffner,0.01,0.01,12,"['12', '2', '24', '26', '27', '3', '31', '33', '34', '38', '40', '42']"
aa53,huffner,0.1,0.0,12,"['16', '24', '26', '27', '3', '31', '33', '34', '36', '38', '40', '42']"
aa53,huffner,1,0.3,12,"['16', '24', '26', '27', '3', '31', '33', '34', '36', '38', '40', '42']"
aa53,huffner,10,1.0,12,"['16', '24', '26', '27', '3', '31', '33', '34', '36', '38', '40', '42']"
aa54,huffner,0.01,0.01,12,"['12', '15', '16', '18', '19', '20', '26', '29', '31', '35', '40', '42']"
aa54,huffner,0.1,0.0,12,"['12', '15', '16', '18', '19', '20', '26', '29', '31', '35', '40', '42']"
aa54,huffner,1,0.3,12,"['12', '15', '16', '18', '19', '20', '26', '29', '31', '35', '40', '42']"
aa54,huffner,10,1.0,12,"['12', '15', '16', '18', '19', '20', '26', '29', '31', '35', '40', '42']"
j10,huffner,0.01,0.0,3,"['0', '5', '8']"
j10,huffner,0.1,0.0,3,"['0', '5', '8']"
j10,huffner,1,0.3,3,"['0', '5', '8']"
j10,huffner,10,1.0,3,"['0', '5', '8']"
j11,huffner,0.01,0.0,5,"['17', '18', '19', '24', '25']"
j11,huffner,0.1,0.0,5,"['17', '18', '19', '24', '25']"
j11,huffner,1,0.3,5,"['17', '18', '19', '24', '25']"
j11,huffner,10,1.0,5,"['17', '18', '19', '24', '25']"
j13,huffner,0.01,0.0,4,"['17', '24', '29', '5']"
j13,huffner,0.1,0.0,4,"['17', '24', '29', '5']"
j13,huffner,1,0.3,4,"['17', '24', '29', '5']"
j13,huffner,10,1.0,4,"['17', '24', '29', '5']"
j14,huffner,0.01,0.0,3,"['1', '14', '15']"
j14,huffner,0.1,0.0,3,"['1', '14', '15']"
j14,huffner,1,0.3,3,"['1', '14', '15']"
j14,huffner,10,1.0,3,"['1', '14', '15']"
j15,huffner,0.01,0.0,0,[]
j15,huffner,0.1,0.0,0,[]
j15,huffner,1,0.3,0,[]
j15,huffner,10,1.0,0,[]
j16,huffner,0.01,0.0,0,[]
j16,huffner,0.1,0.0,0,[]
j16,huffner,1,0.3,0,[]
j16,huffner,10,1.0,0,[]
j17,huffner,0.01,0.0,10,"['11', '15', '2', '21', '23', '25', '27', '4', '8', '9']"
j17,huffner,0.1,0.0,10,"['11', '14', '15', '21', '25', '27', '3', '4', '8', '9']"
j17,huffner,1,0.3,10,"['11', '15', '2', '21', '23', '25', '27', '4', '8', '9']"
j17,huffner,10,1.0,10,"['11', '15', '2', '21', '23', '25', '27', '4', '8', '9']"
j18,huffner,0.01,0.0,10,"['10', '11', '12', '2', '29', '45', '47', '6', '7', '9']"
j18,huffner,0.1,0.0,10,"['10', '11', '12', '2', '29', '45', '47', '6', '7', '9']"
j18,huffner,1,0.3,9,"['11', '18', '2', '3', '42', '45', '46', '6', '9']"
j18,huffner,10,1.0,9,"['11', '18', '2', '3', '42', '45', '46', '6', '9']"
j19,huffner,0.01,0.0,3,"['10', '11', '14']"
j19,huffner,0.1,0.0,3,"['10', '11', '14']"
j19,huffner,1,0.3,3,"['10', '11', '14']"
j19,huffner,10,1.0,3,"['10', '11', '14']"
j20,huffner,0.01,0.0,0,[]
j20,huffner,0.1,0.0,0,[]
j20,huffner,1,0.3,0,[]
j20,huffner,10,1.0,0,[]
j21,huffner,0.01,0.0,2,"['4', '7']"
j21,huffner,0.1,0.0,2,"['4', '7']"
j21,huffner,1,0.3,2,"['4', '7']"
j21,huffner,10,1.0,2,"['4', '7']"
j22,huffner,0.01,0.0,9,"['26', '35', '37', '38', '39', '40', '41', '43', '44']"
j22,huffner,0.1,0.0,9,"['26', '35', '37', '38', '39', '40', '41', '43', '44']"
j22,huffner,1,0.3,9,"['26', '35', '37', '38', '39', '40', '41', '43', '44']"
j22,huffner,10,1.0,9,"['26', '35', '37', '38', '39', '40', '41', '43', '44']"
j23,huffner,0.01,0.01,19,"['1', '15', '2', '20', '21', '26', '33', '38', '39', '41', '5', '9', '8', '14', '3', '42', '30', '31', '49']"
j23,huffner,0.1,0.1,19,"['1', '14', '15', '2', '20', '21', '26', '3', '30', '31', '33', '38', '39', '41', '42', '5', '8', '9', '49']"
j23,huffner,1,0.5,19,"['1', '14', '15', '2', '20', '21', '26', '3', '30', '31', '33', '38', '39', '41', '42', '49', '5', '8', '9']"
j23,huffner,10,1.2,19,"['1', '14', '15', '2', '20', '21', '26', '3', '30', '31', '33', '38', '39', '41', '42', '49', '5', '8', '9']"
j24,huffner,0.01,0.0,3,"['20', '35', '40']"
j24,huffner,0.1,0.0,3,"['20', '35', '40']"
j24,huffner,1,0.3,3,"['20', '35', '40']"
j24,huffner,10,1.0,3,"['20', '35', '40']"
j25,huffner,0.01,0.0,0,[]
j25,huffner,0.1,0.0,0,[]
j25,huffner,1,0.3,0,[]
j25,huffner,10,1.0,0,[]
j26,huffner,0.01,0.0,6,"['21', '24', '27', '3', '4', '5']"
j26,huffner,0.1,0.0,6,"['21', '24', '27', '3', '4', '5']"
j26,huffner,1,0.3,6,"['21', '24', '27', '3', '4', '5']"
j26,huffner,10,1.0,6,"['21', '24', '27', '3', '4', '5']"
j28,huffner,0.01,0.01,16,"['10', '38', '39', '40', '42', '43', '44', '5', '52', '8', '9', '20', '22', '41', '12', '18']"
j28,huffner,0.1,0.1,13,"['10', '12', '38', '39', '40', '41', '42', '43', '44', '5', '52', '8', '9']"
j28,huffner,1,0.3,13,"['10', '12', '38', '39', '40', '41', '42', '43', '44', '5', '52', '8', '9']"
j28,huffner,10,1.0,13,"['10', '12', '38', '39', '40', '41', '42', '43', '44', '5', '52', '8', '9']"
gka_1,huffner,0.01,0.0,9,"['15', '22', '23', '3', '38', '4', '43', '7', '9']"
gka_1,huffner,0.1,0.0,9,"['15', '22', '23', '3', '38', '4', '43', '7', '9']"
gka_1,huffner,1,0.3,9,"['15', '22', '23', '3', '38', '4', '43', '7', '9']"
gka_1,huffner,10,1.0,9,"['15', '22', '23', '3', '38', '4', '43', '7', '9']"
gka_2,huffner,0.01,0.01,16,"['15', '2', '22', '27', '3', '30', '33', '38', '44', '9', '36', '51', '35', '19', '31', '56']"
gka_2,huffner,0.1,0.1,16,"['15', '2', '22', '27', '3', '30', '33', '35', '36', '38', '44', '51', '9', '19', '31', '56']"
gka_2,huffner,1,1,16,"['15', '19', '2', '22', '27', '3', '30', '31', '33', '35', '36', '38', '44', '51', '56', '9']"
gka_2,huffner,10,2.1,16,"['15', '19', '2', '22', '27', '3', '30', '31', '33', '35', '36', '38', '44', '51', '56', '9']"
gka_3,huffner,0.01,0.01,24,"['1', '19', '22', '24', '45', '46', '56', '57', '59', '61', '43', '47', '54', '16', '7', '64', '38', '41', '51', '18', '29', '52', '49', '35']"
gka_3,huffner,0.1,0.1,24,"['1', '19', '22', '24', '43', '45', '46', '47', '56', '57', '59', '61', '54', '16', '7', '64', '38', '41', '51', '18', '29', '52', '49', '35']"
gka_3,huffner,1,1,24,"['1', '16', '19', '22', '24', '43', '45', '46', '47', '54', '56', '57', '59', '61', '7', '64', '38', '41', '51', '18', '29', '52', '49', '35']"
gka_3,huffner,10,10,23,"['10', '15', '19', '20', '23', '24', '25', '29', '3', '38', '45', '46', '47', '49', '54', '59', '60', '61', '64', '69', '9', '57', '52']"
gka_4,huffner,0.01,0.01,31,"['1', '13', '15', '28', '36', '49', '57', '59', '62', '76', '24', '37', '8', '10', '72', '63', '2', '22', '78', '11', '17', '9', '69', '67', '19', '38', '65', '14', '39', '43', '40']"
gka_4,huffner,0.1,0.1,30,"['10', '19', '22', '37', '40', '43', '46', '57', '61', '62', '65', '72', '9', '15', '71', '67', '30', '36', '76', '17', '24', '50', '70', '69', '28', '49', '68', '2', '5', '53']"
gka_4,huffner,1,1,30,"['10', '15', '19', '22', '30', '37', '40', '43', '46', '57', '61', '62', '65', '67', '71', '72', '9', '36', '76', '17', '24', '50', '70', '69', '28', '49', '68', '2', '5', '53']"
gka_4,huffner,10,10,29,"['1', '10', '13', '17', '18', '20', '24', '27', '31', '35', '37', '40', '43', '57', '61', '62', '65', '67', '76', '9', '50', '70', '69', '28', '49', '68', '2', '5', '53']"
gka_5,huffner,0.01,0.01,22,"['0', '13', '14', '16', '28', '35', '38', '40', '47', '48', '49', '6', '46', '11', '22', '42', '25', '26', '43', '12', '21', '44']"
gka_5,huffner,0.1,0.1,22,"['0', '11', '13', '14', '16', '22', '28', '35', '38', '40', '42', '46', '47', '48', '49', '6', '25', '26', '43', '12', '21', '44']"
gka_5,huffner,1,1,22,"['0', '11', '12', '13', '14', '16', '22', '25', '26', '28', '35', '38', '40', '42', '43', '46', '47', '48', '49', '6', '21', '44']"
gka_5,huffner,10,4.3,22,"['0', '11', '12', '13', '14', '16', '21', '22', '25', '26', '28', '35', '38', '40', '42', '43', '44', '46', '47', '48', '49', '6']"
gka_6,huffner,0.01,0.01,16,"['0', '15', '16', '17', '18', '19', '2', '22', '23', '24', '25', '28', '4', '5', '9', '6']"
gka_6,huffner,0.1,0.0,16,"['0', '15', '16', '17', '18', '19', '2', '22', '23', '24', '25', '28', '4', '5', '6', '9']"
gka_6,huffner,1,0.3,16,"['0', '15', '16', '17', '18', '19', '2', '22', '23', '24', '25', '28', '4', '5', '6', '9']"
gka_6,huffner,10,1.0,16,"['0', '15', '16', '17', '18', '19', '2', '22', '23', '24', '25', '28', '4', '5', '6', '9']"
gka_7,huffner,0.01,0.0,18,"['0', '1', '11', '12', '13', '14', '15', '2', '21', '23', '24', '27', '28', '29', '5', '6', '8', '9']"
gka_7,huffner,0.1,0.0,18,"['0', '1', '11', '12', '13', '14', '15', '2', '21', '23', '24', '27', '28', '29', '5', '6', '8', '9']"
gka_7,huffner,1,0.3,18,"['0', '1', '11', '12', '13', '14', '15', '2', '21', '23', '24', '27', '28', '29', '5', '6', '8', '9']"
gka_7,huffner,10,1.0,18,"['0', '1', '11', '12', '13', '14', '15', '2', '21', '23', '24', '27', '28', '29', '5', '6', '8', '9']"
gka_8,huffner,0.01,0.01,33,"['15', '22', '24', '4', '40', '59', '60', '63', '71', '90', '37', '41', '94', '19', '89', '8', '28', '30', '92', '20', '25', '95', '86', '85', '27', '98', '80', '23', '55', '97', '56', '57', '54']"
gka_8,huffner,0.1,0.1,33,"['15', '22', '24', '37', '4', '40', '41', '59', '60', '63', '71', '90', '94', '19', '89', '8', '28', '30', '92', '20', '25', '95', '86', '85', '27', '98', '80', '23', '55', '97', '56', '57', '54']"
gka_8,huffner,1,1,29,"['10', '11', '12', '13', '16', '3', '31', '4', '63', '68', '74', '79', '85', '92', '94', '93', '15', '25', '95', '9', '89', '26', '53', '86', '20', '55', '98', '59', '60']"
gka_8,huffner,10,10,29,"['10', '11', '12', '13', '15', '16', '25', '3', '31', '4', '63', '68', '74', '79', '85', '92', '93', '94', '95', '9', '89', '26', '53', '86', '20', '55', '98', '59', '60']"
gka_9,huffner,0.01,0.0,2,"['4', '5']"
gka_9,huffner,0.1,0.0,2,"['4', '5']"
gka_9,huffner,1,0.3,2,"['4', '5']"
gka_9,huffner,10,1.0,2,"['4', '5']"
gka_10,huffner,0.01,0.0,8,"['0', '10', '11', '3', '4', '6', '8', '9']"
gka_10,huffner,0.1,0.0,8,"['0', '10', '11', '3', '4', '6', '8', '9']"
gka_10,huffner,1,0.3,8,"['0', '10', '11', '3', '4', '6', '8', '9']"
gka_10,huffner,10,1.0,8,"['0', '10', '11', '3', '4', '6', '8', '9']"
gka_11,huffner,0.01,0.0,10,"['0', '1', '10', '12', '2', '4', '5', '6', '7', '8']"
gka_11,huffner,0.1,0.0,10,"['0', '1', '10', '12', '2', '4', '5', '6', '7', '8']"
gka_11,huffner,1,0.3,10,"['0', '1', '10', '12', '2', '4', '5', '6', '7', '8']"
gka_11,huffner,10,1.0,10,"['0', '1', '10', '12', '2', '4', '5', '6', '7', '8']"
gka_12,huffner,0.01,0.0,20,"['0', '1', '10', '11', '12', '13', '14', '16', '17', '18', '19', '20', '21', '22', '23', '3', '4', '5', '6', '7']"
gka_12,huffner,0.1,0.0,20,"['0', '1', '10', '11', '12', '13', '14', '16', '17', '18', '19', '20', '21', '22', '23', '3', '4', '5', '6', '7']"
gka_12,huffner,1,0.3,20,"['0', '1', '10', '11', '12', '13', '14', '16', '17', '18', '19', '20', '21', '22', '23', '3', '4', '5', '6', '7']"
gka_12,huffner,10,1.0,20,"['0', '1', '10', '11', '12', '13', '14', '16', '17', '18', '19', '20', '21', '22', '23', '3', '4', '5', '6', '7']"
gka_13,huffner,0.01,0.0,16,"['0', '1', '10', '11', '12', '14', '16', '17', '18', '2', '3', '4', '5', '6', '8', '9']"
gka_13,huffner,0.1,0.0,16,"['0', '1', '10', '11', '12', '14', '16', '17', '18', '2', '3', '4', '5', '6', '8', '9']"
gka_13,huffner,1,0.3,16,"['0', '1', '10', '11', '12', '14', '16', '17', '18', '2', '3', '4', '5', '6', '8', '9']"
gka_13,huffner,10,1.0,16,"['0', '1', '10', '11', '12', '14', '16', '17', '18', '2', '3', '4', '5', '6', '8', '9']"
gka_14,huffner,0.01,0.0,22,"['0', '1', '10', '11', '12', '13', '15', '16', '17', '18', '2', '21', '22', '23', '24', '25', '4', '5', '6', '7', '8', '9']"
gka_14,huffner,0.1,0.0,22,"['0', '1', '10', '11', '12', '13', '15', '16', '17', '18', '2', '21', '22', '23', '24', '25', '4', '5', '6', '7', '8', '9']"
gka_14,huffner,1,0.3,22,"['0', '1', '10', '11', '12', '13', '15', '16', '17', '18', '2', '21', '22', '23', '24', '25', '4', '5', '6', '7', '8', '9']"
gka_14,huffner,10,1.0,22,"['0', '1', '10', '11', '12', '13', '15', '16', '17', '18', '2', '21', '22', '23', '24', '25', '4', '5', '6', '7', '8', '9']"
gka_15,huffner,0.01,0.0,0,[]
gka_15,huffner,0.1,0.0,0,[]
gka_15,huffner,1,0.3,0,[]
gka_15,huffner,10,1.0,0,[]
gka_16,huffner,0.01,0.0,0,[]
gka_16,huffner,0.1,0.0,0,[]
gka_16,huffner,1,0.3,0,[]
gka_16,huffner,10,1.0,0,[]
gka_17,huffner,0.01,0.0,0,[]
gka_17,huffner,0.1,0.0,0,[]
gka_17,huffner,1,0.3,0,[]
gka_17,huffner,10,1.0,0,[]
gka_18,huffner,0.01,0.0,2,"['0', '6']"
gka_18,huffner,0.1,0.0,2,"['0', '6']"
gka_18,huffner,1,0.3,2,"['0', '6']"
gka_18,huffner,10,1.0,2,"['0', '6']"
gka_19,huffner,0.01,0.01,31,"['0', '1', '12', '13', '14', '15', '17', '18', '2', '21', '22', '24', '25', '26', '27', '28', '29', '3', '30', '32', '33', '34', '35', '36', '38', '4', '5', '6', '7', '8', '9']"
gka_19,huffner,0.1,0.0,31,"['0', '1', '12', '13', '14', '15', '17', '18', '2', '21', '22', '24', '25', '26', '27', '28', '29', '3', '30', '32', '33', '34', '35', '36', '38', '4', '5', '6', '7', '8', '9']"
gka_19,huffner,1,0.3,31,"['0', '1', '12', '13', '14', '15', '17', '18', '2', '21', '22', '24', '25', '26', '27', '28', '29', '3', '30', '32', '33', '34', '35', '36', '38', '4', '5', '6', '7', '8', '9']"
gka_19,huffner,10,1.0,31,"['0', '1', '12', '13', '14', '15', '17', '18', '2', '21', '22', '24', '25', '26', '27', '28', '29', '3', '30', '32', '33', '34', '35', '36', '38', '4', '5', '6', '7', '8', '9']"
gka_20,huffner,0.01,0.01,39,"['10', '11', '12', '14', '15', '17', '18', '2', '20', '22', '23', '29', '3', '32', '34', '36', '37', '38', '4', '40', '42', '47', '48', '6', '8', '46', '49', '13', '26', '9', '27', '28', '24', '1', '31', '35', '41', '16', '44']"
gka_20,huffner,0.1,0.1,39,"['10', '11', '12', '13', '14', '15', '17', '18', '2', '20', '22', '23', '24', '26', '27', '28', '29', '3', '32', '34', '36', '37', '38', '4', '40', '42', '46', '47', '48', '49', '6', '8', '9', '1', '31', '35', '41', '16', '44']"
gka_20,huffner,1,0.6,39,"['1', '10', '11', '12', '13', '14', '15', '16', '17', '18', '2', '20', '22', '23', '24', '26', '27', '28', '29', '3', '31', '32', '34', '35', '36', '37', '38', '4', '40', '41', '42', '44', '46', '47', '48', '49', '6', '8', '9']"
gka_20,huffner,10,1.3,39,"['1', '10', '11', '12', '13', '14', '15', '16', '17', '18', '2', '20', '22', '23', '24', '26', '27', '28', '29', '3', '31', '32', '34', '35', '36', '37', '38', '4', '40', '41', '42', '44', '46', '47', '48', '49', '6', '8', '9']"
gka_21,huffner,0.01,0.01,42,"['1', '11', '17', '20', '24', '25', '27', '34', '35', '37', '39', '52', '53', '56', '7', '8', '21', '46', '10', '18', '48', '43', '42', '58', '50', '54', '16', '29', '59', '30', '33', '28', '0', '36', '41', '47', '2', '49', '6', '44', '22', '9']"
gka_21,huffner,0.1,0.1,42,"['1', '16', '18', '22', '24', '27', '28', '29', '36', '38', '40', '41', '46', '47', '53', '54', '58', '8', '9', '11', '2', '49', '44', '43', '59', '52', '56', '17', '33', '6', '34', '35', '30', '0', '39', '42', '48', '20', '50', '7', '45', '25']"
gka_21,huffner,1,1,41,"['1', '10', '11', '18', '2', '21', '22', '24', '25', '27', '28', '33', '34', '39', '4', '42', '43', '48', '49', '50', '53', '54', '55', '56', '59', '6', '9', '17', '3', '7', '30', '31', '29', '0', '35', '41', '5', '20', '52', '8', '47']"
gka_21,huffner,10,10,40,"['0', '1', '10', '11', '14', '16', '17', '18', '2', '21', '22', '25', '27', '28', '29', '3', '31', '33', '34', '35', '36', '38', '39', '4', '41', '42', '43', '46', '48', '49', '5', '54', '55', '59', '6', '7', '20', '52', '8', '47']"
gka_22,huffner,0.01,0.01,46,"['11', '16', '21', '22', '24', '30', '31', '34', '42', '51', '52', '57', '64', '1', '62', '35', '19', '2', '44', '10', '17', '49', '38', '37', '59', '50', '54', '15', '28', '8', '29', '67', '25', '68', '33', '36', '46', '18', '5', '61', '41', '20', '66', '3', '0', '60']"
gka_22,huffner,0.1,0.1,46,"['1', '11', '16', '19', '2', '21', '22', '24', '30', '31', '34', '35', '42', '44', '51', '52', '57', '62', '64', '10', '17', '49', '38', '37', '59', '50', '54', '15', '28', '8', '29', '67', '25', '68', '33', '36', '46', '18', '5', '61', '41', '20', '66', '3', '0', '60']"
gka_22,huffner,1,1,44,"['1', '11', '12', '17', '19', '21', '22', '30', '31', '34', '35', '37', '38', '39', '4', '47', '48', '49', '51', '52', '57', '6', '59', '50', '54', '15', '28', '8', '29', '67', '25', '68', '33', '36', '46', '18', '5', '61', '41', '20', '66', '3', '0', '60']"
gka_22,huffner,10,10,44,"['1', '11', '13', '14', '15', '16', '2', '21', '22', '28', '3', '31', '34', '35', '37', '38', '40', '41', '44', '46', '5', '51', '52', '57', '58', '59', '60', '61', '64', '30', '8', '29', '9', '36', '39', '45', '18', '49', '66', '42', '20', '69', '33', '0']"
gka_23,huffner,0.01,0.01,48,"['11', '22', '23', '24', '31', '33', '37', '44', '53', '55', '58', '73', '8', '1', '71', '39', '2', '20', '45', '10', '16', '49', '42', '40', '6', '52', '57', '13', '28', '79', '9', '76', '26', '78', '35', '4', '47', '18', '51', '68', '43', '21', '75', '30', '0', '65', '15', '29']"
gka_23,huffner,0.1,0.1,48,"['1', '11', '22', '23', '24', '31', '33', '37', '39', '44', '53', '55', '58', '71', '73', '8', '2', '20', '45', '10', '16', '49', '42', '40', '6', '52', '57', '13', '28', '79', '9', '76', '26', '78', '35', '4', '47', '18', '51', '68', '43', '21', '75', '30', '0', '65', '15', '29']"
gka_23,huffner,1,1,47,"['11', '13', '14', '18', '22', '23', '27', '3', '30', '37', '38', '4', '42', '51', '52', '58', '59', '60', '69', '71', '8', '54', '49', '45', '64', '57', '6', '15', '32', '79', '33', '74', '31', '78', '39', '44', '53', '21', '55', '68', '50', '26', '73', '35', '10', '67', '17']"
gka_23,huffner,10,10,46,"['11', '13', '15', '18', '21', '26', '27', '30', '31', '32', '38', '39', '42', '44', '52', '54', '56', '59', '6', '64', '71', '73', '49', '47', '67', '58', '60', '17', '34', '8', '35', '78', '33', '79', '4', '45', '55', '22', '57', '69', '51', '3', '74', '37', '10', '68']"
gka_24,huffner,0.01,0.01,38,"['2', '24', '39', '4', '49', '51', '69', '79', '80', '55', '38', '40', '83', '14', '67', '58', '35', '36', '70', '19', '25', '73', '64', '62', '86', '76', '82', '22', '43', '75', '46', '47', '42', '1', '53', '59', '72', '34']"
gka_24,huffner,0.1,0.1,38,"['2', '24', '38', '39', '4', '40', '49', '51', '55', '69', '79', '80', '83', '14', '67', '58', '35', '36', '70', '19', '25', '73', '64', '62', '86', '76', '82', '22', '43', '75', '46', '47', '42', '1', '53', '59', '72', '34']"
gka_24,huffner,1,1,38,"['14', '2', '24', '38', '39', '4', '40', '49', '51', '55', '69', '79', '80', '83', '67', '58', '35', '36', '70', '19', '25', '73', '64', '62', '86', '76', '82', '22', '43', '75', '46', '47', '42', '1', '53', '59', '72', '34']"
gka_24,huffner,10,10,38,"['14', '2', '24', '35', '38', '39', '4', '40', '49', '51', '55', '58', '67', '69', '79', '80', '83', '36', '70', '19', '25', '73', '64', '62', '86', '76', '82', '22', '43', '75', '46', '47', '42', '1', '53', '59', '72', '34']"
gka_25,huffner,0.01,0.01,46,"['13', '15', '31', '32', '46', '47', '49', '59', '68', '74', '9', '34', '83', '11', '88', '5', '2', '20', '6', '12', '17', '61', '53', '52', '84', '67', '81', '14', '4', '98', '42', '96', '35', '97', '48', '50', '60', '19', '65', '87', '57', '21', '93', '44', '0', '85']"
gka_25,huffner,0.1,0.1,44,"['12', '17', '27', '31', '32', '45', '49', '50', '6', '74', '79', '82', '94', '1', '9', '53', '2', '21', '60', '11', '18', '63', '57', '55', '83', '71', '81', '16', '4', '85', '42', '98', '35', '0', '5', '54', '61', '19', '65', '87', '59', '26', '96', '44']"
gka_25,huffner,1,1,44,"['1', '12', '17', '27', '31', '32', '45', '49', '50', '53', '6', '74', '79', '82', '9', '94', '2', '21', '60', '11', '18', '63', '57', '55', '83', '71', '81', '16', '4', '85', '42', '98', '35', '0', '5', '54', '61', '19', '65', '87', '59', '26', '96', '44']"
gka_25,huffner,10,10,44,"['1', '12', '17', '2', '21', '27', '31', '32', '45', '49', '50', '53', '6', '60', '74', '79', '82', '9', '94', '11', '18', '63', '57', '55', '83', '71', '81', '16', '4', '85', '42', '98', '35', '0', '5', '54', '61', '19', '65', '87', '59', '26', '96', '44']"
gka_26,huffner,0.01,0.01,44,"['14', '23', '38', '40', '55', '56', '58', '68', '76', '78', '95', '41', '81', '12', '93', '59', '3', '34', '7', '13', '28', '71', '64', '63', '87', '74', '79', '2', '45', '9', '48', '99', '43', '10', '57', '6', '70', '29', '72', '92', '65', '37', '97', '54']"
gka_26,huffner,0.1,0.1,44,"['14', '23', '38', '40', '41', '55', '56', '58', '68', '76', '78', '81', '95', '12', '93', '59', '3', '34', '7', '13', '28', '71', '64', '63', '87', '74', '79', '2', '45', '9', '48', '99', '43', '10', '57', '6', '70', '29', '72', '92', '65', '37', '97', '54']"
gka_26,huffner,1,1,44,"['12', '14', '23', '38', '40', '41', '55', '56', '58', '68', '76', '78', '81', '93', '95', '59', '3', '34', '7', '13', '28', '71', '64', '63', '87', '74', '79', '2', '45', '9', '48', '99', '43', '10', '57', '6', '70', '29', '72', '92', '65', '37', '97', '54']"
gka_26,huffner,10,10,44,"['12', '13', '14', '23', '3', '34', '38', '40', '41', '55', '56', '58', '59', '68', '7', '76', '78', '81', '93', '95', '28', '71', '64', '63', '87', '74', '79', '2', '45', '9', '48', '99', '43', '10', '57', '6', '70', '29', '72', '92', '65', '37', '97', '54']"
gka_27,huffner,0.01,0.01,64,"['15', '28', '29', '31', '37', '38', '50', '57', '58', '70', '86', '89', '94', '82', '68', '87', '20', '22', '51', '13', '88', '54', '83', '45', '61', '85', '59', '16', '9', '75', '8', '98', '33', '99', '39', '42', '53', '2', '55', '84', '47', '25', '71', '81', '10', '63', '17', '35', '36', '11', '46', '66', '92', '6', '93', '19', '97', '34', '56', '41', '78', '40', '73', '74']"
gka_27,huffner,0.1,0.1,63,"['13', '21', '23', '25', '30', '31', '46', '53', '54', '63', '65', '76', '84', '89', '94', '85', '19', '2', '47', '12', '87', '49', '78', '42', '58', '81', '56', '14', '9', '72', '74', '99', '26', '68', '32', '41', '48', '17', '51', '8', '45', '20', '66', '75', '10', '6', '15', '29', '3', '11', '44', '60', '91', '57', '92', '16', '97', '28', '52', '37', '73', '36', '67']"
gka_27,huffner,1,1,63,"['13', '19', '21', '23', '25', '30', '31', '46', '53', '54', '63', '65', '76', '84', '85', '89', '94', '2', '47', '12', '87', '49', '78', '42', '58', '81', '56', '14', '9', '72', '74', '99', '26', '68', '32', '41', '48', '17', '51', '8', '45', '20', '66', '75', '10', '6', '15', '29', '3', '11', '44', '60', '91', '57', '92', '16', '97', '28', '52', '37', '73', '36', '67']"
gka_27,huffner,10,10,63,"['12', '13', '19', '2', '21', '23', '25', '30', '31', '46', '47', '49', '53', '54', '63', '65', '76', '84', '85', '87', '89', '94', '78', '42', '58', '81', '56', '14', '9', '72', '74', '99', '26', '68', '32', '41', '48', '17', '51', '8', '45', '20', '66', '75', '10', '6', '15', '29', '3', '11', '44', '60', '91', '57', '92', '16', '97', '28', '52', '37', '73', '36', '67']"
gka_28,huffner,0.01,0.01,73,"['23', '25', '31', '32', '42', '51', '52', '6', '72', '75', '81', '95', '97', '68', '58', '73', '19', '2', '93', '10', '9', '47', '69', '4', '55', '71', '53', '15', '99', '64', '66', '85', '28', '92', '33', '39', '98', '18', '48', '70', '41', '21', '60', '67', '0', '56', '16', '3', '30', '1', '40', '57', '77', '54', '79', '17', '82', '29', '50', '36', '65', '34', '62', '63', '74', '91', '96', '43', '24', '87', '12', '45', '76']"
gka_28,huffner,0.1,0.1,72,"['2', '21', '24', '28', '32', '34', '45', '53', '54', '60', '62', '7', '73', '74', '76', '81', '95', '97', '93', '12', '9', '50', '70', '41', '57', '72', '55', '15', '77', '66', '68', '85', '29', '92', '36', '40', '99', '19', '51', '71', '43', '22', '63', '69', '0', '58', '17', '30', '31', '1', '42', '6', '79', '56', '8', '18', '82', '3', '52', '4', '67', '39', '64', '65', '75', '91', '96', '47', '25', '87', '14', '48']"
gka_28,huffner,1,1,72,"['12', '2', '21', '24', '28', '32', '34', '45', '50', '53', '54', '60', '62', '7', '73', '74', '76', '81', '9', '93', '95', '97', '70', '41', '57', '72', '55', '15', '77', '66', '68', '85', '29', '92', '36', '40', '99', '19', '51', '71', '43', '22', '63', '69', '0', '58', '17', '30', '31', '1', '42', '6', '79', '56', '8', '18', '82', '3', '52', '4', '67', '39', '64', '65', '75', '91', '96', '47', '25', '87', '14', '48']"
gka_28,huffner,10,10,72,"['12', '2', '21', '24', '28', '32', '34', '41', '45', '50', '53', '54', '55', '57', '60', '62', '7', '70', '72', '73', '74', '76', '81', '9', '93', '95', '97', '15', '77', '66', '68', '85', '29', '92', '36', '40', '99', '19', '51', '71', '43', '22', '63', '69', '0', '58', '17', '30', '31', '1', '42', '6', '79', '56', '8', '18', '82', '3', '52', '4', '67', '39', '64', '65', '75', '91', '96', '47', '25', '87', '14', '48']"
gka_29,huffner,0.01,0.01,77,"['22', '24', '29', '3', '40', '48', '49', '55', '58', '66', '70', '74', '78', '85', '88', '71', '19', '2', '84', '12', '92', '43', '67', '38', '51', '7', '5', '14', '91', '62', '64', '8', '25', '83', '32', '99', '90', '17', '44', '69', '97', '21', '59', '65', '1', '53', '15', '27', '28', '10', '39', '54', '76', '50', '77', '16', '79', '26', '45', '34', '63', '33', '6', '61', '72', '82', '86', '41', '93', '80', '13', '42', '75', '81', '23', '4', '35']"
gka_29,huffner,0.1,0.1,77,"['12', '19', '2', '22', '24', '29', '3', '40', '43', '48', '49', '55', '58', '66', '70', '71', '74', '78', '84', '85', '88', '92', '67', '38', '51', '7', '5', '14', '91', '62', '64', '8', '25', '83', '32', '99', '90', '17', '44', '69', '97', '21', '59', '65', '1', '53', '15', '27', '28', '10', '39', '54', '76', '50', '77', '16', '79', '26', '45', '34', '63', '33', '6', '61', '72', '82', '86', '41', '93', '80', '13', '42', '75', '81', '23', '4', '35']"
gka_29,huffner,1,1,77,"['12', '14', '19', '2', '22', '24', '29', '3', '38', '40', '43', '48', '49', '5', '51', '55', '58', '66', '67', '7', '70', '71', '74', '78', '84', '85', '88', '91', '92', '62', '64', '8', '25', '83', '32', '99', '90', '17', '44', '69', '97', '21', '59', '65', '1', '53', '15', '27', '28', '10', '39', '54', '76', '50', '77', '16', '79', '26', '45', '34', '63', '33', '6', '61', '72', '82', '86', '41', '93', '80', '13', '42', '75', '81', '23', '4', '35']"
gka_29,huffner,10,10,77,"['12', '14', '17', '19', '2', '22', '24', '25', '29', '3', '32', '38', '40', '43', '48', '49', '5', '51', '55', '58', '62', '64', '66', '67', '7', '70', '71', '74', '78', '8', '83', '84', '85', '88', '90', '91', '92', '99', '44', '69', '97', '21', '59', '65', '1', '53', '15', '27', '28', '10', '39', '54', '76', '50', '77', '16', '79', '26', '45', '34', '63', '33', '6', '61', '72', '82', '86', '41', '93', '80', '13', '42', '75', '81', '23', '4', '35']"
gka_30,huffner,0.01,0.01,84,"['18', '20', '22', '24', '3', '30', '38', '43', '51', '60', '64', '65', '68', '8', '81', '92', '97', '98', '79', '10', '86', '40', '61', '35', '48', '63', '46', '14', '85', '57', '59', '73', '26', '78', '31', '9', '82', '17', '41', '62', '89', '21', '54', '6', '0', '49', '15', '28', '29', '1', '36', '50', '7', '47', '70', '16', '72', '27', '42', '33', '93', '32', '95', '56', '66', '76', '80', '96', '87', '74', '12', '4', '69', '91', '23', '37', '34', '75', '71', '58', '55', '39', '53', '45']"
gka_30,huffner,0.1,0.1,83,"['10', '17', '18', '21', '23', '28', '29', '33', '36', '39', '42', '43', '50', '6', '60', '64', '66', '7', '80', '81', '85', '88', '93', '98', '47', '62', '45', '13', '87', '56', '58', '75', '24', '8', '3', '91', '86', '16', '4', '61', '9', '20', '53', '59', '0', '48', '14', '26', '27', '1', '34', '49', '71', '46', '72', '15', '74', '25', '40', '31', '95', '30', '96', '55', '68', '79', '82', '97', '89', '76', '12', '38', '70', '92', '22', '35', '32', '78', '73', '57', '54', '37', '51']"
gka_30,huffner,1,1,83,"['10', '13', '17', '18', '21', '23', '24', '28', '29', '33', '36', '39', '42', '43', '45', '47', '50', '56', '58', '6', '60', '62', '64', '66', '7', '75', '80', '81', '85', '87', '88', '93', '98', '8', '3', '91', '86', '16', '4', '61', '9', '20', '53', '59', '0', '48', '14', '26', '27', '1', '34', '49', '71', '46', '72', '15', '74', '25', '40', '31', '95', '30', '96', '55', '68', '79', '82', '97', '89', '76', '12', '38', '70', '92', '22', '35', '32', '78', '73', '57', '54', '37', '51']"
gka_30,huffner,10,10,83,"['0', '10', '13', '16', '17', '18', '20', '21', '23', '24', '28', '29', '3', '33', '36', '39', '4', '42', '43', '45', '47', '50', '53', '56', '58', '59', '6', '60', '61', '62', '64', '66', '7', '75', '8', '80', '81', '85', '86', '87', '88', '9', '91', '93', '98', '48', '14', '26', '27', '1', '34', '49', '71', '46', '72', '15', '74', '25', '40', '31', '95', '30', '96', '55', '68', '79', '82', '97', '89', '76', '12', '38', '70', '92', '22', '35', '32', '78', '73', '57', '54', '37', '51']"
gka_31,huffner,0.01,0.01,87,"['11', '19', '20', '22', '24', '29', '3', '39', '45', '51', '61', '65', '66', '68', '8', '80', '82', '85', '90', '94', '95', '41', '62', '35', '49', '64', '47', '13', '84', '58', '6', '74', '25', '78', '30', '89', '83', '17', '43', '63', '87', '21', '54', '60', '1', '5', '15', '27', '28', '10', '36', '50', '7', '48', '99', '16', '72', '26', '96', '33', '91', '31', '92', '57', '67', '77', '81', '93', '86', '75', '12', '40', '69', '9', '97', '38', '34', '76', '71', '59', '55', '4', '52', '46', '44', '23', '70']"
gka_31,huffner,0.1,0.1,87,"['11', '13', '19', '20', '22', '24', '29', '3', '35', '39', '41', '45', '47', '49', '51', '58', '6', '61', '62', '64', '65', '66', '68', '74', '8', '80', '82', '84', '85', '90', '94', '95', '25', '78', '30', '89', '83', '17', '43', '63', '87', '21', '54', '60', '1', '5', '15', '27', '28', '10', '36', '50', '7', '48', '99', '16', '72', '26', '96', '33', '91', '31', '92', '57', '67', '77', '81', '93', '86', '75', '12', '40', '69', '9', '97', '38', '34', '76', '71', '59', '55', '4', '52', '46', '44', '23', '70']"
gka_31,huffner,1,1,86,"['11', '13', '16', '19', '2', '21', '24', '25', '30', '33', '34', '38', '40', '44', '45', '47', '49', '50', '53', '59', '60', '62', '63', '64', '65', '66', '67', '69', '75', '8', '80', '82', '85', '86', '87', '88', '9', '90', '92', '96', '97', '20', '55', '61', '0', '51', '14', '28', '3', '1', '39', '52', '70', '5', '71', '15', '74', '26', '98', '36', '93', '35', '94', '58', '68', '78', '83', '95', '89', '76', '12', '43', '7', '91', '99', '4', '37', '77', '72', '6', '57', '41', '54', '48', '46', '22']"
gka_31,huffner,10,10,86,"['0', '1', '11', '13', '14', '15', '16', '19', '2', '20', '21', '24', '25', '26', '28', '3', '30', '33', '34', '38', '39', '40', '44', '45', '47', '49', '5', '50', '51', '52', '53', '55', '59', '60', '61', '62', '63', '64', '65', '66', '67', '69', '70', '71', '74', '75', '8', '80', '82', '85', '86', '87', '88', '9', '90', '92', '96', '97', '98', '36', '93', '35', '94', '58', '68', '78', '83', '95', '89', '76', '12', '43', '7', '91', '99', '4', '37', '77', '72', '6', '57', '41', '54', '48', '46', '22']"
gka_32,huffner,0.01,0.01,89,"['10', '16', '17', '20', '22', '28', '29', '33', '36', '4', '43', '45', '47', '5', '62', '63', '65', '66', '67', '69', '8', '80', '82', '85', '9', '93', '94', '12', '84', '58', '60', '74', '24', '78', '3', '88', '83', '15', '40', '64', '87', '18', '54', '61', '0', '48', '13', '26', '27', '1', '34', '49', '70', '46', '97', '14', '73', '25', '95', '31', '90', '30', '91', '56', '99', '77', '81', '92', '86', '75', '11', '39', '7', '89', '96', '35', '32', '76', '72', '6', '55', '38', '52', '44', '41', '21', '71', '68', '98']"
gka_32,huffner,0.1,0.1,89,"['0', '10', '12', '15', '16', '17', '18', '20', '22', '24', '28', '29', '3', '33', '36', '4', '40', '43', '45', '47', '5', '54', '58', '60', '61', '62', '63', '64', '65', '66', '67', '69', '74', '78', '8', '80', '82', '83', '84', '85', '87', '88', '9', '93', '94', '48', '13', '26', '27', '1', '34', '49', '70', '46', '97', '14', '73', '25', '95', '31', '90', '30', '91', '56', '99', '77', '81', '92', '86', '75', '11', '39', '7', '89', '96', '35', '32', '76', '72', '6', '55', '38', '52', '44', '41', '21', '71', '68', '98']"
gka_32,huffner,1,1,88,"['0', '1', '10', '12', '13', '14', '15', '16', '17', '18', '19', '2', '20', '22', '23', '24', '25', '27', '28', '3', '30', '31', '33', '34', '36', '4', '40', '42', '43', '46', '47', '48', '49', '5', '50', '58', '60', '61', '62', '63', '65', '66', '67', '69', '70', '73', '74', '78', '8', '80', '82', '83', '84', '85', '87', '88', '90', '93', '94', '95', '97', '91', '56', '99', '77', '81', '92', '86', '75', '11', '39', '7', '89', '96', '35', '32', '76', '72', '6', '55', '38', '52', '44', '41', '21', '71', '68', '98']"
gka_32,huffner,10,10,88,"['0', '10', '11', '13', '14', '15', '16', '17', '18', '19', '2', '20', '22', '25', '26', '27', '28', '29', '3', '30', '32', '34', '35', '36', '37', '38', '39', '40', '41', '42', '44', '46', '48', '5', '50', '51', '52', '54', '56', '57', '59', '6', '60', '61', '62', '63', '64', '65', '66', '69', '7', '70', '72', '73', '75', '76', '77', '79', '8', '80', '81', '82', '83', '84', '85', '86', '87', '88', '89', '9', '90', '91', '92', '93', '94', '95', '96', '97', '98', '99', '55', '4', '53', '45', '43', '21', '71', '68']"
gka_33,huffner,0.01,0.01,91,"['10', '16', '18', '2', '23', '28', '29', '33', '36', '4', '42', '46', '49', '57', '58', '60', '61', '63', '75', '76', '78', '80', '87', '90', '91', '6', '44', '12', '8', '53', '55', '69', '24', '74', '3', '84', '79', '15', '40', '59', '83', '19', '50', '56', '0', '47', '13', '26', '27', '1', '34', '48', '65', '45', '94', '14', '68', '25', '92', '31', '88', '30', '89', '52', '96', '73', '77', '9', '81', '70', '11', '38', '64', '86', '93', '35', '32', '72', '67', '54', '99', '37', '5', '43', '41', '20', '66', '62', '95', '97', '51']"
gka_33,huffner,0.1,0.1,90,"['10', '12', '15', '16', '17', '18', '19', '2', '23', '24', '28', '29', '33', '36', '4', '40', '42', '44', '46', '49', '50', '53', '55', '57', '58', '59', '6', '61', '63', '71', '74', '75', '76', '78', '8', '80', '82', '84', '85', '87', '90', '91', '56', '0', '47', '13', '26', '27', '1', '34', '48', '65', '45', '94', '14', '68', '25', '92', '31', '88', '30', '89', '52', '96', '73', '77', '9', '81', '70', '11', '38', '64', '86', '93', '35', '32', '72', '67', '54', '99', '37', '5', '43', '41', '20', '66', '62', '95', '97', '51']"
gka_33,huffner,1,1,90,"['0', '1', '10', '12', '13', '14', '15', '16', '17', '18', '19', '2', '23', '24', '25', '26', '27', '28', '29', '30', '31', '33', '34', '36', '4', '40', '42', '44', '45', '46', '47', '48', '49', '50', '52', '53', '55', '56', '57', '58', '59', '6', '61', '63', '65', '68', '71', '73', '74', '75', '76', '77', '78', '8', '80', '82', '84', '85', '87', '88', '89', '9', '90', '91', '92', '94', '96', '81', '70', '11', '38', '64', '86', '93', '35', '32', '72', '67', '54', '99', '37', '5', '43', '41', '20', '66', '62', '95', '97', '51']"
gka_33,huffner,10,4.9,90,"['0', '1', '10', '11', '12', '13', '14', '15', '16', '17', '18', '19', '2', '20', '23', '24', '25', '26', '27', '28', '29', '30', '31', '32', '33', '34', '35', '36', '37', '38', '4', '40', '41', '42', '43', '44', '45', '46', '47', '48', '49', '5', '50', '51', '52', '53', '54', '55', '56', '57', '58', '59', '6', '61', '62', '63', '64', '65', '66', '67', '68', '70', '71', '72', '73', '74', '75', '76', '77', '78', '8', '80', '81', '82', '84', '85', '86', '87', '88', '89', '9', '90', '91', '92', '93', '94', '95', '96', '97', '99']"
gka_34,huffner,0.01,0.01,93,"['10', '17', '18', '20', '22', '28', '29', '33', '37', '43', '47', '5', '58', '59', '60', '61', '62', '64', '74', '75', '77', '80', '85', '89', '9', '98', '45', '13', '99', '54', '56', '7', '23', '73', '3', '83', '78', '16', '40', '6', '82', '2', '51', '57', '0', '48', '14', '26', '27', '1', '34', '49', '66', '46', '92', '15', '69', '25', '90', '31', '86', '30', '87', '53', '94', '72', '76', '88', '81', '70', '11', '39', '65', '84', '91', '35', '32', '71', '68', '55', '96', '38', '50', '44', '41', '21', '67', '63', '93', '95', '52', '4', '79']"
gka_34,huffner,0.1,0.1,92,"['0', '1', '10', '13', '14', '15', '16', '17', '18', '19', '2', '20', '22', '23', '25', '26', '27', '29', '3', '30', '31', '33', '34', '37', '40', '42', '43', '45', '46', '47', '48', '49', '5', '51', '53', '54', '56', '57', '59', '6', '60', '61', '62', '64', '66', '69', '7', '72', '74', '75', '76', '77', '78', '8', '80', '81', '82', '83', '85', '86', '87', '88', '89', '90', '92', '94', '98', '99', '70', '11', '39', '65', '84', '91', '35', '32', '71', '68', '55', '96', '38', '50', '44', '41', '21', '67', '63', '93', '95', '52', '4', '79']"
gka_34,huffner,1,0.6,92,"['0', '1', '10', '11', '13', '14', '15', '16', '17', '18', '19', '2', '20', '21', '22', '23', '25', '26', '27', '29', '3', '30', '31', '32', '33', '34', '35', '37', '38', '39', '4', '40', '41', '42', '43', '44', '45', '46', '47', '48', '49', '5', '50', '51', '52', '53', '54', '55', '56', '57', '59', '6', '60', '61', '62', '63', '64', '65', '66', '67', '68', '69', '7', '70', '71', '72', '74', '75', '76', '77', '78', '79', '8', '80', '81', '82', '83', '84', '85', '86', '87', '88', '89', '90', '91', '92', '93', '94', '95', '96', '98', '99']"
gka_34,huffner,10,1.3,92,"['0', '1', '10', '11', '13', '14', '15', '16', '17', '18', '19', '2', '20', '21', '22', '23', '25', '26', '27', '29', '3', '30', '31', '32', '33', '34', '35', '37', '38', '39', '4', '40', '41', '42', '43', '44', '45', '46', '47', '48', '49', '5', '50', '51', '52', '53', '54', '55', '56', '57', '59', '6', '60', '61', '62', '63', '64', '65', '66', '67', '68', '69', '7', '70', '71', '72', '74', '75', '76', '77', '78', '79', '8', '80', '81', '82', '83', '84', '85', '86', '87', '88', '89', '90', '91', '92', '93', '94', '95', '96', '98', '99']"
gka_35,huffner,0.01,0.0,0,[]
gka_35,huffner,0.1,0.0,0,[]
gka_35,huffner,1,0.3,0,[]
gka_35,huffner,10,1.0,0,[]
bqp50_1,huffner,0.01,0.01,11,"['13', '14', '30', '32', '33', '37', '38', '47', '49', '5', '6']"
bqp50_1,huffner,0.1,0.1,11,"['13', '14', '30', '32', '33', '37', '38', '47', '49', '5', '6']"
bqp50_1,huffner,1,0.3,11,"['13', '14', '30', '32', '33', '37', '38', '47', '49', '5', '6']"
bqp50_1,huffner,10,1.0,11,"['13', '14', '30', '32', '33', '37', '38', '47', '49', '5', '6']"
bqp50_2,huffner,0.01,0.01,11,"['20', '21', '27', '28', '30', '31', '33', '4', '44', '46', '5']"
bqp50_2,huffner,0.1,0.0,11,"['20', '21', '27', '28', '30', '31', '33', '4', '44', '46', '5']"
bqp50_2,huffner,1,0.3,11,"['20', '21', '27', '28', '30', '31', '33', '4', '44', '46', '5']"
bqp50_2,huffner,10,1.0,11,"['15', '21', '27', '30', '31', '33', '34', '38', '43', '5', '9']"
bqp50_3,huffner,0.01,0.01,15,"['12', '21', '22', '23', '30', '34', '41', '48', '5', '8', '44', '6', '42', '14', '37']"
bqp50_3,huffner,0.1,0.1,14,"['0', '10', '14', '22', '26', '31', '39', '40', '41', '42', '43', '5', '8', '9']"
bqp50_3,huffner,1,0.4,14,"['0', '10', '14', '22', '26', '31', '39', '40', '41', '42', '43', '5', '8', '9']"
bqp50_3,huffner,10,1.2,14,"['0', '10', '14', '22', '26', '31', '39', '40', '41', '42', '43', '5', '8', '9']"
bqp50_4,huffner,0.01,0.01,12,"['10', '14', '15', '16', '17', '18', '19', '20', '21', '3', '23', '11']"
bqp50_4,huffner,0.1,0.0,11,"['13', '14', '17', '19', '20', '23', '36', '41', '42', '45', '7']"
bqp50_4,huffner,1,0.3,11,"['13', '14', '17', '19', '20', '23', '36', '41', '42', '45', '7']"
bqp50_4,huffner,10,1.0,11,"['13', '14', '17', '19', '20', '23', '36', '41', '42', '45', '7']"
bqp50_5,huffner,0.01,0.01,13,"['17', '2', '26', '29', '32', '33', '37', '47', '48', '9', '49', '35', '11']"
bqp50_5,huffner,0.1,0.1,13,"['17', '2', '26', '29', '31', '32', '33', '35', '37', '47', '48', '49', '9']"
bqp50_5,huffner,1,0.3,13,"['17', '2', '26', '29', '31', '32', '33', '35', '37', '47', '48', '49', '9']"
bqp50_5,huffner,10,1.1,13,"['17', '2', '26', '29', '31', '32', '33', '35', '37', '47', '48', '49', '9']"
bqp50_6,huffner,0.01,0.0,9,"['11', '16', '20', '21', '23', '37', '6', '8', '9']"
bqp50_6,huffner,0.1,0.0,9,"['11', '16', '20', '21', '23', '37', '6', '8', '9']"
bqp50_6,huffner,1,0.3,9,"['11', '16', '20', '21', '22', '23', '37', '6', '8']"
bqp50_6,huffner,10,1.0,9,"['11', '16', '20', '21', '22', '23', '37', '6', '8']"
bqp50_7,huffner,0.01,0.0,9,"['1', '13', '14', '15', '16', '23', '39', '43', '47']"
bqp50_7,huffner,0.1,0.0,9,"['1', '13', '14', '15', '16', '23', '39', '43', '47']"
bqp50_7,huffner,1,0.3,9,"['1', '13', '14', '15', '16', '23', '39', '43', '47']"
bqp50_7,huffner,10,1.0,9,"['1', '13', '14', '15', '16', '23', '39', '43', '47']"
bqp50_8,huffner,0.01,0.01,15,"['0', '23', '24', '29', '3', '30', '38', '42', '43', '46', '48', '47', '4', '19', '36']"
bqp50_8,huffner,0.1,0.1,15,"['0', '23', '24', '29', '3', '30', '38', '4', '42', '43', '46', '47', '48', '19', '36']"
bqp50_8,huffner,1,0.8,14,"['0', '12', '14', '16', '17', '19', '24', '25', '26', '29', '35', '37', '5', '8']"
bqp50_8,huffner,10,1.5,14,"['0', '12', '14', '16', '17', '19', '24', '25', '26', '29', '35', '37', '5', '8']"
bqp50_9,huffner,0.01,0.01,12,"['10', '15', '17', '20', '23', '27', '29', '37', '40', '41', '14', '34']"
bqp50_9,huffner,0.1,0.1,12,"['10', '14', '15', '17', '20', '23', '27', '29', '34', '37', '40', '41']"
bqp50_9,huffner,1,0.4,12,"['0', '10', '14', '15', '17', '20', '23', '27', '29', '34', '37', '41']"
bqp50_9,huffner,10,1.1,12,"['0', '10', '14', '15', '17', '20', '23', '27', '29', '34', '37', '41']"
bqp50_10,huffner,0.01,0.01,11,"['0', '12', '18', '2', '24', '26', '29', '30', '39', '41', '6']"
bqp50_10,huffner,0.1,0.0,11,"['0', '12', '18', '2', '24', '26', '29', '30', '39', '41', '6']"
bqp50_10,huffner,1,0.3,11,"['0', '12', '18', '2', '24', '26', '29', '30', '39', '41', '6']"
bqp50_10,huffner,10,1.0,11,"['0', '12', '18', '2', '24', '26', '29', '30', '39', '41', '6']"
bqp100_1,huffner,0.01,0.01,44,"['13', '15', '24', '26', '39', '4', '5', '6', '73', '74', '95', '27', '83', '1', '92', '52', '20', '21', '60', '12', '17', '69', '56', '54', '88', '72', '80', '14', '32', '89', '34', '99', '29', '0', '47', '53', '62', '19', '7', '91', '57', '23', '96', '36']"
bqp100_1,huffner,0.1,0.1,44,"['1', '13', '15', '24', '26', '27', '39', '4', '5', '6', '73', '74', '83', '95', '92', '52', '20', '21', '60', '12', '17', '69', '56', '54', '88', '72', '80', '14', '32', '89', '34', '99', '29', '0', '47', '53', '62', '19', '7', '91', '57', '23', '96', '36']"
bqp100_1,huffner,1,1,43,"['10', '13', '17', '29', '31', '34', '47', '52', '54', '65', '80', '83', '89', '93', '98', '57', '23', '26', '67', '12', '19', '72', '61', '60', '9', '79', '88', '14', '39', '90', '4', '46', '36', '1', '53', '6', '71', '2', '73', '91', '62', '27', '99']"
bqp100_1,huffner,10,10,43,"['10', '13', '17', '23', '26', '29', '31', '34', '47', '52', '54', '57', '65', '80', '83', '89', '93', '98', '67', '12', '19', '72', '61', '60', '9', '79', '88', '14', '39', '90', '4', '46', '36', '1', '53', '6', '71', '2', '73', '91', '62', '27', '99']"
bqp100_2,huffner,0.01,0.01,44,"['14', '2', '3', '31', '48', '5', '51', '68', '74', '75', '96', '34', '85', '12', '94', '52', '22', '26', '69', '13', '20', '71', '59', '56', '86', '73', '76', '16', '41', '87', '45', '99', '40', '11', '50', '54', '7', '21', '72', '93', '66', '27', '98', '47']"
bqp100_2,huffner,0.1,0.1,44,"['12', '14', '2', '3', '31', '34', '48', '5', '51', '68', '74', '75', '85', '96', '94', '52', '22', '26', '69', '13', '20', '71', '59', '56', '86', '73', '76', '16', '41', '87', '45', '99', '40', '11', '50', '54', '7', '21', '72', '93', '66', '27', '98', '47']"
bqp100_2,huffner,1,1,43,"['12', '14', '2', '22', '27', '28', '29', '41', '45', '48', '51', '68', '74', '75', '85', '96', '98', '23', '69', '13', '20', '71', '59', '56', '87', '73', '76', '16', '31', '93', '34', '40', '3', '11', '47', '54', '7', '21', '72', '94', '66', '26', '99']"
bqp100_2,huffner,10,10,43,"['12', '13', '14', '2', '22', '23', '27', '28', '29', '41', '45', '48', '51', '68', '69', '74', '75', '85', '96', '98', '20', '71', '59', '56', '87', '73', '76', '16', '31', '93', '34', '40', '3', '11', '47', '54', '7', '21', '72', '94', '66', '26', '99']"
bqp100_3,huffner,0.01,0.01,45,"['15', '19', '26', '28', '40', '46', '50', '6', '73', '74', '91', '33', '81', '1', '9', '52', '22', '23', '60', '10', '20', '65', '57', '54', '82', '70', '77', '18', '35', '86', '36', '98', '34', '99', '48', '53', '63', '21', '7', '88', '58', '25', '97', '39', '0']"
bqp100_3,huffner,0.1,0.1,45,"['15', '19', '26', '28', '33', '40', '46', '50', '6', '73', '74', '91', '81', '1', '9', '52', '22', '23', '60', '10', '20', '65', '57', '54', '82', '70', '77', '18', '35', '86', '36', '98', '34', '99', '48', '53', '63', '21', '7', '88', '58', '25', '97', '39', '0']"
bqp100_3,huffner,1,1,44,"['1', '18', '20', '33', '34', '35', '43', '45', '47', '50', '58', '71', '73', '76', '82', '86', '25', '26', '59', '10', '22', '60', '56', '53', '77', '65', '74', '19', '38', '8', '39', '98', '36', '0', '46', '52', '6', '23', '63', '81', '57', '31', '9', '40']"
bqp100_3,huffner,10,10,44,"['1', '18', '20', '25', '26', '33', '34', '35', '43', '45', '47', '50', '58', '59', '71', '73', '76', '82', '86', '10', '22', '60', '56', '53', '77', '65', '74', '19', '38', '8', '39', '98', '36', '0', '46', '52', '6', '23', '63', '81', '57', '31', '9', '40']"
bqp100_4,huffner,0.01,0.01,45,"['15', '21', '31', '32', '42', '45', '49', '6', '8', '80', '92', '34', '86', '11', '91', '52', '24', '27', '63', '13', '22', '73', '58', '57', '87', '79', '85', '17', '37', '88', '38', '97', '35', '99', '48', '54', '70', '23', '75', '89', '59', '29', '94', '4', '0']"
bqp100_4,huffner,0.1,0.1,42,"['15', '21', '32', '34', '37', '46', '48', '53', '66', '79', '8', '81', '94', '97', '54', '24', '3', '68', '14', '22', '70', '61', '6', '85', '75', '80', '2', '42', '86', '44', '45', '4', '10', '52', '58', '69', '23', '73', '92', '64', '30', '99']"
bqp100_4,huffner,1,1,41,"['22', '3', '34', '35', '36', '44', '45', '48', '52', '54', '66', '79', '8', '85', '97', '99', '30', '68', '14', '23', '70', '61', '6', '86', '75', '81', '21', '4', '92', '42', '43', '37', '10', '46', '58', '69', '24', '73', '94', '64', '32']"
bqp100_4,huffner,10,10,41,"['14', '22', '3', '30', '34', '35', '36', '44', '45', '48', '52', '54', '66', '68', '79', '8', '85', '97', '99', '23', '70', '61', '6', '86', '75', '81', '21', '4', '92', '42', '43', '37', '10', '46', '58', '69', '24', '73', '94', '64', '32']"
bqp100_5,huffner,0.01,0.01,44,"['15', '19', '3', '33', '42', '43', '62', '78', '8', '5', '91', '34', '84', '12', '90', '51', '26', '27', '63', '14', '20', '73', '6', '56', '87', '77', '80', '18', '38', '88', '40', '99', '36', '0', '45', '55', '69', '25', '76', '9', '61', '29', '96', '41']"
bqp100_5,huffner,0.1,0.1,44,"['15', '19', '3', '33', '34', '42', '43', '5', '62', '78', '8', '84', '91', '12', '90', '51', '26', '27', '63', '14', '20', '73', '6', '56', '87', '77', '80', '18', '38', '88', '40', '99', '36', '0', '45', '55', '69', '25', '76', '9', '61', '29', '96', '41']"
bqp100_5,huffner,1,1,43,"['12', '15', '19', '27', '29', '3', '41', '42', '48', '6', '76', '77', '84', '94', '96', '51', '21', '25', '60', '14', '2', '63', '56', '55', '87', '70', '78', '18', '33', '88', '34', '38', '32', '0', '45', '52', '61', '20', '68', '91', '57', '26', '99']"
bqp100_5,huffner,10,10,43,"['12', '15', '19', '21', '27', '29', '3', '41', '42', '48', '51', '6', '76', '77', '84', '94', '96', '25', '60', '14', '2', '63', '56', '55', '87', '70', '78', '18', '33', '88', '34', '38', '32', '0', '45', '52', '61', '20', '68', '91', '57', '26', '99']"
bqp100_6,huffner,0.01,0.01,46,"['14', '16', '41', '44', '55', '56', '63', '70', '83', '86', '95', '45', '88', '12', '94', '64', '30', '33', '72', '13', '18', '75', '67', '66', '9', '82', '87', '15', '48', '99', '50', '97', '47', '98', '59', '65', '74', '2', '8', '93', '68', '4', '96', '52', '0', '91']"
bqp100_6,huffner,0.1,0.1,45,"['13', '15', '33', '34', '4', '47', '48', '52', '64', '76', '8', '83', '96', '1', '94', '53', '2', '25', '66', '10', '17', '68', '59', '56', '9', '73', '82', '14', '44', '90', '45', '98', '43', '99', '50', '55', '67', '18', '72', '93', '63', '30', '97', '46', '0']"
bqp100_6,huffner,1,1,45,"['1', '13', '15', '33', '34', '4', '47', '48', '52', '53', '64', '76', '8', '83', '94', '96', '2', '25', '66', '10', '17', '68', '59', '56', '9', '73', '82', '14', '44', '90', '45', '98', '43', '99', '50', '55', '67', '18', '72', '93', '63', '30', '97', '46', '0']"
bqp100_6,huffner,10,10,45,"['1', '13', '15', '2', '25', '33', '34', '4', '47', '48', '52', '53', '64', '66', '76', '8', '83', '94', '96', '10', '17', '68', '59', '56', '9', '73', '82', '14', '44', '90', '45', '98', '43', '99', '50', '55', '67', '18', '72', '93', '63', '30', '97', '46', '0']"
bqp100_7,huffner,0.01,0.01,45,"['15', '17', '23', '28', '41', '44', '51', '69', '8', '80', '94', '29', '84', '12', '93', '52', '20', '21', '70', '13', '18', '75', '65', '60', '86', '79', '81', '16', '37', '9', '38', '96', '34', '99', '5', '57', '72', '2', '78', '90', '66', '22', '95', '4', '1']"
bqp100_7,huffner,0.1,0.1,44,"['12', '15', '23', '28', '41', '44', '51', '73', '8', '80', '84', '89', '93', '94', '52', '20', '21', '70', '13', '18', '75', '65', '60', '86', '79', '81', '16', '37', '9', '38', '96', '34', '99', '5', '57', '72', '2', '78', '90', '66', '22', '95', '4', '1']"
bqp100_7,huffner,1,1,44,"['13', '18', '20', '23', '31', '33', '34', '40', '42', '46', '51', '60', '77', '8', '84', '93', '94', '27', '61', '16', '21', '7', '56', '53', '86', '76', '80', '2', '37', '87', '38', '96', '36', '1', '44', '52', '68', '22', '75', '9', '57', '28', '95', '4']"
bqp100_7,huffner,10,10,44,"['13', '16', '18', '20', '21', '23', '27', '31', '33', '34', '40', '42', '46', '51', '60', '61', '77', '8', '84', '93', '94', '7', '56', '53', '86', '76', '80', '2', '37', '87', '38', '96', '36', '1', '44', '52', '68', '22', '75', '9', '57', '28', '95', '4']"
bqp100_8,huffner,0.01,0.01,46,"['14', '17', '32', '33', '46', '47', '50', '61', '75', '77', '92', '35', '81', '12', '90', '54', '22', '25', '65', '13', '18', '70', '59', '57', '86', '72', '80', '15', '4', '99', '42', '94', '39', '96', '5', '56', '68', '20', '71', '9', '6', '26', '93', '43', '11', '87']"
bqp100_8,huffner,0.1,0.1,45,"['15', '18', '33', '34', '36', '5', '50', '56', '70', '77', '79', '81', '93', '13', '92', '58', '25', '27', '71', '14', '21', '74', '65', '61', '83', '76', '80', '17', '40', '9', '41', '95', '39', '99', '54', '6', '72', '22', '75', '90', '68', '29', '94', '48', '11']"
bqp100_8,huffner,1,1,45,"['13', '15', '18', '33', '34', '36', '5', '50', '56', '58', '70', '77', '79', '81', '92', '93', '25', '27', '71', '14', '21', '74', '65', '61', '83', '76', '80', '17', '40', '9', '41', '95', '39', '99', '54', '6', '72', '22', '75', '90', '68', '29', '94', '48', '11']"
bqp100_8,huffner,10,10,45,"['13', '15', '18', '25', '27', '33', '34', '36', '5', '50', '56', '58', '70', '77', '79', '81', '92', '93', '71', '14', '21', '74', '65', '61', '83', '76', '80', '17', '40', '9', '41', '95', '39', '99', '54', '6', '72', '22', '75', '90', '68', '29', '94', '48', '11']"
bqp100_9,huffner,0.01,0.01,47,"['15', '29', '3', '40', '41', '45', '55', '69', '7', '99', '89', '31', '76', '12', '87', '49', '22', '25', '56', '13', '19', '62', '53', '51', '77', '67', '70', '16', '33', '98', '34', '96', '32', '97', '44', '50', '57', '21', '65', '83', '54', '27', '95', '35', '11', '81', '18']"
bqp100_9,huffner,0.1,0.1,45,"['13', '15', '30', '32', '33', '43', '45', '48', '60', '7', '73', '75', '95', '11', '93', '5', '19', '20', '61', '12', '17', '64', '57', '54', '81', '69', '74', '14', '35', '83', '39', '98', '34', '99', '47', '53', '62', '18', '68', '87', '6', '24', '96', '4', '10']"
bqp100_9,huffner,1,1,45,"['11', '13', '15', '30', '32', '33', '43', '45', '48', '5', '60', '7', '73', '75', '93', '95', '19', '20', '61', '12', '17', '64', '57', '54', '81', '69', '74', '14', '35', '83', '39', '98', '34', '99', '47', '53', '62', '18', '68', '87', '6', '24', '96', '4', '10']"
bqp100_9,huffner,10,10,45,"['11', '12', '13', '15', '19', '20', '30', '32', '33', '43', '45', '48', '5', '60', '61', '7', '73', '75', '93', '95', '17', '64', '57', '54', '81', '69', '74', '14', '35', '83', '39', '98', '34', '99', '47', '53', '62', '18', '68', '87', '6', '24', '96', '4', '10']"
bqp100_10,huffner,0.01,0.01,48,"['14', '34', '35', '5', '50', '57', '67', '75', '76', '97', '87', '36', '79', '11', '84', '6', '31', '32', '68', '13', '22', '71', '65', '63', '8', '73', '78', '18', '42', '96', '99', '90', '4', '92', '54', '62', '7', '28', '72', '81', '66', '33', '88', '46', '10', '80', '21', '45']"
bqp100_10,huffner,0.1,0.1,46,"['13', '23', '35', '36', '38', '46', '5', '51', '65', '76', '79', '90', '80', '10', '88', '54', '32', '33', '71', '11', '24', '73', '62', '6', '81', '75', '8', '18', '40', '99', '42', '93', '4', '96', '50', '57', '72', '28', '74', '87', '63', '34', '92', '45', '0', '84']"
bqp100_10,huffner,1,1,45,"['12', '18', '20', '39', '4', '40', '47', '49', '54', '55', '63', '74', '75', '79', '90', '91', '31', '33', '64', '17', '21', '66', '6', '58', '80', '71', '78', '19', '43', '81', '45', '97', '42', '99', '50', '57', '65', '28', '67', '89', '62', '36', '92', '46', '11']"
bqp100_10,huffner,10,10,45,"['12', '18', '20', '31', '33', '39', '4', '40', '47', '49', '54', '55', '63', '64', '74', '75', '79', '90', '91', '17', '21', '66', '6', '58', '80', '71', '78', '19', '43', '81', '45', '97', '42', '99', '50', '57', '65', '28', '67', '89', '62', '36', '92', '46', '11']"
