Dataset,Solver,Timeout,Time,Size,Certificate
aa10,IC_1,0.01,0.0,6,"['1', '14', '17', '19', '24', '30']"
aa10,IC_1,0.1,0.0,6,"['1', '14', '17', '19', '24', '30']"
aa11,IC_1,0.01,0.0,11,"['1', '11', '14', '15', '17', '21', '24', '27', '29', '6', '7']"
aa11,IC_1,0.1,0.0,11,"['1', '11', '14', '15', '17', '21', '24', '27', '29', '6', '7']"
aa13,IC_1,0.01,0.0,12,"['15', '20', '22', '24', '26', '28', '31', '35', '36', '4', '41', '42']"
aa13,IC_1,0.1,0.0,12,"['0', '15', '21', '22', '24', '26', '28', '32', '35', '4', '41', '42']"
aa14,IC_1,0.01,0.01,19,"['10', '15', '16', '2', '24', '33', '35', '36', '5', '6', '7', '8', '12', '26', '38', '27', '29', '41', '13']"
aa14,IC_1,0.1,0.1,19,"['10', '13', '14', '15', '16', '22', '26', '35', '36', '38', '39', '6', '7', '8', '27', '41', '29', '33', '5']"
aa15,IC_1,0.01,0.0,6,"['10', '17', '28', '3', '8', '9']"
aa15,IC_1,0.1,0.0,6,"['10', '28', '3', '4', '8', '9']"
aa16,IC_1,0.01,0.0,0,[]
aa16,IC_1,0.1,0.0,0,[]
aa17,IC_1,0.01,0.01,28,"['11', '14', '16', '19', '24', '29', '30', '36', '38', '39', '41', '48', '7', '6', '5', '21', '22', '8', '15', '2', '35', '54', '53', '20', '32', '50', '18', '33']"
aa17,IC_1,0.1,0.1,27,"['11', '14', '15', '16', '19', '21', '24', '29', '30', '36', '38', '39', '41', '48', '5', '6', '7', '8', '2', '35', '54', '53', '20', '32', '50', '18', '33']"
aa18,IC_1,0.01,0.0,14,"['14', '2', '21', '24', '29', '3', '32', '33', '35', '41', '44', '45', '5', '8']"
aa18,IC_1,0.1,0.0,14,"['1', '14', '2', '21', '24', '29', '32', '33', '35', '41', '44', '45', '46', '8']"
aa19,IC_1,0.01,0.01,22,"['10', '23', '24', '25', '35', '36', '37', '38', '49', '56', '60', '47', '20', '27', '9', '31', '32', '4', '21', '26', '41', '39']"
aa19,IC_1,0.1,0.1,21,"['10', '23', '24', '25', '35', '36', '37', '38', '47', '49', '56', '60', '9', '20', '27', '4', '31', '32', '41', '21', '26']"
aa20,IC_1,0.01,0.01,24,"['11', '16', '25', '36', '39', '44', '45', '47', '48', '5', '14', '9', '52', '32', '34', '41', '21', '29', '43', '8', '55', '31', '40', '53']"
aa20,IC_1,0.1,0.1,20,"['14', '16', '25', '26', '28', '30', '36', '39', '41', '44', '45', '47', '5', '50', '52', '53', '55', '43', '9', '33']"
aa21,IC_1,0.01,0.0,0,[]
aa21,IC_1,0.1,0.0,0,[]
aa22,IC_1,0.01,0.01,17,"['0', '1', '14', '21', '22', '27', '28', '31', '32', '36', '41', '46', '47', '23', '30', '11', '2']"
aa22,IC_1,0.1,0.1,16,"['0', '1', '11', '14', '2', '21', '22', '23', '27', '28', '31', '32', '36', '41', '46', '47']"
aa23,IC_1,0.01,0.01,21,"['10', '13', '16', '23', '29', '33', '36', '38', '39', '44', '5', '51', '7', '9', '30', '31', '41', '17', '28', '42', '40']"
aa23,IC_1,0.1,0.0,18,"['11', '13', '16', '18', '21', '23', '29', '31', '33', '38', '40', '41', '42', '44', '5', '51', '6', '9']"
aa24,IC_1,0.01,0.01,27,"['13', '16', '20', '34', '53', '55', '56', '64', '69', '71', '76', '3', '30', '70', '12', '21', '77', '61', '60', '29', '35', '58', '2', '36', '9', '37', '49']"
aa24,IC_1,0.1,0.1,24,"['12', '13', '2', '21', '30', '31', '32', '33', '35', '37', '55', '61', '63', '70', '76', '16', '29', '49', '73', '72', '3', '36', '69', '20']"
aa25,IC_1,0.01,0.0,0,[]
aa25,IC_1,0.1,0.0,0,[]
aa26,IC_1,0.01,0.0,12,"['1', '19', '21', '22', '25', '29', '30', '31', '33', '35', '38', '5']"
aa26,IC_1,0.1,0.0,12,"['1', '19', '21', '22', '25', '29', '30', '31', '33', '35', '38', '5']"
aa27,IC_1,0.01,0.0,11,"['0', '17', '18', '20', '23', '27', '28', '30', '31', '40', '9']"
aa27,IC_1,0.1,0.0,11,"['0', '11', '17', '20', '23', '27', '30', '31', '43', '6', '9']"
aa28,IC_1,0.01,0.01,32,"['13', '15', '18', '24', '25', '28', '3', '30', '31', '40', '46', '54', '56', '58', '64', '9', '14', '2', '59', '52', '51', '23', '60', '49', '17', '33', '6', '36', '37', '32', '11', '41']"
aa28,IC_1,0.1,0.1,29,"['11', '13', '14', '15', '17', '18', '2', '24', '25', '28', '30', '31', '32', '45', '46', '51', '56', '58', '59', '6', '60', '64', '36', '54', '141', '37', '9', '40', '41']"
aa29,IC_1,0.01,0.01,26,"['10', '14', '25', '29', '33', '36', '38', '42', '54', '55', '66', '68', '26', '67', '15', '20', '7', '61', '6', '21', '4', '58', '17', '40', '46', '45']"
aa29,IC_1,0.1,0.1,24,"['10', '189', '21', '24', '25', '32', '36', '38', '39', '42', '45', '50', '54', '55', '58', '6', '61', '17', '233', '43', '68', '66', '241', '40']"
aa30,IC_1,0.01,0.0,4,"['11', '2', '4', '7']"
aa30,IC_1,0.1,0.0,4,"['11', '2', '4', '7']"
aa31,IC_1,0.01,0.0,0,[]
aa31,IC_1,0.1,0.0,0,[]
aa32,IC_1,0.01,0.01,35,"['11', '17', '21', '25', '29', '32', '4', '43', '48', '49', '59', '60', '61', '9', '23', '24', '52', '12', '20', '55', '46', '45', '22', '57', '7', '16', '36', '56', '37', '39', '33', '1', '41', '44', '54']"
aa32,IC_1,0.1,0.1,35,"['1', '14', '15', '19', '20', '21', '25', '29', '32', '4', '44', '46', '51', '55', '56', '57', '59', '60', '11', '16', '58', '49', '48', '18', '63', '9', '13', '36', '61', '38', '39', '34', '0', '43', '47']"
aa33,IC_1,0.01,0.0,4,"['24', '32', '33', '35']"
aa33,IC_1,0.1,0.0,4,"['24', '32', '33', '35']"
aa34,IC_1,0.01,0.0,13,"['11', '13', '14', '16', '19', '20', '21', '3', '31', '35', '36', '37', '5']"
aa34,IC_1,0.1,0.0,13,"['11', '13', '14', '16', '19', '20', '21', '28', '3', '31', '35', '36', '5']"
aa35,IC_1,0.01,0.0,10,"['0', '13', '14', '20', '21', '24', '3', '30', '32', '37']"
aa35,IC_1,0.1,0.0,10,"['0', '13', '14', '20', '21', '24', '3', '30', '32', '37']"
aa36,IC_1,0.01,0.0,7,"['10', '14', '15', '16', '21', '31', '8']"
aa36,IC_1,0.1,0.0,7,"['10', '17', '18', '29', '31', '32', '8']"
aa37,IC_1,0.01,0.0,4,"['1', '20', '4', '5']"
aa37,IC_1,0.1,0.0,4,"['1', '20', '4', '5']"
aa38,IC_1,0.01,0.01,31,"['0', '16', '18', '22', '26', '29', '35', '47', '48', '49', '5', '50', '52', '60', '62', '65', '3', '63', '21', '27', '66', '6', '56', '28', '38', '53', '25', '39', '7', '41', '42']"
aa38,IC_1,0.1,0.1,27,"['0', '16', '18', '21', '25', '26', '35', '38', '39', '41', '42', '47', '5', '50', '52', '56', '6', '60', '65', '7', '64', '63', '29', '48', '62', '22', '49']"
aa39,IC_1,0.01,0.01,27,"['10', '11', '17', '18', '23', '24', '27', '28', '57', '6', '9', '56', '48', '21', '22', '7', '13', '19', '30', '52', '50', '20', '29', '5', '15', '3', '31']"
aa39,IC_1,0.1,0.1,26,"['10', '11', '17', '18', '22', '23', '24', '27', '28', '48', '56', '57', '6', '7', '9', '13', '19', '30', '52', '50', '20', '29', '5', '15', '3', '31']"
aa40,IC_1,0.01,0.01,28,"['0', '17', '30', '32', '33', '41', '44', '45', '46', '6', '34', '40', '11', '56', '47', '27', '28', '7', '12', '25', '4', '52', '50', '26', '37', '48', '19', '38']"
aa40,IC_1,0.1,0.1,23,"['17', '18', '26', '27', '28', '33', '37', '41', '44', '45', '46', '52', '55', '56', '58', '59', '8', '40', '48', '2', '32', '50', '47']"
aa41,IC_1,0.01,0.01,46,"['11', '29', '44', '45', '50', '53', '6', '63', '7', '71', '87', '41', '18', '2', '51', '10', '14', '56', '48', '47', '64', '58', '62', '12', '33', '8', '83', '74', '30', '76', '39', '46', '54', '15', '57', '68', '49', '20', '72', '86', '0', '66', '13', '35', '36', '1']"
aa41,IC_1,0.1,0.1,45,"['11', '13', '17', '2', '27', '28', '29', '41', '45', '46', '51', '54', '61', '62', '66', '72', '76', '87', '57', '49', '48', '68', '6', '63', '14', '36', '86', '88', '81', '35', '83', '44', '47', '56', '18', '58', '71', '50', '26', '8', '39', '10', '7', '15', '37']"
aa42,IC_1,0.01,0.01,35,"['10', '16', '20', '24', '25', '33', '47', '5', '50', '61', '65', '79', '80', '85', '23', '66', '11', '17', '74', '59', '58', '87', '78', '81', '15', '34', '75', '36', '38', '32', '1', '49', '56', '69', '18']"
aa42,IC_1,0.1,0.1,33,"['10', '11', '16', '20', '23', '24', '25', '33', '47', '5', '50', '58', '59', '61', '65', '66', '74', '78', '79', '80', '85', '81', '15', '34', '75', '36', '38', '32', '1', '49', '56', '69', '18']"
aa43,IC_1,0.01,0.01,19,"['1', '10', '16', '2', '21', '22', '27', '28', '30', '31', '32', '38', '39', '4', '5', '8', '36', '12', '20']"
aa43,IC_1,0.1,0.0,19,"['10', '13', '14', '16', '17', '2', '20', '21', '22', '25', '27', '28', '31', '32', '36', '38', '4', '7', '8']"
aa44,IC_1,0.01,0.0,10,"['0', '16', '18', '21', '23', '25', '27', '29', '30', '4']"
aa44,IC_1,0.1,0.0,10,"['0', '16', '22', '23', '25', '26', '27', '29', '30', '4']"
aa45,IC_1,0.01,0.01,22,"['1', '12', '2', '20', '21', '24', '26', '27', '29', '34', '35', '36', '4', '40', '6', '25', '32', '11', '22', '33', '30', '23']"
aa45,IC_1,0.1,0.1,22,"['10', '11', '15', '19', '2', '20', '24', '26', '29', '3', '33', '35', '36', '41', '42', '5', '7', '39', '13', '21', '4', '38']"
aa46,IC_1,0.01,0.01,13,"['0', '1', '13', '14', '16', '19', '2', '22', '26', '3', '45', '54', '56']"
aa46,IC_1,0.1,0.0,13,"['0', '1', '13', '14', '16', '19', '2', '22', '26', '3', '45', '54', '56']"
aa47,IC_1,0.01,0.0,13,"['16', '17', '18', '2', '20', '25', '28', '29', '30', '32', '33', '5', '6']"
aa47,IC_1,0.1,0.0,13,"['16', '17', '18', '2', '20', '25', '28', '29', '30', '32', '33', '5', '6']"
aa48,IC_1,0.01,0.01,18,"['0', '1', '15', '16', '17', '18', '25', '26', '27', '30', '37', '9', '19', '33', '23', '24', '34', '14']"
aa48,IC_1,0.1,0.1,17,"['0', '1', '15', '16', '17', '18', '19', '20', '23', '27', '33', '34', '37', '38', '40', '6', '9']"
aa49,IC_1,0.01,0.0,0,[]
aa49,IC_1,0.1,0.0,0,[]
aa50,IC_1,0.01,0.01,19,"['11', '18', '22', '23', '29', '31', '35', '39', '49', '5', '53', '58', '59', '7', '8', '33', '52', '17', '24']"
aa50,IC_1,0.1,0.1,18,"['11', '18', '22', '23', '24', '29', '31', '33', '35', '39', '49', '5', '52', '53', '58', '59', '7', '8']"
aa51,IC_1,0.01,0.0,11,"['1', '11', '17', '24', '3', '35', '41', '42', '6', '7', '9']"
aa51,IC_1,0.1,0.0,11,"['11', '17', '24', '3', '35', '41', '42', '43', '6', '7', '9']"
aa52,IC_1,0.01,0.0,12,"['0', '1', '11', '12', '17', '18', '21', '24', '25', '29', '3', '30']"
aa52,IC_1,0.1,0.0,12,"['0', '1', '11', '12', '17', '18', '21', '24', '25', '29', '3', '30']"
aa53,IC_1,0.01,0.01,12,"['12', '2', '24', '26', '27', '3', '31', '33', '34', '38', '40', '42']"
aa53,IC_1,0.1,0.0,12,"['16', '24', '26', '27', '3', '31', '33', '34', '36', '38', '40', '42']"
aa54,IC_1,0.01,0.01,12,"['12', '15', '16', '18', '19', '20', '26', '29', '31', '35', '40', '42']"
aa54,IC_1,0.1,0.0,12,"['12', '15', '16', '18', '19', '20', '26', '29', '31', '35', '40', '42']"
j10,IC_1,0.01,0.0,3,"['0', '5', '8']"
j10,IC_1,0.1,0.0,3,"['0', '5', '8']"
j11,IC_1,0.01,0.0,5,"['17', '18', '19', '24', '25']"
j11,IC_1,0.1,0.0,5,"['17', '18', '19', '24', '25']"
j13,IC_1,0.01,0.0,4,"['17', '24', '29', '5']"
j13,IC_1,0.1,0.0,4,"['17', '24', '29', '5']"
j14,IC_1,0.01,0.0,3,"['1', '14', '15']"
j14,IC_1,0.1,0.0,3,"['1', '14', '15']"
j15,IC_1,0.01,0.0,0,[]
j15,IC_1,0.1,0.0,0,[]
j16,IC_1,0.01,0.0,0,[]
j16,IC_1,0.1,0.0,0,[]
j17,IC_1,0.01,0.0,10,"['11', '15', '2', '21', '23', '25', '27', '4', '8', '9']"
j17,IC_1,0.1,0.0,10,"['11', '14', '15', '21', '25', '27', '3', '4', '8', '9']"
j18,IC_1,0.01,0.0,10,"['10', '11', '12', '2', '29', '45', '47', '6', '7', '9']"
j18,IC_1,0.1,0.0,10,"['10', '11', '12', '2', '29', '45', '47', '6', '7', '9']"
j19,IC_1,0.01,0.0,3,"['10', '11', '14']"
j19,IC_1,0.1,0.0,3,"['10', '11', '14']"
j20,IC_1,0.01,0.0,0,[]
j20,IC_1,0.1,0.0,0,[]
j21,IC_1,0.01,0.0,2,"['4', '7']"
j21,IC_1,0.1,0.0,2,"['4', '7']"
j22,IC_1,0.01,0.0,9,"['26', '35', '37', '38', '39', '40', '41', '43', '44']"
j22,IC_1,0.1,0.0,9,"['26', '35', '37', '38', '39', '40', '41', '43', '44']"
j23,IC_1,0.01,0.01,19,"['1', '15', '2', '20', '21', '26', '33', '38', '39', '41', '5', '9', '8', '14', '3', '42', '30', '31', '49']"
j23,IC_1,0.1,0.1,19,"['1', '14', '15', '2', '20', '21', '26', '3', '30', '31', '33', '38', '39', '41', '42', '5', '8', '9', '49']"
j24,IC_1,0.01,0.0,3,"['20', '35', '40']"
j24,IC_1,0.1,0.0,3,"['20', '35', '40']"
j25,IC_1,0.01,0.0,0,[]
j25,IC_1,0.1,0.0,0,[]
j26,IC_1,0.01,0.0,6,"['21', '24', '27', '3', '4', '5']"
j26,IC_1,0.1,0.0,6,"['21', '24', '27', '3', '4', '5']"
j28,IC_1,0.01,0.01,16,"['10', '38', '39', '40', '42', '43', '44', '5', '52', '8', '9', '20', '22', '41', '12', '18']"
j28,IC_1,0.1,0.1,13,"['10', '12', '38', '39', '40', '41', '42', '43', '44', '5', '52', '8', '9']"
gka_1,IC_1,0.01,0.0,9,"['15', '22', '23', '3', '38', '4', '43', '7', '9']"
gka_1,IC_1,0.1,0.0,9,"['15', '22', '23', '3', '38', '4', '43', '7', '9']"
gka_2,IC_1,0.01,0.01,16,"['15', '2', '22', '27', '3', '30', '33', '38', '44', '9', '36', '51', '35', '19', '31', '56']"
gka_2,IC_1,0.1,0.1,16,"['15', '2', '22', '27', '3', '30', '33', '35', '36', '38', '44', '51', '9', '19', '31', '56']"
gka_3,IC_1,0.01,0.01,24,"['1', '19', '22', '24', '45', '46', '56', '57', '59', '61', '43', '47', '54', '16', '7', '64', '38', '41', '51', '18', '29', '52', '49', '35']"
gka_3,IC_1,0.1,0.1,24,"['1', '19', '22', '24', '43', '45', '46', '47', '56', '57', '59', '61', '54', '16', '7', '64', '38', '41', '51', '18', '29', '52', '49', '35']"
gka_4,IC_1,0.01,0.01,31,"['1', '13', '15', '28', '36', '49', '57', '59', '62', '76', '24', '37', '8', '10', '72', '63', '2', '22', '78', '11', '17', '9', '69', '67', '19', '38', '65', '14', '39', '43', '40']"
gka_4,IC_1,0.1,0.1,30,"['10', '19', '22', '37', '40', '43', '46', '57', '61', '62', '65', '72', '9', '15', '71', '67', '30', '36', '76', '17', '24', '50', '70', '69', '28', '49', '68', '2', '5', '53']"
gka_5,IC_1,0.01,0.01,22,"['0', '13', '14', '16', '28', '35', '38', '40', '47', '48', '49', '6', '46', '11', '22', '42', '25', '26', '43', '12', '21', '44']"
gka_5,IC_1,0.1,0.1,22,"['0', '11', '13', '14', '16', '22', '28', '35', '38', '40', '42', '46', '47', '48', '49', '6', '25', '26', '43', '12', '21', '44']"
gka_6,IC_1,0.01,0.01,16,"['0', '15', '16', '17', '18', '19', '2', '22', '23', '24', '25', '28', '4', '5', '9', '6']"
gka_6,IC_1,0.1,0.0,16,"['0', '15', '16', '17', '18', '19', '2', '22', '23', '24', '25', '28', '4', '5', '6', '9']"
gka_7,IC_1,0.01,0.0,18,"['0', '1', '11', '12', '13', '14', '15', '2', '21', '23', '24', '27', '28', '29', '5', '6', '8', '9']"
gka_7,IC_1,0.1,0.0,18,"['0', '1', '11', '12', '13', '14', '15', '2', '21', '23', '24', '27', '28', '29', '5', '6', '8', '9']"
gka_8,IC_1,0.01,0.01,33,"['15', '22', '24', '4', '40', '59', '60', '63', '71', '90', '37', '41', '94', '19', '89', '8', '28', '30', '92', '20', '25', '95', '86', '85', '27', '98', '80', '23', '55', '97', '56', '57', '54']"
gka_8,IC_1,0.1,0.1,33,"['15', '22', '24', '37', '4', '40', '41', '59', '60', '63', '71', '90', '94', '19', '89', '8', '28', '30', '92', '20', '25', '95', '86', '85', '27', '98', '80', '23', '55', '97', '56', '57', '54']"
gka_9,IC_1,0.01,0.0,2,"['4', '5']"
gka_9,IC_1,0.1,0.0,2,"['4', '5']"
gka_10,IC_1,0.01,0.0,8,"['0', '10', '11', '3', '4', '6', '8', '9']"
gka_10,IC_1,0.1,0.0,8,"['0', '10', '11', '3', '4', '6', '8', '9']"
gka_11,IC_1,0.01,0.0,10,"['0', '1', '10', '12', '2', '4', '5', '6', '7', '8']"
gka_11,IC_1,0.1,0.0,10,"['0', '1', '10', '12', '2', '4', '5', '6', '7', '8']"
gka_12,IC_1,0.01,0.0,20,"['0', '1', '10', '11', '12', '13', '14', '16', '17', '18', '19', '20', '21', '22', '23', '3', '4', '5', '6', '7']"
gka_12,IC_1,0.1,0.0,20,"['0', '1', '10', '11', '12', '13', '14', '16', '17', '18', '19', '20', '21', '22', '23', '3', '4', '5', '6', '7']"
gka_13,IC_1,0.01,0.0,16,"['0', '1', '10', '11', '12', '14', '16', '17', '18', '2', '3', '4', '5', '6', '8', '9']"
gka_13,IC_1,0.1,0.0,16,"['0', '1', '10', '11', '12', '14', '16', '17', '18', '2', '3', '4', '5', '6', '8', '9']"
gka_14,IC_1,0.01,0.0,22,"['0', '1', '10', '11', '12', '13', '15', '16', '17', '18', '2', '21', '22', '23', '24', '25', '4', '5', '6', '7', '8', '9']"
gka_14,IC_1,0.1,0.0,22,"['0', '1', '10', '11', '12', '13', '15', '16', '17', '18', '2', '21', '22', '23', '24', '25', '4', '5', '6', '7', '8', '9']"
gka_15,IC_1,0.01,0.0,0,[]
gka_15,IC_1,0.1,0.0,0,[]
gka_16,IC_1,0.01,0.0,0,[]
gka_16,IC_1,0.1,0.0,0,[]
gka_17,IC_1,0.01,0.0,0,[]
gka_17,IC_1,0.1,0.0,0,[]
gka_18,IC_1,0.01,0.0,2,"['0', '6']"
gka_18,IC_1,0.1,0.0,2,"['0', '6']"
gka_19,IC_1,0.01,0.01,31,"['0', '1', '12', '13', '14', '15', '17', '18', '2', '21', '22', '24', '25', '26', '27', '28', '29', '3', '30', '32', '33', '34', '35', '36', '38', '4', '5', '6', '7', '8', '9']"
gka_19,IC_1,0.1,0.0,31,"['0', '1', '12', '13', '14', '15', '17', '18', '2', '21', '22', '24', '25', '26', '27', '28', '29', '3', '30', '32', '33', '34', '35', '36', '38', '4', '5', '6', '7', '8', '9']"
gka_20,IC_1,0.01,0.01,39,"['10', '11', '12', '14', '15', '17', '18', '2', '20', '22', '23', '29', '3', '32', '34', '36', '37', '38', '4', '40', '42', '47', '48', '6', '8', '46', '49', '13', '26', '9', '27', '28', '24', '1', '31', '35', '41', '16', '44']"
gka_20,IC_1,0.1,0.1,39,"['10', '11', '12', '13', '14', '15', '17', '18', '2', '20', '22', '23', '24', '26', '27', '28', '29', '3', '32', '34', '36', '37', '38', '4', '40', '42', '46', '47', '48', '49', '6', '8', '9', '1', '31', '35', '41', '16', '44']"
gka_21,IC_1,0.01,0.01,42,"['1', '11', '17', '20', '24', '25', '27', '34', '35', '37', '39', '52', '53', '56', '7', '8', '21', '46', '10', '18', '48', '43', '42', '58', '50', '54', '16', '29', '59', '30', '33', '28', '0', '36', '41', '47', '2', '49', '6', '44', '22', '9']"
gka_21,IC_1,0.1,0.1,42,"['1', '16', '18', '22', '24', '27', '28', '29', '36', '38', '40', '41', '46', '47', '53', '54', '58', '8', '9', '11', '2', '49', '44', '43', '59', '52', '56', '17', '33', '6', '34', '35', '30', '0', '39', '42', '48', '20', '50', '7', '45', '25']"
gka_22,IC_1,0.01,0.01,46,"['11', '16', '21', '22', '24', '30', '31', '34', '42', '51', '52', '57', '64', '1', '62', '35', '19', '2', '44', '10', '17', '49', '38', '37', '59', '50', '54', '15', '28', '8', '29', '67', '25', '68', '33', '36', '46', '18', '5', '61', '41', '20', '66', '3', '0', '60']"
gka_22,IC_1,0.1,0.1,46,"['1', '11', '16', '19', '2', '21', '22', '24', '30', '31', '34', '35', '42', '44', '51', '52', '57', '62', '64', '10', '17', '49', '38', '37', '59', '50', '54', '15', '28', '8', '29', '67', '25', '68', '33', '36', '46', '18', '5', '61', '41', '20', '66', '3', '0', '60']"
gka_23,IC_1,0.01,0.01,48,"['11', '22', '23', '24', '31', '33', '37', '44', '53', '55', '58', '73', '8', '1', '71', '39', '2', '20', '45', '10', '16', '49', '42', '40', '6', '52', '57', '13', '28', '79', '9', '76', '26', '78', '35', '4', '47', '18', '51', '68', '43', '21', '75', '30', '0', '65', '15', '29']"
gka_23,IC_1,0.1,0.1,48,"['1', '11', '22', '23', '24', '31', '33', '37', '39', '44', '53', '55', '58', '71', '73', '8', '2', '20', '45', '10', '16', '49', '42', '40', '6', '52', '57', '13', '28', '79', '9', '76', '26', '78', '35', '4', '47', '18', '51', '68', '43', '21', '75', '30', '0', '65', '15', '29']"
gka_24,IC_1,0.01,0.01,38,"['2', '24', '39', '4', '49', '51', '69', '79', '80', '55', '38', '40', '83', '14', '67', '58', '35', '36', '70', '19', '25', '73', '64', '62', '86', '76', '82', '22', '43', '75', '46', '47', '42', '1', '53', '59', '72', '34']"
gka_24,IC_1,0.1,0.1,38,"['2', '24', '38', '39', '4', '40', '49', '51', '55', '69', '79', '80', '83', '14', '67', '58', '35', '36', '70', '19', '25', '73', '64', '62', '86', '76', '82', '22', '43', '75', '46', '47', '42', '1', '53', '59', '72', '34']"
gka_25,IC_1,0.01,0.01,46,"['13', '15', '31', '32', '46', '47', '49', '59', '68', '74', '9', '34', '83', '11', '88', '5', '2', '20', '6', '12', '17', '61', '53', '52', '84', '67', '81', '14', '4', '98', '42', '96', '35', '97', '48', '50', '60', '19', '65', '87', '57', '21', '93', '44', '0', '85']"
gka_25,IC_1,0.1,0.1,44,"['12', '17', '27', '31', '32', '45', '49', '50', '6', '74', '79', '82', '94', '1', '9', '53', '2', '21', '60', '11', '18', '63', '57', '55', '83', '71', '81', '16', '4', '85', '42', '98', '35', '0', '5', '54', '61', '19', '65', '87', '59', '26', '96', '44']"
gka_26,IC_1,0.01,0.01,44,"['14', '23', '38', '40', '55', '56', '58', '68', '76', '78', '95', '41', '81', '12', '93', '59', '3', '34', '7', '13', '28', '71', '64', '63', '87', '74', '79', '2', '45', '9', '48', '99', '43', '10', '57', '6', '70', '29', '72', '92', '65', '37', '97', '54']"
gka_26,IC_1,0.1,0.1,44,"['14', '23', '38', '40', '41', '55', '56', '58', '68', '76', '78', '81', '95', '12', '93', '59', '3', '34', '7', '13', '28', '71', '64', '63', '87', '74', '79', '2', '45', '9', '48', '99', '43', '10', '57', '6', '70', '29', '72', '92', '65', '37', '97', '54']"
gka_27,IC_1,0.01,0.01,64,"['15', '28', '29', '31', '37', '38', '50', '57', '58', '70', '86', '89', '94', '82', '68', '87', '20', '22', '51', '13', '88', '54', '83', '45', '61', '85', '59', '16', '9', '75', '8', '98', '33', '99', '39', '42', '53', '2', '55', '84', '47', '25', '71', '81', '10', '63', '17', '35', '36', '11', '46', '66', '92', '6', '93', '19', '97', '34', '56', '41', '78', '40', '73', '74']"
gka_27,IC_1,0.1,0.1,63,"['13', '21', '23', '25', '30', '31', '46', '53', '54', '63', '65', '76', '84', '89', '94', '85', '19', '2', '47', '12', '87', '49', '78', '42', '58', '81', '56', '14', '9', '72', '74', '99', '26', '68', '32', '41', '48', '17', '51', '8', '45', '20', '66', '75', '10', '6', '15', '29', '3', '11', '44', '60', '91', '57', '92', '16', '97', '28', '52', '37', '73', '36', '67']"
gka_28,IC_1,0.01,0.01,73,"['23', '25', '31', '32', '42', '51', '52', '6', '72', '75', '81', '95', '97', '68', '58', '73', '19', '2', '93', '10', '9', '47', '69', '4', '55', '71', '53', '15', '99', '64', '66', '85', '28', '92', '33', '39', '98', '18', '48', '70', '41', '21', '60', '67', '0', '56', '16', '3', '30', '1', '40', '57', '77', '54', '79', '17', '82', '29', '50', '36', '65', '34', '62', '63', '74', '91', '96', '43', '24', '87', '12', '45', '76']"
gka_28,IC_1,0.1,0.1,72,"['2', '21', '24', '28', '32', '34', '45', '53', '54', '60', '62', '7', '73', '74', '76', '81', '95', '97', '93', '12', '9', '50', '70', '41', '57', '72', '55', '15', '77', '66', '68', '85', '29', '92', '36', '40', '99', '19', '51', '71', '43', '22', '63', '69', '0', '58', '17', '30', '31', '1', '42', '6', '79', '56', '8', '18', '82', '3', '52', '4', '67', '39', '64', '65', '75', '91', '96', '47', '25', '87', '14', '48']"
gka_29,IC_1,0.01,0.01,77,"['22', '24', '29', '3', '40', '48', '49', '55', '58', '66', '70', '74', '78', '85', '88', '71', '19', '2', '84', '12', '92', '43', '67', '38', '51', '7', '5', '14', '91', '62', '64', '8', '25', '83', '32', '99', '90', '17', '44', '69', '97', '21', '59', '65', '1', '53', '15', '27', '28', '10', '39', '54', '76', '50', '77', '16', '79', '26', '45', '34', '63', '33', '6', '61', '72', '82', '86', '41', '93', '80', '13', '42', '75', '81', '23', '4', '35']"
gka_29,IC_1,0.1,0.1,77,"['12', '19', '2', '22', '24', '29', '3', '40', '43', '48', '49', '55', '58', '66', '70', '71', '74', '78', '84', '85', '88', '92', '67', '38', '51', '7', '5', '14', '91', '62', '64', '8', '25', '83', '32', '99', '90', '17', '44', '69', '97', '21', '59', '65', '1', '53', '15', '27', '28', '10', '39', '54', '76', '50', '77', '16', '79', '26', '45', '34', '63', '33', '6', '61', '72', '82', '86', '41', '93', '80', '13', '42', '75', '81', '23', '4', '35']"
gka_30,IC_1,0.01,0.01,84,"['18', '20', '22', '24', '3', '30', '38', '43', '51', '60', '64', '65', '68', '8', '81', '92', '97', '98', '79', '10', '86', '40', '61', '35', '48', '63', '46', '14', '85', '57', '59', '73', '26', '78', '31', '9', '82', '17', '41', '62', '89', '21', '54', '6', '0', '49', '15', '28', '29', '1', '36', '50', '7', '47', '70', '16', '72', '27', '42', '33', '93', '32', '95', '56', '66', '76', '80', '96', '87', '74', '12', '4', '69', '91', '23', '37', '34', '75', '71', '58', '55', '39', '53', '45']"
gka_30,IC_1,0.1,0.1,83,"['10', '17', '18', '21', '23', '28', '29', '33', '36', '39', '42', '43', '50', '6', '60', '64', '66', '7', '80', '81', '85', '88', '93', '98', '47', '62', '45', '13', '87', '56', '58', '75', '24', '8', '3', '91', '86', '16', '4', '61', '9', '20', '53', '59', '0', '48', '14', '26', '27', '1', '34', '49', '71', '46', '72', '15', '74', '25', '40', '31', '95', '30', '96', '55', '68', '79', '82', '97', '89', '76', '12', '38', '70', '92', '22', '35', '32', '78', '73', '57', '54', '37', '51']"
gka_31,IC_1,0.01,0.01,87,"['11', '19', '20', '22', '24', '29', '3', '39', '45', '51', '61', '65', '66', '68', '8', '80', '82', '85', '90', '94', '95', '41', '62', '35', '49', '64', '47', '13', '84', '58', '6', '74', '25', '78', '30', '89', '83', '17', '43', '63', '87', '21', '54', '60', '1', '5', '15', '27', '28', '10', '36', '50', '7', '48', '99', '16', '72', '26', '96', '33', '91', '31', '92', '57', '67', '77', '81', '93', '86', '75', '12', '40', '69', '9', '97', '38', '34', '76', '71', '59', '55', '4', '52', '46', '44', '23', '70']"
gka_31,IC_1,0.1,0.1,87,"['11', '13', '19', '20', '22', '24', '29', '3', '35', '39', '41', '45', '47', '49', '51', '58', '6', '61', '62', '64', '65', '66', '68', '74', '8', '80', '82', '84', '85', '90', '94', '95', '25', '78', '30', '89', '83', '17', '43', '63', '87', '21', '54', '60', '1', '5', '15', '27', '28', '10', '36', '50', '7', '48', '99', '16', '72', '26', '96', '33', '91', '31', '92', '57', '67', '77', '81', '93', '86', '75', '12', '40', '69', '9', '97', '38', '34', '76', '71', '59', '55', '4', '52', '46', '44', '23', '70']"
gka_32,IC_1,0.01,0.01,89,"['10', '16', '17', '20', '22', '28', '29', '33', '36', '4', '43', '45', '47', '5', '62', '63', '65', '66', '67', '69', '8', '80', '82', '85', '9', '93', '94', '12', '84', '58', '60', '74', '24', '78', '3', '88', '83', '15', '40', '64', '87', '18', '54', '61', '0', '48', '13', '26', '27', '1', '34', '49', '70', '46', '97', '14', '73', '25', '95', '31', '90', '30', '91', '56', '99', '77', '81', '92', '86', '75', '11', '39', '7', '89', '96', '35', '32', '76', '72', '6', '55', '38', '52', '44', '41', '21', '71', '68', '98']"
gka_32,IC_1,0.1,0.1,89,"['0', '10', '12', '15', '16', '17', '18', '20', '22', '24', '28', '29', '3', '33', '36', '4', '40', '43', '45', '47', '5', '54', '58', '60', '61', '62', '63', '64', '65', '66', '67', '69', '74', '78', '8', '80', '82', '83', '84', '85', '87', '88', '9', '93', '94', '48', '13', '26', '27', '1', '34', '49', '70', '46', '97', '14', '73', '25', '95', '31', '90', '30', '91', '56', '99', '77', '81', '92', '86', '75', '11', '39', '7', '89', '96', '35', '32', '76', '72', '6', '55', '38', '52', '44', '41', '21', '71', '68', '98']"
gka_33,IC_1,0.01,0.01,91,"['10', '16', '18', '2', '23', '28', '29', '33', '36', '4', '42', '46', '49', '57', '58', '60', '61', '63', '75', '76', '78', '80', '87', '90', '91', '6', '44', '12', '8', '53', '55', '69', '24', '74', '3', '84', '79', '15', '40', '59', '83', '19', '50', '56', '0', '47', '13', '26', '27', '1', '34', '48', '65', '45', '94', '14', '68', '25', '92', '31', '88', '30', '89', '52', '96', '73', '77', '9', '81', '70', '11', '38', '64', '86', '93', '35', '32', '72', '67', '54', '99', '37', '5', '43', '41', '20', '66', '62', '95', '97', '51']"
gka_33,IC_1,0.1,0.1,90,"['10', '12', '15', '16', '17', '18', '19', '2', '23', '24', '28', '29', '33', '36', '4', '40', '42', '44', '46', '49', '50', '53', '55', '57', '58', '59', '6', '61', '63', '71', '74', '75', '76', '78', '8', '80', '82', '84', '85', '87', '90', '91', '56', '0', '47', '13', '26', '27', '1', '34', '48', '65', '45', '94', '14', '68', '25', '92', '31', '88', '30', '89', '52', '96', '73', '77', '9', '81', '70', '11', '38', '64', '86', '93', '35', '32', '72', '67', '54', '99', '37', '5', '43', '41', '20', '66', '62', '95', '97', '51']"
gka_34,IC_1,0.01,0.01,93,"['10', '17', '18', '20', '22', '28', '29', '33', '37', '43', '47', '5', '58', '59', '60', '61', '62', '64', '74', '75', '77', '80', '85', '89', '9', '98', '45', '13', '99', '54', '56', '7', '23', '73', '3', '83', '78', '16', '40', '6', '82', '2', '51', '57', '0', '48', '14', '26', '27', '1', '34', '49', '66', '46', '92', '15', '69', '25', '90', '31', '86', '30', '87', '53', '94', '72', '76', '88', '81', '70', '11', '39', '65', '84', '91', '35', '32', '71', '68', '55', '96', '38', '50', '44', '41', '21', '67', '63', '93', '95', '52', '4', '79']"
gka_34,IC_1,0.1,0.1,92,"['0', '1', '10', '13', '14', '15', '16', '17', '18', '19', '2', '20', '22', '23', '25', '26', '27', '29', '3', '30', '31', '33', '34', '37', '40', '42', '43', '45', '46', '47', '48', '49', '5', '51', '53', '54', '56', '57', '59', '6', '60', '61', '62', '64', '66', '69', '7', '72', '74', '75', '76', '77', '78', '8', '80', '81', '82', '83', '85', '86', '87', '88', '89', '90', '92', '94', '98', '99', '70', '11', '39', '65', '84', '91', '35', '32', '71', '68', '55', '96', '38', '50', '44', '41', '21', '67', '63', '93', '95', '52', '4', '79']"
gka_35,IC_1,0.01,0.0,0,[]
gka_35,IC_1,0.1,0.0,0,[]
bqp50_1,IC_1,0.01,0.01,11,"['13', '14', '30', '32', '33', '37', '38', '47', '49', '5', '6']"
bqp50_1,IC_1,0.1,0.1,11,"['13', '14', '30', '32', '33', '37', '38', '47', '49', '5', '6']"
bqp50_2,IC_1,0.01,0.01,11,"['20', '21', '27', '28', '30', '31', '33', '4', '44', '46', '5']"
bqp50_2,IC_1,0.1,0.0,11,"['20', '21', '27', '28', '30', '31', '33', '4', '44', '46', '5']"
bqp50_3,IC_1,0.01,0.01,15,"['12', '21', '22', '23', '30', '34', '41', '48', '5', '8', '44', '6', '42', '14', '37']"
bqp50_3,IC_1,0.1,0.1,14,"['0', '10', '14', '22', '26', '31', '39', '40', '41', '42', '43', '5', '8', '9']"
bqp50_4,IC_1,0.01,0.01,12,"['10', '14', '15', '16', '17', '18', '19', '20', '21', '3', '23', '11']"
bqp50_4,IC_1,0.1,0.0,11,"['13', '14', '17', '19', '20', '23', '36', '41', '42', '45', '7']"
bqp50_5,IC_1,0.01,0.01,13,"['17', '2', '26', '29', '32', '33', '37', '47', '48', '9', '49', '35', '11']"
bqp50_5,IC_1,0.1,0.1,13,"['17', '2', '26', '29', '31', '32', '33', '35', '37', '47', '48', '49', '9']"
bqp50_6,IC_1,0.01,0.0,9,"['11', '16', '20', '21', '23', '37', '6', '8', '9']"
bqp50_6,IC_1,0.1,0.0,9,"['11', '16', '20', '21', '23', '37', '6', '8', '9']"
bqp50_7,IC_1,0.01,0.0,9,"['1', '13', '14', '15', '16', '23', '39', '43', '47']"
bqp50_7,IC_1,0.1,0.0,9,"['1', '13', '14', '15', '16', '23', '39', '43', '47']"
bqp50_8,IC_1,0.01,0.01,15,"['0', '23', '24', '29', '3', '30', '38', '42', '43', '46', '48', '47', '4', '19', '36']"
bqp50_8,IC_1,0.1,0.1,15,"['0', '23', '24', '29', '3', '30', '38', '4', '42', '43', '46', '47', '48', '19', '36']"
bqp50_9,IC_1,0.01,0.01,12,"['10', '15', '17', '20', '23', '27', '29', '37', '40', '41', '14', '34']"
bqp50_9,IC_1,0.1,0.1,12,"['10', '14', '15', '17', '20', '23', '27', '29', '34', '37', '40', '41']"
bqp50_10,IC_1,0.01,0.01,11,"['0', '12', '18', '2', '24', '26', '29', '30', '39', '41', '6']"
bqp50_10,IC_1,0.1,0.0,11,"['0', '12', '18', '2', '24', '26', '29', '30', '39', '41', '6']"
bqp100_1,IC_1,0.01,0.01,44,"['13', '15', '24', '26', '39', '4', '5', '6', '73', '74', '95', '27', '83', '1', '92', '52', '20', '21', '60', '12', '17', '69', '56', '54', '88', '72', '80', '14', '32', '89', '34', '99', '29', '0', '47', '53', '62', '19', '7', '91', '57', '23', '96', '36']"
bqp100_1,IC_1,0.1,0.1,44,"['1', '13', '15', '24', '26', '27', '39', '4', '5', '6', '73', '74', '83', '95', '92', '52', '20', '21', '60', '12', '17', '69', '56', '54', '88', '72', '80', '14', '32', '89', '34', '99', '29', '0', '47', '53', '62', '19', '7', '91', '57', '23', '96', '36']"
bqp100_2,IC_1,0.01,0.01,44,"['14', '2', '3', '31', '48', '5', '51', '68', '74', '75', '96', '34', '85', '12', '94', '52', '22', '26', '69', '13', '20', '71', '59', '56', '86', '73', '76', '16', '41', '87', '45', '99', '40', '11', '50', '54', '7', '21', '72', '93', '66', '27', '98', '47']"
bqp100_2,IC_1,0.1,0.1,44,"['12', '14', '2', '3', '31', '34', '48', '5', '51', '68', '74', '75', '85', '96', '94', '52', '22', '26', '69', '13', '20', '71', '59', '56', '86', '73', '76', '16', '41', '87', '45', '99', '40', '11', '50', '54', '7', '21', '72', '93', '66', '27', '98', '47']"
bqp100_3,IC_1,0.01,0.01,45,"['15', '19', '26', '28', '40', '46', '50', '6', '73', '74', '91', '33', '81', '1', '9', '52', '22', '23', '60', '10', '20', '65', '57', '54', '82', '70', '77', '18', '35', '86', '36', '98', '34', '99', '48', '53', '63', '21', '7', '88', '58', '25', '97', '39', '0']"
bqp100_3,IC_1,0.1,0.1,45,"['15', '19', '26', '28', '33', '40', '46', '50', '6', '73', '74', '91', '81', '1', '9', '52', '22', '23', '60', '10', '20', '65', '57', '54', '82', '70', '77', '18', '35', '86', '36', '98', '34', '99', '48', '53', '63', '21', '7', '88', '58', '25', '97', '39', '0']"
bqp100_4,IC_1,0.01,0.01,45,"['15', '21', '31', '32', '42', '45', '49', '6', '8', '80', '92', '34', '86', '11', '91', '52', '24', '27', '63', '13', '22', '73', '58', '57', '87', '79', '85', '17', '37', '88', '38', '97', '35', '99', '48', '54', '70', '23', '75', '89', '59', '29', '94', '4', '0']"
bqp100_4,IC_1,0.1,0.1,42,"['15', '21', '32', '34', '37', '46', '48', '53', '66', '79', '8', '81', '94', '97', '54', '24', '3', '68', '14', '22', '70', '61', '6', '85', '75', '80', '2', '42', '86', '44', '45', '4', '10', '52', '58', '69', '23', '73', '92', '64', '30', '99']"
bqp100_5,IC_1,0.01,0.01,44,"['15', '19', '3', '33', '42', '43', '62', '78', '8', '5', '91', '34', '84', '12', '90', '51', '26', '27', '63', '14', '20', '73', '6', '56', '87', '77', '80', '18', '38', '88', '40', '99', '36', '0', '45', '55', '69', '25', '76', '9', '61', '29', '96', '41']"
bqp100_5,IC_1,0.1,0.1,44,"['15', '19', '3', '33', '34', '42', '43', '5', '62', '78', '8', '84', '91', '12', '90', '51', '26', '27', '63', '14', '20', '73', '6', '56', '87', '77', '80', '18', '38', '88', '40', '99', '36', '0', '45', '55', '69', '25', '76', '9', '61', '29', '96', '41']"
bqp100_6,IC_1,0.01,0.01,46,"['14', '16', '41', '44', '55', '56', '63', '70', '83', '86', '95', '45', '88', '12', '94', '64', '30', '33', '72', '13', '18', '75', '67', '66', '9', '82', '87', '15', '48', '99', '50', '97', '47', '98', '59', '65', '74', '2', '8', '93', '68', '4', '96', '52', '0', '91']"
bqp100_6,IC_1,0.1,0.1,45,"['13', '15', '33', '34', '4', '47', '48', '52', '64', '76', '8', '83', '96', '1', '94', '53', '2', '25', '66', '10', '17', '68', '59', '56', '9', '73', '82', '14', '44', '90', '45', '98', '43', '99', '50', '55', '67', '18', '72', '93', '63', '30', '97', '46', '0']"
bqp100_7,IC_1,0.01,0.01,45,"['15', '17', '23', '28', '41', '44', '51', '69', '8', '80', '94', '29', '84', '12', '93', '52', '20', '21', '70', '13', '18', '75', '65', '60', '86', '79', '81', '16', '37', '9', '38', '96', '34', '99', '5', '57', '72', '2', '78', '90', '66', '22', '95', '4', '1']"
bqp100_7,IC_1,0.1,0.1,44,"['12', '15', '23', '28', '41', '44', '51', '73', '8', '80', '84', '89', '93', '94', '52', '20', '21', '70', '13', '18', '75', '65', '60', '86', '79', '81', '16', '37', '9', '38', '96', '34', '99', '5', '57', '72', '2', '78', '90', '66', '22', '95', '4', '1']"
bqp100_8,IC_1,0.01,0.01,46,"['14', '17', '32', '33', '46', '47', '50', '61', '75', '77', '92', '35', '81', '12', '90', '54', '22', '25', '65', '13', '18', '70', '59', '57', '86', '72', '80', '15', '4', '99', '42', '94', '39', '96', '5', '56', '68', '20', '71', '9', '6', '26', '93', '43', '11', '87']"
bqp100_8,IC_1,0.1,0.1,45,"['15', '18', '33', '34', '36', '5', '50', '56', '70', '77', '79', '81', '93', '13', '92', '58', '25', '27', '71', '14', '21', '74', '65', '61', '83', '76', '80', '17', '40', '9', '41', '95', '39', '99', '54', '6', '72', '22', '75', '90', '68', '29', '94', '48', '11']"
bqp100_9,IC_1,0.01,0.01,47,"['15', '29', '3', '40', '41', '45', '55', '69', '7', '99', '89', '31', '76', '12', '87', '49', '22', '25', '56', '13', '19', '62', '53', '51', '77', '67', '70', '16', '33', '98', '34', '96', '32', '97', '44', '50', '57', '21', '65', '83', '54', '27', '95', '35', '11', '81', '18']"
bqp100_9,IC_1,0.1,0.1,45,"['13', '15', '30', '32', '33', '43', '45', '48', '60', '7', '73', '75', '95', '11', '93', '5', '19', '20', '61', '12', '17', '64', '57', '54', '81', '69', '74', '14', '35', '83', '39', '98', '34', '99', '47', '53', '62', '18', '68', '87', '6', '24', '96', '4', '10']"
bqp100_10,IC_1,0.01,0.01,48,"['14', '34', '35', '5', '50', '57', '67', '75', '76', '97', '87', '36', '79', '11', '84', '6', '31', '32', '68', '13', '22', '71', '65', '63', '8', '73', '78', '18', '42', '96', '99', '90', '4', '92', '54', '62', '7', '28', '72', '81', '66', '33', '88', '46', '10', '80', '21', '45']"
bqp100_10,IC_1,0.1,0.1,46,"['13', '23', '35', '36', '38', '46', '5', '51', '65', '76', '79', '90', '80', '10', '88', '54', '32', '33', '71', '11', '24', '73', '62', '6', '81', '75', '8', '18', '40', '99', '42', '93', '4', '96', '50', '57', '72', '28', '74', '87', '63', '34', '92', '45', '0', '84']"
aa10,IC_2,1.0,0.3,6,"['1', '14', '17', '19', '24', '30']"
aa10,IC_2,10.0,1.0,6,"['1', '14', '17', '19', '24', '30']"
aa11,IC_2,1.0,0.3,11,"['1', '11', '14', '15', '17', '21', '24', '27', '29', '6', '7']"
aa11,IC_2,10.0,1.0,11,"['1', '11', '14', '15', '17', '21', '24', '27', '29', '6', '7']"
aa13,IC_2,1.0,0.3,12,"['15', '20', '22', '24', '26', '28', '30', '35', '36', '4', '41', '42']"
aa13,IC_2,10.0,1.0,12,"['15', '20', '22', '24', '26', '28', '30', '35', '36', '4', '41', '42']"
aa14,IC_2,1.0,1.0,19,"['10', '13', '14', '15', '16', '22', '26', '27', '29', '33', '35', '36', '38', '41', '5', '6', '7', '8', '39']"
aa14,IC_2,10.0,4.6,19,"['10', '13', '14', '15', '16', '22', '26', '27', '29', '33', '35', '36', '38', '39', '41', '5', '6', '7', '8']"
aa15,IC_2,1.0,0.3,6,"['10', '28', '3', '4', '8', '9']"
aa15,IC_2,10.0,1.0,6,"['10', '28', '3', '4', '8', '9']"
aa16,IC_2,1.0,0.3,0,[]
aa16,IC_2,10.0,1.0,0,[]
aa17,IC_2,1.0,1.0,27,"['11', '12', '16', '18', '21', '23', '24', '29', '30', '31', '32', '33', '35', '38', '42', '48', '5', '6', '7', '8', '9', '17', '20', '39', '4', '36', '15']"
aa17,IC_2,10.0,6.3,25,"['10', '11', '13', '14', '15', '16', '18', '19', '2', '20', '21', '23', '24', '27', '32', '38', '39', '41', '48', '50', '53', '54', '6', '7', '8']"
aa18,IC_2,1.0,0.3,14,"['1', '14', '2', '21', '24', '29', '32', '33', '35', '41', '44', '45', '46', '8']"
aa18,IC_2,10.0,1.0,14,"['1', '14', '2', '21', '24', '29', '32', '33', '35', '41', '44', '45', '46', '8']"
aa19,IC_2,1.0,1.0,19,"['10', '20', '21', '22', '24', '25', '27', '32', '35', '36', '37', '38', '4', '47', '5', '56', '60', '9', '58']"
aa19,IC_2,10.0,2.6,19,"['10', '20', '21', '22', '24', '25', '27', '32', '35', '36', '37', '38', '4', '47', '5', '56', '58', '60', '9']"
aa20,IC_2,1.0,0.4,20,"['11', '14', '25', '30', '31', '32', '34', '36', '39', '41', '43', '44', '45', '47', '5', '50', '52', '53', '55', '9']"
aa20,IC_2,10.0,1.1,20,"['11', '14', '25', '30', '31', '32', '34', '36', '39', '41', '43', '44', '45', '47', '5', '50', '52', '53', '55', '9']"
aa21,IC_2,1.0,0.3,0,[]
aa21,IC_2,10.0,1.0,0,[]
aa22,IC_2,1.0,0.3,16,"['0', '1', '11', '14', '2', '21', '22', '23', '27', '28', '31', '32', '36', '41', '46', '47']"
aa22,IC_2,10.0,1.0,16,"['0', '1', '11', '14', '2', '21', '22', '23', '27', '28', '31', '32', '36', '41', '46', '47']"
aa23,IC_2,1.0,0.3,18,"['10', '11', '13', '16', '21', '23', '29', '31', '33', '38', '40', '41', '42', '44', '5', '51', '6', '9']"
aa23,IC_2,10.0,1.0,18,"['10', '11', '13', '16', '21', '23', '29', '31', '33', '38', '40', '41', '42', '44', '5', '51', '6', '9']"
aa24,IC_2,1.0,0.7,21,"['1', '12', '13', '2', '20', '29', '3', '30', '31', '32', '33', '35', '36', '37', '49', '55', '61', '63', '69', '70', '76']"
aa24,IC_2,10.0,1.4,21,"['1', '12', '13', '2', '20', '29', '3', '30', '31', '32', '33', '35', '36', '37', '49', '55', '61', '63', '69', '70', '76']"
aa25,IC_2,1.0,0.3,0,[]
aa25,IC_2,10.0,1.0,0,[]
aa26,IC_2,1.0,0.3,12,"['1', '19', '21', '22', '25', '29', '30', '31', '33', '35', '38', '5']"
aa26,IC_2,10.0,1.0,12,"['1', '19', '21', '22', '25', '29', '30', '31', '33', '35', '38', '5']"
aa27,IC_2,1.0,0.3,11,"['0', '1', '20', '23', '27', '30', '31', '40', '43', '44', '9']"
aa27,IC_2,10.0,1.0,11,"['0', '1', '20', '23', '27', '30', '31', '40', '43', '44', '9']"
aa28,IC_2,1.0,0.4,27,"['11', '13', '14', '15', '17', '18', '2', '24', '25', '28', '30', '31', '32', '36', '37', '40', '45', '46', '51', '54', '56', '58', '59', '6', '60', '64', '9']"
aa28,IC_2,10.0,1.1,28,"['11', '13', '14', '15', '17', '18', '20', '24', '25', '28', '30', '31', '32', '35', '36', '37', '41', '46', '49', '52', '53', '54', '59', '60', '62', '63', '64', '9']"
aa29,IC_2,1.0,0.4,21,"['10', '14', '15', '17', '20', '21', '25', '29', '33', '36', '38', '42', '45', '5', '54', '55', '58', '6', '66', '68', '7']"
aa29,IC_2,10.0,1.1,21,"['10', '14', '15', '17', '20', '21', '25', '29', '33', '36', '38', '42', '45', '5', '54', '55', '58', '6', '66', '68', '7']"
aa30,IC_2,1.0,0.3,4,"['11', '2', '4', '7']"
aa30,IC_2,10.0,1.0,4,"['11', '2', '4', '7']"
aa31,IC_2,1.0,0.3,0,[]
aa31,IC_2,10.0,1.0,0,[]
aa32,IC_2,1.0,1.0,33,"['1', '11', '12', '16', '21', '23', '24', '27', '29', '30', '32', '33', '36', '4', '41', '42', '45', '49', '52', '55', '56', '57', '59', '60', '65', '9', '35', '6', '37', '50', '17', '10', '53']"
aa32,IC_2,10.0,10.0,31,"['0', '1', '10', '11', '14', '16', '19', '20', '21', '23', '24', '27', '30', '32', '33', '35', '36', '39', '4', '45', '49', '52', '55', '56', '57', '59', '6', '60', '65', '9', '53']"
aa33,IC_2,1.0,0.3,4,"['24', '32', '33', '35']"
aa33,IC_2,10.0,1.0,4,"['24', '32', '33', '35']"
aa34,IC_2,1.0,0.3,13,"['11', '13', '14', '16', '19', '20', '21', '28', '3', '31', '35', '36', '5']"
aa34,IC_2,10.0,1.0,13,"['11', '13', '14', '16', '19', '20', '21', '28', '3', '31', '35', '36', '5']"
aa35,IC_2,1.0,0.3,10,"['0', '13', '14', '20', '21', '24', '3', '30', '32', '37']"
aa35,IC_2,10.0,1.0,10,"['0', '13', '14', '16', '20', '21', '3', '30', '32', '37']"
aa36,IC_2,1.0,0.3,7,"['10', '17', '18', '29', '31', '32', '8']"
aa36,IC_2,10.0,1.0,7,"['10', '17', '18', '29', '31', '32', '8']"
aa37,IC_2,1.0,0.3,4,"['1', '20', '4', '5']"
aa37,IC_2,10.0,1.0,4,"['1', '20', '4', '5']"
aa38,IC_2,1.0,0.7,26,"['0', '16', '18', '21', '22', '25', '26', '29', '35', '38', '39', '41', '42', '47', '48', '49', '5', '50', '52', '56', '6', '60', '62', '63', '65', '7']"
aa38,IC_2,10.0,1.5,26,"['0', '16', '18', '21', '22', '25', '26', '29', '35', '38', '39', '41', '42', '47', '48', '49', '5', '50', '52', '56', '6', '60', '62', '63', '65', '7']"
aa39,IC_2,1.0,1.0,25,"['10', '13', '18', '20', '22', '23', '27', '28', '29', '3', '30', '31', '35', '40', '41', '48', '5', '56', '6', '7', '9', '57', '34', '36', '55']"
aa39,IC_2,10.0,2.7,23,"['10', '11', '13', '17', '18', '19', '20', '22', '23', '24', '27', '28', '29', '3', '30', '31', '35', '40', '47', '5', '6', '7', '9']"
aa40,IC_2,1.0,0.8,22,"['12', '17', '18', '27', '28', '32', '33', '37', '40', '41', '44', '45', '46', '47', '48', '50', '52', '53', '55', '56', '58', '8']"
aa40,IC_2,10.0,1.5,22,"['12', '17', '18', '27', '28', '32', '33', '37', '40', '41', '44', '45', '46', '47', '48', '50', '52', '53', '55', '56', '58', '8']"
aa41,IC_2,1.0,1.0,45,"['10', '11', '12', '13', '14', '15', '18', '2', '20', '26', '27', '29', '33', '46', '47', '48', '49', '50', '51', '56', '57', '58', '6', '62', '63', '66', '68', '7', '71', '72', '76', '8', '86', '87', '30', '81', '83', '39', '1', '61', '35', '41', '79', '74', '42']"
aa41,IC_2,10.0,10.0,41,"['10', '11', '13', '14', '15', '18', '2', '26', '27', '28', '29', '30', '35', '41', '44', '45', '46', '47', '48', '49', '50', '51', '56', '57', '58', '6', '61', '62', '63', '66', '68', '7', '71', '72', '76', '8', '86', '87', '79', '74', '42']"
aa42,IC_2,1.0,1.0,32,"['1', '10', '11', '16', '18', '20', '24', '28', '31', '32', '33', '47', '49', '5', '50', '56', '58', '59', '61', '65', '66', '69', '74', '75', '77', '78', '79', '80', '81', '85', '54', '87']"
aa42,IC_2,10.0,2.1,30,"['1', '10', '11', '16', '18', '20', '24', '28', '31', '32', '33', '47', '49', '5', '50', '56', '58', '59', '61', '65', '66', '69', '74', '75', '77', '78', '79', '80', '81', '85']"
aa43,IC_2,1.0,0.3,19,"['10', '13', '14', '16', '17', '2', '20', '21', '22', '25', '27', '28', '31', '32', '36', '38', '4', '7', '8']"
aa43,IC_2,10.0,1.0,19,"['10', '13', '14', '16', '17', '2', '20', '21', '22', '25', '27', '28', '31', '32', '36', '38', '4', '7', '8']"
aa44,IC_2,1.0,0.3,10,"['0', '16', '22', '23', '25', '26', '27', '29', '30', '4']"
aa44,IC_2,10.0,1.0,10,"['0', '16', '22', '23', '25', '26', '27', '29', '30', '4']"
aa45,IC_2,1.0,0.4,20,"['11', '12', '17', '2', '20', '21', '22', '23', '24', '26', '29', '3', '33', '35', '36', '37', '38', '4', '42', '6']"
aa45,IC_2,10.0,1.1,20,"['11', '12', '17', '2', '20', '21', '22', '23', '24', '26', '29', '3', '33', '35', '36', '37', '38', '4', '42', '6']"
aa46,IC_2,1.0,0.3,13,"['0', '1', '13', '14', '16', '19', '2', '22', '26', '3', '45', '54', '56']"
aa46,IC_2,10.0,1.0,13,"['0', '1', '13', '14', '16', '19', '2', '22', '26', '3', '45', '54', '56']"
aa47,IC_2,1.0,0.3,13,"['16', '17', '18', '2', '20', '25', '28', '29', '30', '32', '33', '5', '6']"
aa47,IC_2,10.0,1.0,13,"['16', '17', '18', '2', '20', '25', '28', '29', '30', '32', '33', '5', '6']"
aa48,IC_2,1.0,0.3,17,"['0', '15', '17', '18', '19', '21', '23', '27', '3', '33', '34', '35', '37', '38', '40', '5', '6']"
aa48,IC_2,10.0,1.0,17,"['0', '15', '17', '18', '19', '21', '23', '27', '3', '33', '34', '35', '37', '38', '40', '5', '6']"
aa49,IC_2,1.0,0.3,0,[]
aa49,IC_2,10.0,1.0,0,[]
aa50,IC_2,1.0,0.3,18,"['11', '18', '22', '23', '24', '29', '31', '33', '35', '39', '49', '5', '52', '53', '58', '59', '7', '8']"
aa50,IC_2,10.0,1.0,18,"['11', '18', '20', '22', '23', '24', '29', '31', '33', '35', '39', '49', '5', '52', '53', '58', '59', '7']"
aa51,IC_2,1.0,0.3,11,"['11', '17', '24', '3', '35', '41', '42', '43', '6', '7', '9']"
aa51,IC_2,10.0,1.0,11,"['1', '11', '24', '25', '3', '35', '41', '42', '6', '7', '9']"
aa52,IC_2,1.0,0.3,12,"['0', '1', '11', '12', '17', '18', '21', '24', '25', '29', '3', '30']"
aa52,IC_2,10.0,1.0,12,"['0', '1', '11', '12', '17', '18', '21', '24', '25', '29', '3', '30']"
aa53,IC_2,1.0,0.3,12,"['16', '24', '26', '27', '3', '31', '33', '34', '36', '38', '40', '42']"
aa53,IC_2,10.0,1.0,12,"['16', '24', '26', '27', '3', '31', '33', '34', '36', '38', '40', '42']"
aa54,IC_2,1.0,0.3,12,"['12', '15', '16', '18', '19', '20', '26', '29', '31', '35', '40', '42']"
aa54,IC_2,10.0,1.0,12,"['12', '15', '16', '18', '19', '20', '26', '29', '31', '35', '40', '42']"
j10,IC_2,1.0,0.3,3,"['0', '5', '8']"
j10,IC_2,10.0,1.0,3,"['0', '5', '8']"
j11,IC_2,1.0,0.3,5,"['17', '18', '19', '24', '25']"
j11,IC_2,10.0,1.0,5,"['17', '18', '19', '24', '25']"
j13,IC_2,1.0,0.3,4,"['17', '24', '29', '5']"
j13,IC_2,10.0,1.0,4,"['17', '24', '29', '5']"
j14,IC_2,1.0,0.3,3,"['1', '14', '15']"
j14,IC_2,10.0,1.0,3,"['1', '14', '15']"
j15,IC_2,1.0,0.3,0,[]
j15,IC_2,10.0,1.0,0,[]
j16,IC_2,1.0,0.3,0,[]
j16,IC_2,10.0,1.0,0,[]
j17,IC_2,1.0,0.3,10,"['11', '15', '2', '21', '23', '25', '27', '4', '8', '9']"
j17,IC_2,10.0,1.0,10,"['11', '15', '2', '21', '23', '25', '27', '4', '8', '9']"
j18,IC_2,1.0,0.3,9,"['11', '18', '2', '3', '42', '45', '46', '6', '9']"
j18,IC_2,10.0,1.0,9,"['11', '18', '2', '3', '42', '45', '46', '6', '9']"
j19,IC_2,1.0,0.3,3,"['10', '11', '14']"
j19,IC_2,10.0,1.0,3,"['10', '11', '14']"
j20,IC_2,1.0,0.3,0,[]
j20,IC_2,10.0,1.0,0,[]
j21,IC_2,1.0,0.3,2,"['4', '7']"
j21,IC_2,10.0,1.0,2,"['4', '7']"
j22,IC_2,1.0,0.3,9,"['26', '35', '37', '38', '39', '40', '41', '43', '44']"
j22,IC_2,10.0,1.0,9,"['26', '35', '37', '38', '39', '40', '41', '43', '44']"
j23,IC_2,1.0,0.4,19,"['1', '14', '15', '2', '20', '21', '26', '3', '30', '31', '33', '38', '39', '41', '42', '49', '5', '8', '9']"
j23,IC_2,10.0,1.1,19,"['1', '14', '15', '2', '20', '21', '26', '3', '30', '31', '33', '38', '39', '41', '42', '49', '5', '8', '9']"
j24,IC_2,1.0,0.3,3,"['20', '35', '40']"
j24,IC_2,10.0,1.0,3,"['20', '35', '40']"
j25,IC_2,1.0,0.3,0,[]
j25,IC_2,10.0,1.0,0,[]
j26,IC_2,1.0,0.3,6,"['21', '24', '27', '3', '4', '5']"
j26,IC_2,10.0,1.0,6,"['21', '24', '27', '3', '4', '5']"
j28,IC_2,1.0,0.3,13,"['10', '12', '38', '39', '40', '41', '42', '43', '44', '5', '52', '8', '9']"
j28,IC_2,10.0,1.0,13,"['10', '12', '38', '39', '40', '41', '42', '43', '44', '5', '52', '8', '9']"
gka_1,IC_2,1.0,0.3,9,"['15', '22', '23', '3', '38', '4', '43', '7', '9']"
gka_1,IC_2,10.0,1.0,9,"['15', '22', '23', '3', '38', '4', '43', '7', '9']"
gka_2,IC_2,1.0,1.0,16,"['15', '19', '2', '22', '27', '3', '30', '31', '33', '35', '36', '38', '44', '51', '56', '9']"
gka_2,IC_2,10.0,2.2,16,"['15', '19', '2', '22', '27', '3', '30', '31', '33', '35', '36', '38', '44', '51', '56', '9']"
gka_3,IC_2,1.0,1.0,23,"['19', '22', '24', '29', '35', '38', '45', '46', '47', '52', '56', '57', '59', '60', '61', '67', '54', '43', '1', '16', '7', '18', '51']"
gka_3,IC_2,10.0,10.0,23,"['10', '15', '19', '23', '24', '29', '3', '38', '45', '46', '47', '49', '52', '54', '57', '59', '60', '61', '64', '69', '9', '25', '20']"
gka_4,IC_2,1.0,1.0,30,"['10', '15', '17', '2', '22', '24', '40', '43', '50', '57', '62', '65', '67', '68', '69', '76', '9', '53', '49', '71', '28', '37', '70', '19', '61', '72', '36', '46', '30', '5']"
gka_4,IC_2,10.0,10.0,30,"['10', '15', '17', '2', '22', '24', '40', '43', '49', '50', '53', '57', '62', '65', '67', '68', '69', '71', '76', '9', '28', '37', '70', '19', '61', '72', '36', '46', '30', '5']"
gka_5,IC_2,1.0,1.0,22,"['0', '11', '12', '13', '14', '16', '21', '22', '25', '26', '28', '35', '40', '42', '43', '44', '46', '47', '48', '49', '6', '38']"
gka_5,IC_2,10.0,3.4,22,"['0', '11', '12', '13', '14', '16', '21', '22', '25', '26', '28', '35', '38', '40', '42', '43', '44', '46', '47', '48', '49', '6']"
gka_6,IC_2,1.0,0.3,16,"['0', '15', '16', '17', '18', '19', '2', '22', '23', '24', '25', '28', '4', '5', '6', '9']"
gka_6,IC_2,10.0,1.0,16,"['0', '15', '16', '17', '18', '19', '2', '22', '23', '24', '25', '28', '4', '5', '6', '9']"
gka_7,IC_2,1.0,0.3,18,"['0', '1', '11', '12', '13', '14', '15', '2', '21', '23', '24', '27', '28', '29', '5', '6', '8', '9']"
gka_7,IC_2,10.0,1.0,18,"['0', '1', '11', '12', '13', '14', '15', '2', '21', '23', '24', '27', '28', '29', '5', '6', '8', '9']"
gka_8,IC_2,1.0,1.0,32,"['12', '13', '15', '25', '26', '31', '41', '55', '60', '79', '86', '9', '92', '93', '94', '95', '20', '4', '98', '59', '81', '53', '51', '63', '23', '90', '36', '85', '89', '18', '3', '75']"
gka_8,IC_2,10.0,10.0,32,"['12', '13', '15', '20', '25', '26', '31', '4', '41', '55', '60', '79', '86', '9', '92', '93', '94', '95', '98', '59', '81', '53', '51', '63', '23', '90', '36', '85', '89', '18', '3', '75']"
gka_9,IC_2,1.0,0.3,2,"['4', '5']"
gka_9,IC_2,10.0,1.0,2,"['4', '5']"
gka_10,IC_2,1.0,0.3,8,"['0', '10', '11', '3', '4', '6', '8', '9']"
gka_10,IC_2,10.0,1.0,8,"['0', '10', '11', '3', '4', '6', '8', '9']"
gka_11,IC_2,1.0,0.3,10,"['0', '1', '10', '12', '2', '4', '5', '6', '7', '8']"
gka_11,IC_2,10.0,1.0,10,"['0', '1', '10', '12', '2', '4', '5', '6', '7', '8']"
gka_12,IC_2,1.0,0.3,20,"['0', '1', '10', '11', '12', '13', '14', '16', '17', '18', '19', '20', '21', '22', '23', '3', '4', '5', '6', '7']"
gka_12,IC_2,10.0,1.0,20,"['0', '1', '10', '11', '12', '13', '14', '16', '17', '18', '19', '20', '21', '22', '23', '3', '4', '5', '6', '7']"
gka_13,IC_2,1.0,0.3,16,"['0', '1', '10', '11', '12', '14', '16', '17', '18', '2', '3', '4', '5', '6', '8', '9']"
gka_13,IC_2,10.0,1.0,16,"['0', '1', '10', '11', '12', '14', '16', '17', '18', '2', '3', '4', '5', '6', '8', '9']"
gka_14,IC_2,1.0,0.3,22,"['0', '1', '10', '11', '12', '13', '15', '16', '17', '18', '2', '21', '22', '23', '24', '25', '4', '5', '6', '7', '8', '9']"
gka_14,IC_2,10.0,1.0,22,"['0', '1', '10', '11', '12', '13', '15', '16', '17', '18', '2', '21', '22', '23', '24', '25', '4', '5', '6', '7', '8', '9']"
gka_15,IC_2,1.0,0.3,0,[]
gka_15,IC_2,10.0,1.0,0,[]
gka_16,IC_2,1.0,0.3,0,[]
gka_16,IC_2,10.0,1.0,0,[]
gka_17,IC_2,1.0,0.3,0,[]
gka_17,IC_2,10.0,1.0,0,[]
gka_18,IC_2,1.0,0.3,2,"['0', '6']"
gka_18,IC_2,10.0,1.0,2,"['0', '6']"
gka_19,IC_2,1.0,0.3,31,"['0', '1', '12', '13', '14', '15', '17', '18', '2', '21', '22', '24', '25', '26', '27', '28', '29', '3', '30', '32', '33', '34', '35', '36', '38', '4', '5', '6', '7', '8', '9']"
gka_19,IC_2,10.0,1.0,31,"['0', '1', '12', '13', '14', '15', '17', '18', '2', '21', '22', '24', '25', '26', '27', '28', '29', '3', '30', '32', '33', '34', '35', '36', '38', '4', '5', '6', '7', '8', '9']"
gka_20,IC_2,1.0,0.5,39,"['1', '10', '11', '12', '13', '14', '15', '16', '17', '18', '2', '20', '22', '23', '24', '26', '27', '28', '29', '3', '31', '32', '34', '35', '36', '37', '38', '4', '40', '41', '42', '44', '46', '47', '48', '49', '6', '8', '9']"
gka_20,IC_2,10.0,1.2,39,"['1', '10', '11', '12', '13', '14', '15', '16', '17', '18', '2', '20', '22', '23', '24', '26', '27', '28', '29', '3', '31', '32', '34', '35', '36', '37', '38', '4', '40', '41', '42', '44', '46', '47', '48', '49', '6', '8', '9']"
gka_21,IC_2,1.0,1.0,41,"['0', '1', '10', '17', '18', '2', '20', '24', '25', '27', '28', '29', '3', '31', '33', '34', '35', '39', '41', '43', '47', '48', '49', '50', '52', '53', '54', '55', '59', '6', '7', '11', '22', '4', '8', '56', '21', '42', '30', '9', '5']"
gka_21,IC_2,10.0,10.0,41,"['0', '1', '10', '11', '17', '18', '2', '20', '21', '22', '24', '25', '27', '28', '29', '3', '31', '33', '34', '35', '39', '4', '41', '42', '43', '47', '48', '49', '50', '52', '53', '54', '55', '56', '59', '6', '7', '8', '30', '9', '5']"
gka_22,IC_2,1.0,1.0,46,"['0', '1', '11', '16', '19', '20', '29', '3', '30', '31', '33', '34', '35', '37', '41', '42', '46', '49', '5', '51', '52', '57', '59', '61', '64', '66', '67', '68', '28', '8', '21', '36', '62', '22', '15', '18', '38', '10', '50', '25', '17', '2', '54', '60', '24', '44']"
gka_22,IC_2,10.0,10.0,45,"['0', '1', '11', '13', '16', '19', '20', '21', '22', '29', '3', '30', '33', '34', '35', '36', '37', '39', '4', '41', '42', '43', '46', '49', '51', '52', '57', '58', '61', '64', '66', '67', '68', '8', '69', '9', '38', '18', '27', '2', '15', '14', '60', '45', '44']"
gka_23,IC_2,1.0,1.0,47,"['10', '11', '18', '22', '23', '26', '27', '3', '31', '35', '37', '39', '4', '44', '49', '51', '55', '58', '6', '64', '69', '78', '8', '60', '52', '33', '53', '71', '54', '15', '67', '14', '57', '38', '30', '45', '42', '32', '74', '79', '13', '21', '59', '68', '73', '17', '50']"
gka_23,IC_2,10.0,10.0,46,"['10', '11', '15', '18', '22', '26', '27', '3', '31', '32', '33', '35', '37', '39', '4', '44', '49', '51', '54', '55', '58', '6', '60', '67', '69', '71', '78', '8', '38', '30', '64', '57', '52', '47', '34', '45', '42', '74', '79', '13', '21', '73', '68', '59', '56', '17']"
gka_24,IC_2,1.0,1.0,38,"['2', '24', '25', '34', '36', '38', '39', '42', '47', '53', '55', '59', '62', '67', '72', '82', '83', '40', '75', '69', '46', '22', '70', '58', '19', '35', '51', '49', '43', '80', '86', '1', '79', '64', '4', '14', '73', '76']"
gka_24,IC_2,10.0,10.0,38,"['2', '24', '25', '34', '36', '38', '39', '40', '42', '46', '47', '53', '55', '59', '62', '67', '69', '72', '75', '82', '83', '22', '70', '58', '19', '35', '51', '49', '43', '80', '86', '1', '79', '64', '4', '14', '73', '76']"
gka_25,IC_2,1.0,1.0,44,"['12', '17', '19', '26', '31', '32', '4', '42', '49', '5', '53', '60', '79', '81', '83', '94', '96', '65', '98', '44', '18', '82', '27', '35', '74', '50', '11', '2', '55', '0', '59', '85', '16', '6', '1', '45', '87', '9', '57', '21', '71', '54', '61', '63']"
gka_25,IC_2,10.0,10.0,44,"['12', '17', '18', '19', '26', '31', '32', '4', '42', '44', '49', '5', '53', '60', '65', '79', '81', '83', '94', '96', '98', '82', '27', '35', '74', '50', '11', '2', '55', '0', '59', '85', '16', '6', '1', '45', '87', '9', '57', '21', '71', '54', '61', '63']"
gka_26,IC_2,1.0,1.0,44,"['10', '12', '13', '14', '23', '28', '3', '43', '48', '57', '63', '64', '68', '7', '70', '93', '95', '6', '37', '45', '54', '81', '87', '97', '2', '78', '71', '76', '38', '79', '59', '55', '65', '40', '74', '99', '56', '34', '9', '41', '72', '29', '58', '92']"
gka_26,IC_2,10.0,10.0,44,"['10', '12', '13', '14', '23', '28', '3', '37', '43', '45', '48', '54', '57', '6', '63', '64', '68', '7', '70', '93', '95', '81', '87', '97', '2', '78', '71', '76', '38', '79', '59', '55', '65', '40', '74', '99', '56', '34', '9', '41', '72', '29', '58', '92']"
gka_27,IC_2,1.0,1.0,63,"['11', '13', '15', '16', '17', '19', '20', '23', '26', '36', '41', '42', '47', '48', '52', '53', '54', '6', '63', '66', '68', '84', '9', '99', '74', '28', '45', '32', '10', '37', '31', '29', '94', '51', '87', '2', '46', '49', '60', '78', '67', '85', '21', '8', '89', '58', '12', '75', '81', '91', '25', '3', '14', '97', '57', '72', '30', '92', '56', '44', '73', '76', '65']"
gka_27,IC_2,10.0,10.0,63,"['10', '11', '13', '15', '16', '17', '19', '20', '23', '26', '28', '32', '36', '37', '41', '42', '45', '47', '48', '52', '53', '54', '6', '63', '66', '68', '74', '84', '9', '99', '31', '29', '94', '51', '87', '2', '46', '49', '60', '78', '67', '85', '21', '8', '89', '58', '12', '75', '81', '91', '25', '3', '14', '97', '57', '72', '30', '92', '56', '44', '73', '76', '65']"
gka_28,IC_2,1.0,1.0,72,"['0', '12', '17', '18', '21', '3', '34', '36', '41', '42', '43', '45', '51', '52', '56', '57', '6', '60', '62', '65', '67', '73', '74', '75', '76', '85', '93', '99', '55', '53', '64', '58', '70', '30', '95', '47', '48', '50', '66', '8', '9', '71', '2', '97', '63', '69', '92', '24', '39', '91', '14', '81', '82', '19', '25', '87', '22', '4', '40', '77', '72', '28', '15', '1', '68', '79', '54', '29', '96', '31', '32', '7']"
gka_28,IC_2,10.0,10.0,72,"['0', '12', '17', '18', '21', '3', '34', '36', '41', '42', '43', '45', '51', '52', '53', '55', '56', '57', '58', '6', '60', '62', '64', '65', '67', '70', '73', '74', '75', '76', '85', '93', '99', '30', '95', '47', '48', '50', '66', '8', '9', '71', '2', '97', '63', '69', '92', '24', '39', '91', '14', '81', '82', '19', '25', '87', '22', '4', '40', '77', '72', '28', '15', '1', '68', '79', '54', '29', '96', '31', '32', '7']"
gka_29,IC_2,1.0,1.0,77,"['13', '14', '15', '19', '21', '22', '23', '24', '25', '29', '3', '33', '38', '39', '40', '41', '42', '44', '45', '48', '49', '54', '55', '59', '6', '61', '64', '66', '71', '72', '84', '85', '90', '92', '99', '74', '81', '91', '97', '43', '69', '5', '75', '28', '50', '82', '83', '65', '78', '67', '17', '1', '32', '35', '58', '16', '76', '12', '51', '88', '8', '34', '26', '63', '80', '86', '10', '62', '27', '2', '7', '70', '93', '53', '79', '4', '77']"
gka_29,IC_2,10.0,10.0,77,"['13', '14', '15', '19', '21', '22', '23', '24', '25', '28', '29', '3', '33', '38', '39', '40', '41', '42', '43', '44', '45', '48', '49', '5', '54', '55', '59', '6', '61', '64', '66', '69', '71', '72', '74', '75', '81', '84', '85', '90', '91', '92', '97', '99', '50', '82', '83', '65', '78', '67', '17', '1', '32', '35', '58', '16', '76', '12', '51', '88', '8', '34', '26', '63', '80', '86', '10', '62', '27', '2', '7', '70', '93', '53', '79', '4', '77']"
gka_30,IC_2,1.0,1.0,83,"['0', '10', '12', '16', '18', '20', '21', '22', '24', '26', '29', '31', '33', '34', '35', '36', '37', '38', '39', '43', '46', '49', '51', '53', '54', '56', '58', '59', '68', '7', '71', '75', '76', '8', '81', '82', '85', '88', '93', '96', '98', '13', '30', '50', '61', '78', '79', '97', '73', '87', '40', '57', '48', '95', '1', '70', '15', '55', '17', '6', '92', '74', '89', '64', '14', '32', '42', '28', '60', '72', '86', '80', '9', '47', '45', '91', '3', '25', '4', '27', '23', '66', '62']"
gka_30,IC_2,10.0,10.0,83,"['0', '1', '10', '12', '13', '16', '18', '20', '21', '22', '24', '26', '29', '30', '31', '33', '34', '35', '36', '37', '38', '39', '40', '43', '46', '48', '49', '50', '51', '53', '54', '56', '57', '58', '59', '61', '68', '7', '70', '71', '73', '75', '76', '78', '79', '8', '81', '82', '85', '87', '88', '93', '95', '96', '97', '98', '15', '55', '17', '6', '92', '74', '89', '64', '14', '32', '42', '28', '60', '72', '86', '80', '9', '47', '45', '91', '3', '25', '4', '27', '23', '66', '62']"
gka_31,IC_2,1.0,1.0,86,"['1', '11', '12', '13', '15', '16', '19', '2', '21', '22', '24', '25', '26', '28', '3', '30', '33', '34', '35', '38', '4', '40', '41', '43', '44', '45', '49', '52', '54', '55', '60', '63', '65', '66', '67', '69', '71', '74', '75', '77', '78', '80', '82', '85', '87', '89', '90', '91', '93', '94', '95', '98', '99', '5', '6', '39', '64', '0', '88', '8', '50', '76', '48', '83', '61', '46', '86', '37', '7', '51', '92', '62', '70', '47', '36', '72', '20', '97', '9', '59', '58', '96', '68', '53', '57', '14']"
gka_31,IC_2,10.0,10.0,86,"['0', '1', '11', '12', '13', '15', '16', '19', '2', '21', '22', '24', '25', '26', '28', '3', '30', '33', '34', '35', '37', '38', '39', '4', '40', '41', '43', '44', '45', '46', '48', '49', '5', '50', '52', '54', '55', '6', '60', '61', '63', '64', '65', '66', '67', '69', '71', '74', '75', '76', '77', '78', '8', '80', '82', '83', '85', '86', '87', '88', '89', '90', '91', '93', '94', '95', '98', '99', '7', '51', '92', '62', '70', '47', '36', '72', '20', '97', '9', '59', '58', '96', '68', '53', '57', '14']"
gka_32,IC_2,1.0,1.0,89,"['0', '10', '11', '12', '14', '15', '16', '17', '18', '20', '21', '22', '24', '25', '28', '29', '30', '31', '32', '34', '36', '38', '39', '40', '41', '43', '44', '45', '46', '47', '48', '54', '55', '6', '61', '62', '65', '66', '67', '68', '69', '73', '74', '75', '77', '78', '8', '80', '81', '83', '84', '87', '88', '9', '90', '91', '93', '94', '95', '96', '97', '99', '58', '71', '4', '13', '27', '82', '63', '33', '5', '70', '72', '85', '76', '92', '7', '1', '3', '56', '89', '49', '35', '86', '98', '26', '64', '52', '60']"
gka_32,IC_2,10.0,10.0,88,"['0', '10', '11', '13', '14', '15', '16', '17', '18', '19', '2', '20', '21', '22', '25', '26', '27', '28', '3', '30', '32', '34', '35', '36', '38', '39', '4', '40', '41', '42', '43', '44', '45', '46', '48', '5', '50', '51', '53', '54', '55', '56', '57', '59', '6', '61', '62', '63', '65', '66', '68', '69', '7', '70', '71', '72', '73', '75', '76', '77', '8', '80', '81', '82', '83', '84', '85', '86', '87', '88', '89', '9', '90', '91', '92', '93', '94', '95', '96', '97', '98', '99', '64', '52', '79', '29', '60', '37']"
gka_33,IC_2,1.0,1.0,90,"['0', '10', '11', '12', '13', '14', '15', '16', '17', '18', '19', '2', '20', '26', '27', '28', '29', '3', '30', '31', '32', '34', '35', '36', '37', '38', '4', '40', '41', '42', '43', '44', '45', '46', '47', '48', '49', '5', '50', '51', '53', '54', '58', '59', '6', '60', '61', '62', '63', '64', '65', '66', '67', '70', '71', '72', '73', '74', '75', '76', '77', '78', '8', '80', '81', '82', '84', '85', '86', '87', '9', '90', '91', '94', '95', '96', '97', '99', '93', '33', '88', '25', '69', '89', '1', '83', '24', '92', '57', '56']"
gka_33,IC_2,10.0,3.1,90,"['0', '1', '10', '11', '12', '13', '14', '15', '16', '17', '18', '19', '2', '20', '24', '25', '26', '27', '28', '29', '3', '30', '31', '32', '33', '34', '35', '36', '37', '38', '4', '40', '41', '42', '43', '44', '45', '46', '47', '48', '49', '5', '50', '51', '53', '54', '56', '57', '58', '59', '6', '60', '61', '62', '63', '64', '65', '66', '67', '69', '70', '71', '72', '73', '74', '75', '76', '77', '78', '8', '80', '81', '82', '83', '84', '85', '86', '87', '88', '89', '9', '90', '91', '92', '93', '94', '95', '96', '97', '99']"
gka_34,IC_2,1.0,0.5,92,"['0', '1', '10', '11', '13', '14', '15', '16', '18', '19', '2', '20', '21', '22', '23', '25', '26', '27', '28', '29', '3', '30', '31', '32', '33', '34', '35', '37', '38', '39', '4', '40', '41', '42', '43', '44', '45', '46', '47', '48', '49', '5', '50', '51', '52', '53', '54', '55', '56', '57', '58', '59', '60', '61', '62', '63', '64', '65', '66', '67', '68', '69', '7', '70', '71', '72', '73', '74', '77', '78', '79', '8', '80', '81', '82', '83', '84', '85', '86', '87', '88', '89', '9', '90', '91', '92', '93', '94', '95', '96', '98', '99']"
gka_34,IC_2,10.0,1.2,92,"['0', '1', '10', '11', '13', '14', '15', '16', '18', '19', '2', '20', '21', '22', '23', '25', '26', '27', '28', '29', '3', '30', '31', '32', '33', '34', '35', '37', '38', '39', '4', '40', '41', '42', '43', '44', '45', '46', '47', '48', '49', '5', '50', '51', '52', '53', '54', '55', '56', '57', '58', '59', '60', '61', '62', '63', '64', '65', '66', '67', '68', '69', '7', '70', '71', '72', '73', '74', '77', '78', '79', '8', '80', '81', '82', '83', '84', '85', '86', '87', '88', '89', '9', '90', '91', '92', '93', '94', '95', '96', '98', '99']"
gka_35,IC_2,1.0,0.3,0,[]
gka_35,IC_2,10.0,1.0,0,[]
bqp50_1,IC_2,1.0,0.3,11,"['13', '14', '30', '32', '33', '37', '38', '47', '49', '5', '6']"
bqp50_1,IC_2,10.0,1.0,11,"['13', '14', '30', '32', '33', '37', '38', '47', '49', '5', '6']"
bqp50_2,IC_2,1.0,0.3,11,"['20', '21', '27', '28', '30', '31', '33', '4', '44', '46', '5']"
bqp50_2,IC_2,10.0,1.0,11,"['15', '21', '27', '30', '31', '33', '34', '38', '43', '5', '9']"
bqp50_3,IC_2,1.0,0.5,14,"['0', '10', '14', '22', '26', '31', '39', '40', '41', '42', '43', '5', '8', '9']"
bqp50_3,IC_2,10.0,1.1,14,"['0', '10', '14', '22', '26', '31', '39', '40', '41', '42', '43', '5', '8', '9']"
bqp50_4,IC_2,1.0,0.3,11,"['13', '14', '17', '19', '20', '23', '36', '41', '42', '45', '7']"
bqp50_4,IC_2,10.0,1.0,11,"['13', '14', '17', '19', '20', '23', '36', '41', '42', '45', '7']"
bqp50_5,IC_2,1.0,0.3,13,"['17', '2', '26', '29', '31', '32', '33', '35', '37', '47', '48', '49', '9']"
bqp50_5,IC_2,10.0,1.0,13,"['17', '2', '26', '29', '31', '32', '33', '35', '37', '47', '48', '49', '9']"
bqp50_6,IC_2,1.0,0.3,9,"['11', '16', '20', '21', '22', '23', '37', '6', '8']"
bqp50_6,IC_2,10.0,1.0,9,"['11', '16', '20', '21', '22', '23', '37', '6', '8']"
bqp50_7,IC_2,1.0,0.3,9,"['1', '13', '14', '15', '16', '23', '39', '43', '47']"
bqp50_7,IC_2,10.0,1.0,9,"['1', '13', '14', '15', '16', '23', '39', '43', '47']"
bqp50_8,IC_2,1.0,0.7,14,"['0', '12', '14', '16', '17', '19', '24', '25', '26', '29', '35', '37', '5', '8']"
bqp50_8,IC_2,10.0,1.4,14,"['0', '12', '14', '16', '17', '19', '24', '25', '26', '29', '35', '37', '5', '8']"
bqp50_9,IC_2,1.0,0.3,12,"['0', '10', '14', '15', '17', '20', '23', '27', '29', '34', '37', '41']"
bqp50_9,IC_2,10.0,1.1,12,"['0', '10', '14', '15', '17', '20', '23', '27', '29', '34', '37', '41']"
bqp50_10,IC_2,1.0,0.3,11,"['0', '12', '18', '2', '24', '26', '29', '30', '39', '41', '6']"
bqp50_10,IC_2,10.0,1.0,11,"['0', '12', '18', '2', '24', '26', '29', '30', '39', '41', '6']"
bqp100_1,IC_2,1.0,1.0,43,"['10', '13', '19', '26', '27', '36', '39', '46', '52', '57', '67', '71', '72', '73', '88', '91', '98', '99', '4', '34', '12', '60', '17', '23', '47', '80', '61', '1', '29', '31', '54', '89', '90', '62', '2', '14', '93', '83', '6', '53', '65', '79', '9']"
bqp100_1,IC_2,10.0,10.0,43,"['10', '12', '13', '19', '26', '27', '34', '36', '39', '4', '46', '52', '57', '67', '71', '72', '73', '88', '91', '98', '99', '60', '17', '23', '47', '80', '61', '1', '29', '31', '54', '89', '90', '62', '2', '14', '93', '83', '6', '53', '65', '79', '9']"
bqp100_2,IC_2,1.0,1.0,43,"['11', '13', '2', '21', '22', '26', '3', '40', '48', '51', '56', '59', '66', '69', '71', '72', '74', '75', '85', '96', '31', '34', '14', '47', '68', '41', '87', '27', '76', '12', '99', '94', '16', '98', '28', '93', '73', '45', '29', '7', '54', '20', '23']"
bqp100_2,IC_2,10.0,10.0,43,"['11', '13', '2', '21', '22', '26', '3', '31', '34', '40', '48', '51', '56', '59', '66', '69', '71', '72', '74', '75', '85', '96', '14', '47', '68', '41', '87', '27', '76', '12', '99', '94', '16', '98', '28', '93', '73', '45', '29', '7', '54', '20', '23']"
bqp100_3,IC_2,1.0,1.0,44,"['1', '18', '23', '25', '31', '33', '34', '36', '46', '47', '50', '53', '58', '63', '65', '9', '98', '52', '10', '56', '57', '74', '76', '40', '19', '39', '59', '6', '20', '71', '82', '86', '38', '35', '77', '8', '60', '0', '26', '81', '45', '22', '73', '43']"
bqp100_3,IC_2,10.0,10.0,44,"['1', '10', '18', '23', '25', '31', '33', '34', '36', '46', '47', '50', '52', '53', '56', '57', '58', '63', '65', '9', '98', '74', '76', '40', '19', '39', '59', '6', '20', '71', '82', '86', '38', '35', '77', '8', '60', '0', '26', '81', '45', '22', '73', '43']"
bqp100_4,IC_2,1.0,1.0,42,"['23', '3', '32', '4', '42', '44', '45', '48', '58', '6', '66', '70', '75', '79', '81', '85', '94', '8', '22', '99', '46', '61', '10', '37', '97', '24', '35', '11', '54', '86', '43', '20', '34', '21', '36', '14', '68', '73', '64', '92', '30', '69']"
bqp100_4,IC_2,10.0,10.0,42,"['22', '23', '3', '32', '4', '42', '44', '45', '48', '58', '6', '66', '70', '75', '79', '8', '81', '85', '94', '99', '46', '61', '10', '37', '97', '24', '35', '11', '54', '86', '43', '20', '34', '21', '36', '14', '68', '73', '64', '92', '30', '69']"
bqp100_5,IC_2,1.0,1.0,43,"['0', '14', '15', '18', '19', '27', '3', '32', '33', '34', '42', '45', '55', '63', '77', '87', '91', '96', '94', '51', '38', '26', '41', '52', '61', '20', '6', '12', '29', '78', '2', '25', '56', '48', '68', '57', '84', '70', '88', '76', '99', '60', '21']"
bqp100_5,IC_2,10.0,10.0,43,"['0', '14', '15', '18', '19', '27', '3', '32', '33', '34', '38', '42', '45', '51', '55', '63', '77', '87', '91', '94', '96', '26', '41', '52', '61', '20', '6', '12', '29', '78', '2', '25', '56', '48', '68', '57', '84', '70', '88', '76', '99', '60', '21']"
bqp100_6,IC_2,1.0,1.0,45,"['0', '13', '18', '2', '30', '4', '48', '50', '53', '55', '66', '68', '72', '73', '8', '83', '9', '97', '63', '14', '34', '82', '76', '64', '15', '96', '56', '59', '1', '33', '45', '17', '93', '52', '10', '67', '98', '99', '25', '44', '90', '94', '47', '46', '43']"
bqp100_6,IC_2,10.0,10.0,45,"['0', '13', '14', '18', '2', '30', '34', '4', '48', '50', '53', '55', '63', '66', '68', '72', '73', '8', '82', '83', '9', '97', '76', '64', '15', '96', '56', '59', '1', '33', '45', '17', '93', '52', '10', '67', '98', '99', '25', '44', '90', '94', '47', '46', '43']"
bqp100_7,IC_2,1.0,1.0,44,"['1', '13', '2', '20', '23', '4', '42', '46', '57', '60', '61', '75', '8', '9', '93', '95', '96', '18', '87', '44', '31', '36', '51', '52', '28', '86', '94', '22', '40', '33', '68', '38', '84', '53', '80', '37', '77', '27', '16', '76', '21', '7', '56', '34']"
bqp100_7,IC_2,10.0,10.0,44,"['1', '13', '18', '2', '20', '23', '31', '36', '4', '42', '44', '46', '57', '60', '61', '75', '8', '87', '9', '93', '95', '96', '51', '52', '28', '86', '94', '22', '40', '33', '68', '38', '84', '53', '80', '37', '77', '27', '16', '76', '21', '7', '56', '34']"
bqp100_8,IC_2,1.0,1.0,45,"['13', '14', '17', '25', '48', '54', '56', '61', '70', '71', '72', '76', '77', '80', '83', '93', '99', '68', '90', '27', '9', '18', '5', '15', '65', '40', '41', '95', '75', '6', '36', '92', '22', '79', '39', '11', '29', '58', '33', '50', '81', '34', '94', '74', '21']"
bqp100_8,IC_2,10.0,10.0,45,"['13', '14', '17', '25', '27', '48', '54', '56', '61', '68', '70', '71', '72', '76', '77', '80', '83', '9', '90', '93', '99', '18', '5', '15', '65', '40', '41', '95', '75', '6', '36', '92', '22', '79', '39', '11', '29', '58', '33', '50', '81', '34', '94', '74', '21']"
bqp100_9,IC_2,1.0,1.0,45,"['14', '18', '20', '24', '32', '33', '34', '43', '5', '53', '54', '57', '60', '69', '73', '81', '83', '87', '95', '99', '68', '45', '48', '13', '10', '19', '61', '62', '64', '7', '30', '12', '35', '75', '93', '4', '6', '98', '15', '96', '11', '47', '17', '74', '39']"
bqp100_9,IC_2,10.0,10.0,45,"['13', '14', '18', '20', '24', '32', '33', '34', '43', '45', '48', '5', '53', '54', '57', '60', '68', '69', '73', '81', '83', '87', '95', '99', '10', '19', '61', '62', '64', '7', '30', '12', '35', '75', '93', '4', '6', '98', '15', '96', '11', '47', '17', '74', '39']"
bqp100_10,IC_2,1.0,1.0,45,"['19', '21', '28', '33', '39', '4', '50', '54', '57', '63', '66', '74', '75', '78', '79', '80', '81', '92', '42', '90', '91', '99', '55', '97', '58', '6', '12', '62', '64', '67', '71', '46', '89', '17', '18', '31', '47', '11', '43', '20', '45', '40', '36', '65', '49']"
bqp100_10,IC_2,10.0,10.0,45,"['19', '21', '28', '33', '39', '4', '42', '50', '54', '57', '63', '66', '74', '75', '78', '79', '80', '81', '90', '91', '92', '99', '55', '97', '58', '6', '12', '62', '64', '67', '71', '46', '89', '17', '18', '31', '47', '11', '43', '20', '45', '40', '36', '65', '49']"
