Dataset,Solver,Time,Size,Certificate
aa10,vc,0.1,6,"[0, 1, 9, 13, 15, 20]"
aa10,ic,1,6,"['1', '13', '15', '20', '26', '9']"
aa10,ilp,0,6,"['9', '20', '15', '13', '1', '14']"
aa10,ilp_1t,0,6,"['9', '20', '15', '13', '1', '14']"
aa11,vc,0.1,11,"[0, 1, 8, 12, 15, 16, 17, 19, 23, 28, 82]"
aa11,ic,1,11,"['1', '11', '12', '15', '19', '23', '26', '28', '61', '8', '82']"
aa11,ilp,0.1,11,"['28', '82', '12', '1', '11', '19', '26', '61', '13', '23', '15']"
aa11,ilp_1t,0.2,11,"['0', '28', '82', '12', '1', '19', '13', '16', '17', '23', '15']"
aa13,vc,0.2,12,"[0, 38, 45, 46, 49, 51, 53, 56, 61, 67, 68, 69]"
aa13,ic,1,12,"['0', '45', '46', '49', '51', '52', '53', '61', '62', '67', '68', '69']"
aa13,ilp,0.1,12,"['51', '68', '49', '56', '53', '67', '0', '45', '61', '69', '46', '38']"
aa13,ilp_1t,0.1,12,"['51', '55', '49', '53', '67', '0', '45', '61', '63', '69', '46', '38']"
aa14,vc,0.2,19,"[1, 22, 30, 31, 33, 35, 36, 38, 39, 47, 49, 50, 53, 57, 59, 60, 61, 63, 66]"
aa14,ic,2.2,19,"['1', '22', '30', '31', '33', '36', '38', '39', '45', '49', '50', '53', '57', '59', '60', '61', '62', '63', '66']"
aa14,ilp,0.1,19,"['61', '49', '30', '50', '35', '36', '63', '53', '33', '38', '57', '31', '39', '60', '47', '1', '22', '66', '59']"
aa14,ilp_1t,0.4,19,"['61', '45', '62', '49', '30', '50', '36', '63', '53', '33', '38', '57', '31', '39', '60', '1', '22', '66', '59']"
aa15,vc,0.1,6,"[5, 6, 7, 26, 32, 50]"
aa15,ic,1,6,"['26', '32', '5', '50', '6', '7']"
aa15,ilp,0,6,"['50', '32', '6', '5', '26', '7']"
aa15,ilp_1t,0,6,"['50', '32', '6', '5', '26', '7']"
aa16,vc,0.1,0,[]
aa16,ic,1,0,[]
aa16,ilp,0,0,[]
aa16,ilp_1t,0,0,[]
aa17,vc,0.4,25,"[1, 12, 34, 45, 56, 60, 61, 64, 66, 67, 69, 70, 73, 78, 79, 82, 85, 86, 87, 88, 90, 97, 113, 124, 135]"
aa17,ic,2.7,25,"['1', '101', '102', '113', '12', '135', '23', '34', '45', '60', '61', '62', '63', '65', '68', '69', '70', '71', '72', '73', '74', '78', '79', '86', '97']"
aa17,ilp,0.3,25,"['61', '71', '78', '72', '70', '73', '92', '113', '34', '63', '69', '62', '97', '101', '68', '135', '1', '74', '65', '124', '86', '79', '23', '45', '12']"
aa17,ilp_1t,0.6,25,"['61', '71', '78', '72', '70', '73', '92', '113', '34', '63', '69', '62', '97', '101', '68', '135', '1', '74', '65', '124', '86', '79', '23', '45', '12']"
aa18,vc,0.2,14,"[3, 6, 9, 14, 17, 19, 23, 26, 30, 37, 40, 41, 42, 78]"
aa18,ic,1,14,"['14', '17', '19', '23', '26', '3', '30', '35', '37', '40', '41', '45', '6', '78']"
aa18,ilp,0,14,"['9', '14', '37', '19', '30', '6', '42', '41', '59', '23', '17', '78', '40', '26']"
aa18,ilp_1t,0,14,"['9', '14', '37', '19', '30', '6', '42', '41', '59', '23', '17', '78', '40', '26']"
aa19,vc,0.3,19,"[2, 13, 106, 107, 108, 110, 111, 114, 119, 122, 123, 124, 125, 126, 129, 135, 140, 145, 150]"
aa19,ic,2.9,19,"['106', '107', '108', '110', '111', '114', '119', '122', '123', '124', '125', '126', '13', '135', '137', '140', '145', '150', '2']"
aa19,ilp,0.2,19,"['114', '122', '107', '137', '13', '150', '125', '135', '123', '110', '140', '106', '126', '2', '111', '108', '124', '145', '119']"
aa19,ilp_1t,0.6,19,"['114', '127', '122', '107', '137', '13', '150', '125', '135', '123', '110', '140', '106', '126', '131', '108', '124', '145', '119']"
aa20,vc,0.3,19,"[34, 89, 112, 146, 147, 149, 151, 158, 161, 163, 166, 167, 168, 170, 173, 175, 176, 178, 207]"
aa20,ic,1.1,19,"['112', '146', '147', '149', '151', '158', '161', '163', '166', '167', '168', '170', '173', '175', '176', '178', '207', '34', '89']"
aa20,ilp,0.1,19,"['166', '163', '176', '147', '149', '175', '34', '112', '158', '161', '207', '178', '151', '168', '89', '167', '170', '146', '173']"
aa20,ilp_1t,0.5,19,"['166', '163', '176', '147', '149', '175', '34', '112', '158', '161', '207', '178', '151', '168', '89', '167', '170', '146', '173']"
aa21,vc,0.1,0,[]
aa21,ic,1,0,[]
aa21,ilp,0,0,[]
aa21,ilp_1t,0,0,[]
aa22,vc,0.3,16,"[0, 1, 24, 57, 82, 83, 84, 88, 89, 92, 93, 97, 103, 109, 110, 129]"
aa22,ic,1,16,"['0', '1', '103', '109', '110', '129', '24', '57', '82', '83', '84', '88', '89', '92', '93', '97']"
aa22,ilp,0.1,16,"['92', '140', '1', '0', '93', '24', '84', '83', '82', '88', '103', '89', '57', '97', '109', '79']"
aa22,ilp_1t,0.1,16,"['129', '92', '140', '1', '0', '93', '24', '84', '83', '82', '88', '103', '89', '57', '97', '109']"
aa23,vc,0.2,18,"[2, 49, 52, 55, 58, 61, 67, 70, 72, 75, 78, 80, 81, 82, 84, 85, 92, 93]"
aa23,ic,1.1,18,"['111', '2', '49', '52', '55', '58', '61', '67', '69', '70', '72', '78', '80', '82', '84', '85', '92', '93']"
aa23,ilp,0.1,18,"['61', '82', '58', '80', '93', '67', '2', '72', '70', '92', '49', '85', '111', '55', '75', '78', '52', '84']"
aa23,ilp_1t,0.2,18,"['61', '82', '58', '80', '93', '67', '2', '72', '70', '92', '49', '85', '111', '55', '75', '78', '52', '84']"
aa24,vc,0.3,21,"[1, 45, 56, 110, 144, 181, 185, 186, 187, 189, 190, 192, 193, 194, 208, 214, 221, 223, 229, 230, 236]"
aa24,ic,1.6,21,"['1', '110', '144', '181', '185', '186', '187', '189', '190', '192', '193', '194', '208', '214', '221', '223', '229', '230', '236', '45', '56']"
aa24,ilp,0.1,21,"['181', '192', '56', '144', '193', '208', '45', '223', '230', '221', '187', '194', '185', '214', '236', '1', '186', '110', '229', '189', '190']"
aa24,ilp_1t,0.2,21,"['181', '192', '56', '144', '193', '208', '45', '223', '230', '221', '187', '194', '185', '214', '236', '1', '186', '110', '229', '189', '190']"
aa25,vc,0.1,0,[]
aa25,ic,1,0,[]
aa25,ilp,0,0,[]
aa25,ilp_1t,0,0,[]
aa26,vc,0.2,13,"[1, 2, 17, 21, 24, 28, 29, 30, 32, 34, 36, 37, 38]"
aa26,ic,1,13,"['0', '1', '17', '2', '21', '24', '28', '29', '30', '32', '36', '37', '38']"
aa26,ilp,0.1,13,"['36', '34', '24', '0', '31', '17', '2', '38', '28', '21', '1', '14', '23']"
aa26,ilp_1t,0.1,13,"['36', '34', '24', '0', '31', '17', '2', '38', '28', '21', '1', '14', '23']"
aa27,vc,0.2,11,"[0, 2, 24, 31, 34, 37, 42, 45, 46, 56, 75]"
aa27,ic,1,11,"['0', '2', '32', '34', '37', '42', '43', '45', '46', '60', '75']"
aa27,ilp,0.2,11,"['75', '0', '32', '60', '43', '42', '37', '45', '46', '2', '34']"
aa27,ilp_1t,0.5,11,"['75', '0', '32', '60', '43', '42', '37', '45', '46', '2', '34']"
aa28,vc,0.3,27,"[23, 45, 56, 67, 76, 77, 78, 84, 85, 89, 91, 92, 93, 98, 99, 102, 108, 109, 114, 115, 118, 120, 123, 124, 125, 129, 143]"
aa28,ic,1.2,27,"['1', '102', '108', '109', '114', '118', '120', '123', '124', '125', '129', '143', '23', '45', '56', '67', '76', '77', '78', '84', '85', '89', '91', '92', '93', '98', '99']"
aa28,ilp,0.1,27,"['114', '129', '92', '23', '108', '118', '1', '56', '98', '93', '84', '143', '67', '77', '120', '76', '45', '89', '78', '99', '125', '91', '85', '123', '102', '124', '109']"
aa28,ilp_1t,0.9,27,"['114', '129', '92', '23', '108', '118', '1', '56', '98', '93', '84', '143', '67', '77', '120', '76', '45', '89', '78', '99', '125', '91', '85', '123', '102', '124', '109']"
aa29,vc,0.4,21,"[2, 56, 67, 89, 123, 134, 188, 200, 204, 207, 210, 212, 215, 218, 222, 228, 229, 232, 233, 241, 244]"
aa29,ic,1.1,21,"['123', '134', '188', '2', '200', '204', '207', '210', '212', '215', '218', '222', '228', '232', '233', '241', '244', '45', '56', '67', '89']"
aa29,ilp,0.1,21,"['241', '67', '134', '232', '233', '123', '188', '210', '45', '2', '244', '218', '89', '207', '204', '200', '228', '222', '215', '214', '56']"
aa29,ilp_1t,0.3,21,"['241', '67', '134', '232', '233', '123', '188', '210', '45', '2', '244', '218', '89', '207', '204', '200', '228', '222', '215', '212', '56']"
aa30,vc,0.1,3,"[1, 13, 26]"
aa30,ic,1,3,"['26', '3', '7']"
aa30,ilp,0,3,"['3', '7', '26']"
aa30,ilp_1t,0,3,"['3', '7', '26']"
aa31,vc,0.1,0,[]
aa31,ic,1,0,[]
aa31,ilp,0,0,[]
aa31,ilp_1t,0,0,[]
aa32,vc,0.8,30,"[1, 2, 24, 61, 65, 66, 67, 77, 78, 79, 80, 82, 84, 88, 89, 90, 91, 92, 94, 95, 96, 98, 99, 100, 103, 104, 105, 107, 108, 113]"
aa32,ic,4.6,30,"['0', '1', '100', '102', '103', '104', '105', '106', '107', '108', '109', '2', '24', '56', '59', '63', '64', '65', '67', '68', '69', '72', '75', '77', '78', '79', '82', '85', '92', '96']"
aa32,ilp,0.5,30,"['61', '64', '82', '67', '2', '72', '24', '102', '104', '105', '92', '100', '81', '108', '77', '85', '63', '69', '65', '96', '0', '75', '68', '78', '107', '56', '1', '103', '59', '79']"
aa32,ilp_1t,1.2,30,"['61', '64', '82', '67', '2', '72', '24', '102', '104', '105', '92', '100', '81', '108', '77', '85', '63', '69', '65', '96', '0', '75', '68', '78', '107', '56', '1', '103', '59', '79']"
aa33,vc,0.1,4,"[113, 122, 123, 125]"
aa33,ic,1,4,"['113', '122', '123', '125']"
aa33,ilp,0,4,"['122', '125', '123', '113']"
aa33,ilp_1t,0,4,"['122', '125', '123', '113']"
aa34,vc,0.2,13,"[13, 35, 40, 42, 46, 47, 48, 54, 59, 64, 65, 66, 67]"
aa34,ic,1,13,"['13', '35', '40', '42', '46', '47', '48', '54', '56', '59', '64', '65', '67']"
aa34,ilp,0.1,13,"['48', '42', '47', '64', '67', '66', '35', '40', '13', '54', '65', '46', '59']"
aa34,ilp_1t,0.2,13,"['48', '42', '47', '64', '56', '67', '35', '40', '13', '54', '65', '46', '59']"
aa35,vc,0.2,10,"[0, 5, 6, 13, 14, 17, 20, 24, 26, 32]"
aa35,ic,1,10,"['0', '13', '14', '17', '20', '24', '26', '32', '5', '6']"
aa35,ilp,0,10,"['24', '6', '26', '20', '5', '17', '13', '32', '14', '3']"
aa35,ilp_1t,0,10,"['24', '6', '26', '20', '5', '17', '13', '32', '14', '3']"
aa36,vc,0.1,7,"[1, 15, 22, 24, 35, 37, 39]"
aa36,ic,1,7,"['0', '1', '15', '22', '24', '35', '39']"
aa36,ilp,0,7,"['0', '1', '24', '39', '35', '15', '22']"
aa36,ilp_1t,0,7,"['0', '1', '24', '39', '35', '15', '22']"
aa37,vc,0.1,2,"[1, 9]"
aa37,ic,1,2,"['1', '11']"
aa37,ilp,0,2,"['11', '1']"
aa37,ilp_1t,0,2,"['11', '1']"
aa38,vc,0.3,26,"[0, 78, 81, 83, 86, 87, 90, 91, 94, 100, 104, 105, 107, 108, 114, 115, 116, 117, 119, 121, 124, 130, 131, 132, 134, 139]"
aa38,ic,2.2,27,"['0', '100', '104', '105', '107', '108', '114', '115', '116', '117', '118', '119', '120', '121', '124', '128', '131', '132', '134', '139', '81', '83', '86', '87', '90', '91', '94']"
aa38,ilp,0.1,26,"['131', '115', '83', '90', '105', '104', '94', '100', '130', '87', '108', '81', '91', '0', '139', '134', '114', '132', '116', '125', '117', '107', '121', '124', '119', '86']"
aa38,ilp_1t,0.4,26,"['131', '115', '83', '90', '105', '104', '94', '100', '130', '87', '108', '81', '128', '91', '0', '139', '134', '114', '132', '116', '117', '107', '121', '124', '119', '86']"
aa39,vc,0.3,23,"[13, 24, 35, 52, 56, 58, 59, 60, 62, 63, 64, 67, 68, 69, 70, 71, 72, 76, 82, 90, 91, 119, 130]"
aa39,ic,1.4,23,"['119', '13', '130', '24', '35', '39', '52', '56', '58', '59', '60', '62', '63', '64', '67', '68', '69', '70', '71', '72', '76', '82', '90']"
aa39,ilp,0.1,23,"['63', '62', '52', '72', '60', '119', '91', '56', '90', '100', '64', '24', '130', '71', '69', '99', '13', '35', '58', '59', '70', '68', '67']"
aa39,ilp_1t,0.7,23,"['63', '62', '52', '82', '72', '60', '119', '91', '56', '90', '64', '24', '130', '71', '69', '76', '13', '35', '58', '59', '70', '68', '67']"
aa40,vc,0.3,22,"[2, 46, 50, 53, 60, 63, 64, 66, 68, 69, 74, 77, 78, 81, 84, 85, 86, 88, 91, 92, 94, 95]"
aa40,ic,1.5,22,"['2', '46', '52', '53', '63', '64', '68', '69', '74', '77', '81', '82', '84', '85', '86', '88', '91', '92', '93', '94', '95', '97']"
aa40,ilp,0.1,22,"['86', '94', '92', '68', '81', '64', '53', '84', '74', '52', '88', '82', '63', '78', '69', '91', '46', '85', '77', '97', '95', '2']"
aa40,ilp_1t,0.3,22,"['86', '94', '92', '68', '50', '81', '64', '53', '84', '74', '88', '82', '63', '78', '69', '91', '46', '85', '77', '97', '95', '2']"
aa41,vc,0.9,40,"[2, 4, 6, 9, 10, 13, 15, 18, 25, 26, 40, 51, 83, 94, 105, 106, 149, 215, 219, 221, 222, 223, 228, 234, 237, 238, 239, 240, 241, 242, 244, 245, 247, 251, 252, 253, 254, 257, 258, 259]"
aa41,ic,18.6,40,"['10', '105', '106', '13', '149', '15', '18', '2', '215', '219', '221', '222', '223', '228', '234', '237', '238', '239', '240', '241', '242', '244', '245', '247', '25', '251', '252', '253', '254', '257', '258', '259', '26', '4', '40', '51', '6', '83', '9', '94']"
aa41,ilp,0.7,40,"['254', '83', '241', '40', '224', '105', '149', '191', '4', '10', '51', '259', '1', '6', '202', '242', '258', '26', '2', '15', '252', '244', '62', '251', '94', '234', '9', '240', '237', '106', '25', '226', '253', '245', '222', '18', '215', '223', '247', '257']"
aa41,ilp_1t,2.2,40,"['254', '83', '219', '241', '40', '105', '149', '4', '238', '10', '51', '259', '6', '242', '258', '26', '2', '15', '252', '244', '251', '221', '94', '234', '218', '9', '240', '237', '106', '25', '239', '228', '13', '253', '245', '222', '18', '223', '247', '257']"
aa42,vc,0.4,30,"[12, 23, 78, 100, 111, 123, 153, 154, 155, 163, 164, 167, 170, 176, 179, 189, 191, 192, 193, 195, 199, 200, 204, 210, 211, 214, 215, 216, 218, 222]"
aa42,ic,9.9,30,"['100', '111', '12', '123', '154', '158', '162', '164', '179', '182', '183', '189', '191', '192', '193', '195', '199', '200', '204', '210', '211', '213', '214', '215', '216', '218', '222', '223', '23', '78']"
aa42,ilp,0.3,30,"['192', '195', '206', '193', '164', '210', '200', '199', '163', '221', '162', '216', '215', '166', '12', '204', '123', '145', '100', '214', '218', '179', '222', '183', '78', '211', '158', '182', '191', '111']"
aa42,ilp_1t,1.2,30,"['192', '195', '193', '213', '164', '210', '200', '199', '163', '23', '162', '216', '215', '12', '204', '123', '100', '214', '218', '179', '222', '189', '183', '78', '211', '154', '158', '182', '191', '111']"
aa43,vc,0.2,18,"[1, 3, 9, 10, 14, 15, 16, 21, 22, 23, 25, 26, 27, 32, 34, 35, 40, 51]"
aa43,ic,1,19,"['1', '11', '13', '14', '15', '17', '19', '21', '23', '25', '26', '27', '3', '32', '40', '6', '7', '8', '9']"
aa43,ilp,0.1,18,"['51', '21', '26', '23', '27', '22', '35', '16', '32', '40', '25', '34', '1', '14', '15', '9', '3', '10']"
aa43,ilp_1t,0.1,18,"['51', '21', '26', '23', '27', '22', '35', '16', '32', '40', '25', '34', '1', '14', '15', '9', '3', '10']"
aa44,vc,0.1,10,"[0, 6, 9, 16, 19, 20, 22, 24, 25, 41]"
aa44,ic,1,10,"['0', '16', '19', '20', '22', '24', '25', '41', '6', '9']"
aa44,ilp,0.1,10,"['25', '24', '41', '9', '15', '16', '17', '19', '22', '52']"
aa44,ilp_1t,0.1,10,"['25', '24', '41', '9', '0', '20', '16', '19', '6', '22']"
aa45,vc,0.2,20,"[3, 4, 10, 13, 14, 15, 16, 17, 18, 20, 23, 24, 27, 28, 30, 31, 33, 37, 38, 59]"
aa45,ic,1.1,20,"['10', '13', '14', '15', '16', '17', '18', '20', '23', '27', '28', '3', '30', '31', '32', '33', '37', '38', '4', '59']"
aa45,ilp,0.1,20,"['59', '10', '14', '37', '4', '3', '20', '31', '38', '32', '28', '13', '16', '18', '27', '33', '30', '23', '17', '15']"
aa45,ilp_1t,0.2,20,"['59', '10', '14', '37', '4', '3', '20', '31', '38', '32', '28', '13', '16', '18', '27', '33', '30', '23', '17', '15']"
aa46,vc,0.3,13,"[0, 1, 71, 72, 73, 75, 78, 81, 82, 86, 105, 114, 117]"
aa46,ic,1,13,"['0', '1', '105', '114', '117', '71', '72', '73', '75', '78', '81', '82', '86']"
aa46,ilp,0.1,13,"['86', '114', '81', '117', '1', '75', '105', '0', '82', '73', '78', '72', '71']"
aa46,ilp_1t,0.1,13,"['86', '114', '81', '117', '1', '75', '105', '0', '82', '73', '78', '72', '71']"
aa47,vc,0.1,13,"[10, 11, 12, 14, 15, 21, 24, 25, 26, 29, 30, 39, 45]"
aa47,ic,1,13,"['10', '11', '12', '14', '15', '21', '24', '25', '26', '29', '30', '39', '45']"
aa47,ilp,0,13,"['25', '12', '24', '26', '15', '40', '10', '45', '39', '21', '30', '14', '29']"
aa47,ilp_1t,0,13,"['25', '12', '24', '26', '15', '40', '10', '45', '39', '21', '30', '14', '29']"
aa48,vc,0.2,17,"[0, 8, 9, 11, 12, 13, 15, 17, 21, 28, 29, 30, 31, 33, 35, 42, 75]"
aa48,ic,1,17,"['0', '1', '10', '11', '13', '14', '17', '20', '21', '23', '26', '28', '29', '3', '33', '34', '36']"
aa48,ilp,0.1,17,"['75', '9', '0', '29', '28', '31', '12', '13', '21', '33', '34', '42', '36', '30', '11', '17', '15']"
aa48,ilp_1t,0.1,17,"['1', '75', '9', '10', '14', '0', '29', '3', '28', '12', '13', '21', '25', '33', '34', '11', '17']"
aa49,vc,0.1,0,[]
aa49,ic,1,0,[]
aa49,ilp,0,0,[]
aa49,ilp_1t,0,0,[]
aa50,vc,0.2,18,"[13, 23, 28, 29, 30, 35, 40, 42, 43, 46, 56, 58, 61, 62, 68, 69, 75, 86]"
aa50,ic,1,18,"['13', '23', '26', '28', '29', '30', '35', '38', '40', '42', '46', '56', '58', '61', '62', '68', '69', '75']"
aa50,ilp,0.1,18,"['61', '46', '26', '58', '40', '62', '30', '42', '35', '69', '38', '13', '28', '75', '68', '29', '56', '23']"
aa50,ilp_1t,0.3,18,"['61', '46', '43', '58', '40', '62', '30', '42', '35', '69', '13', '28', '75', '68', '29', '56', '86', '23']"
aa51,vc,0.1,11,"[1, 3, 5, 19, 20, 21, 32, 38, 39, 50, 61]"
aa51,ic,1,11,"['1', '19', '20', '21', '3', '32', '38', '39', '5', '50', '61']"
aa51,ilp,0,11,"['1', '50', '3', '61', '20', '38', '32', '19', '21', '39', '5']"
aa51,ilp_1t,0,11,"['1', '50', '3', '61', '20', '38', '32', '19', '21', '39', '5']"
aa52,vc,0.1,12,"[0, 1, 5, 6, 12, 13, 16, 17, 20, 21, 26, 27]"
aa52,ic,1,12,"['0', '1', '12', '13', '16', '17', '20', '21', '26', '27', '5', '6']"
aa52,ilp,0.1,12,"['21', '13', '12', '27', '5', '16', '1', '20', '6', '17', '0', '26']"
aa52,ilp_1t,0.1,12,"['21', '13', '12', '27', '5', '16', '1', '20', '6', '17', '0', '26']"
aa53,vc,0.1,12,"[4, 8, 17, 20, 21, 25, 27, 28, 29, 32, 33, 38]"
aa53,ic,1,12,"['17', '20', '21', '25', '27', '28', '29', '32', '33', '38', '4', '8']"
aa53,ilp,0.1,12,"['25', '27', '38', '4', '20', '33', '17', '28', '35', '18', '21', '29']"
aa53,ilp_1t,0.1,12,"['25', '27', '38', '4', '20', '33', '17', '28', '18', '21', '32', '29']"
aa54,vc,0.2,12,"[5, 8, 9, 12, 13, 14, 21, 24, 26, 31, 36, 38]"
aa54,ic,1,13,"['11', '13', '14', '19', '21', '24', '26', '31', '38', '39', '40', '7', '8']"
aa54,ilp,0.1,12,"['9', '14', '31', '38', '12', '13', '21', '24', '8', '5', '36', '26']"
aa54,ilp_1t,0.4,12,"['9', '14', '31', '38', '12', '13', '21', '24', '8', '5', '36', '26']"
b-100_1,vc,101.5,41,"[0, 2, 4, 5, 6, 7, 10, 15, 19, 25, 26, 30, 33, 34, 40, 42, 45, 48, 53, 54, 55, 57, 58, 59, 61, 65, 66, 67, 70, 71, 72, 74, 77, 82, 85, 88, 92, 95, 96, 98, 99]"
b-100_1,ilp,18,41,"['12', '33', '94', '19', '41', '92', '9', '43', '50', '22', '47', '98', '5', '16', '66', '1', '28', '53', '25', '93', '84', '87', '26', '76', '35', '40', '74', '52', '32', '78', '69', '72', '7', '97', '70', '79', '30', '95', '2', '65', '10']"
b-100_1,ilp_1t,79.5,41,"['11', '55', '48', '33', '19', '42', '92', '9', '22', '98', '5', '66', '34', '20', '6', '53', '14', '15', '57', '36', '0', '26', '40', '74', '88', '45', '61', '54', '82', '72', '99', '58', '85', '70', '95', '71', '4', '2', '96', '37', '59']"
b-100_10,vc,195.4,44,"[2, 4, 5, 7, 8, 10, 14, 15, 21, 25, 26, 27, 28, 29, 33, 34, 38, 43, 45, 46, 47, 50, 51, 52, 53, 56, 60, 61, 62, 71, 72, 73, 74, 77, 78, 79, 80, 83, 84, 86, 90, 92, 93, 99]"
b-100_10,ilp,66.3,44,"['21', '83', '45', '11', '26', '80', '67', '38', '72', '16', '43', '62', '73', '19', '61', '44', '92', '87', '30', '14', '77', '25', '34', '63', '69', '65', '96', '99', '33', '76', '10', '13', '51', '90', '53', '27', '60', '75', '29', '6', '8', '2', '56', '79']"
b-100_10,ilp_1t,478.4,44,"['71', '46', '98', '83', '45', '11', '80', '93', '67', '38', '72', '73', '19', '92', '87', '30', '91', '37', '50', '85', '35', '48', '77', '25', '63', '69', '4', '0', '99', '33', '10', '51', '53', '27', '60', '28', '75', '68', '78', '1', '52', '32', '56', '79']"
b-100_2,vc,190.8,42,"[2, 3, 5, 6, 7, 8, 14, 15, 19, 21, 22, 23, 24, 25, 28, 30, 35, 36, 40, 43, 44, 45, 46, 47, 52, 58, 63, 66, 67, 68, 70, 71, 72, 73, 74, 84, 85, 86, 87, 89, 94, 96]"
b-100_2,ilp,44.1,42,"['63', '94', '52', '4', '28', '72', '74', '70', '96', '25', '44', '8', '5', '47', '6', '73', '66', '43', '89', '21', '19', '40', '24', '71', '84', '3', '68', '85', '58', '35', '45', '46', '2', '36', '30', '86', '23', '15', '22', '7', '67', '87']"
b-100_2,ilp_1t,159.2,42,"['63', '94', '52', '14', '28', '72', '74', '70', '96', '25', '8', '5', '47', '6', '73', '66', '43', '89', '21', '19', '40', '24', '71', '84', '3', '68', '85', '58', '35', '45', '46', '2', '36', '30', '97', '86', '23', '15', '22', '7', '67', '87']"
b-100_3,vc,252.8,42,"[0, 1, 2, 9, 10, 11, 13, 16, 18, 19, 25, 28, 29, 30, 35, 41, 42, 43, 45, 46, 48, 49, 53, 59, 60, 61, 62, 65, 71, 74, 75, 78, 80, 81, 85, 89, 91, 95, 96, 97, 98, 99]"
b-100_3,ilp,24.5,42,"['80', '11', '48', '19', '42', '41', '9', '43', '81', '98', '16', '1', '49', '28', '53', '25', '62', '89', '0', '35', '74', '45', '13', '61', '29', '78', '99', '60', '91', '46', '75', '85', '97', '18', '30', '95', '71', '2', '96', '65', '10', '59']"
b-100_3,ilp_1t,58,42,"['80', '11', '48', '33', '19', '42', '41', '9', '43', '81', '98', '16', '1', '49', '56', '28', '53', '25', '15', '62', '89', '0', '27', '35', '74', '45', '13', '82', '29', '63', '78', '69', '60', '46', '75', '85', '97', '18', '30', '2', '96', '10']"
b-100_4,vc,212.7,41,"[2, 6, 7, 10, 14, 16, 17, 25, 26, 29, 30, 31, 33, 34, 37, 39, 40, 41, 43, 44, 46, 48, 50, 53, 54, 57, 63, 65, 68, 69, 72, 73, 78, 79, 80, 83, 87, 92, 94, 95, 96]"
b-100_4,ilp,36.7,41,"['46', '26', '80', '40', '72', '16', '17', '43', '73', '94', '44', '87', '30', '14', '37', '50', '42', '85', '7', '48', '25', '34', '63', '54', '41', '69', '65', '96', '31', '33', '10', '57', '53', '39', '68', '29', '78', '6', '2', '86', '79']"
b-100_4,ilp_1t,176.8,41,"['21', '83', '26', '80', '15', '40', '72', '16', '17', '73', '94', '44', '49', '30', '14', '37', '50', '42', '7', '48', '25', '34', '63', '54', '41', '69', '65', '96', '31', '10', '57', '53', '39', '95', '68', '29', '78', '1', '6', '2', '79']"
b-100_5,vc,217.6,42,"[3, 6, 10, 11, 13, 17, 18, 21, 26, 27, 28, 29, 31, 32, 33, 34, 35, 40, 41, 43, 44, 45, 53, 56, 60, 62, 65, 69, 71, 75, 76, 78, 82, 86, 87, 88, 89, 90, 91, 93, 94, 96]"
b-100_5,ilp,51.8,42,"['75', '50', '94', '52', '14', '0', '4', '28', '48', '12', '74', '32', '91', '27', '1', '47', '6', '73', '43', '10', '19', '40', '83', '77', '26', '37', '3', '68', '85', '65', '58', '76', '69', '51', '35', '16', '20', '46', '86', '23', '15', '7']"
b-100_5,ilp_1t,246,42,"['75', '50', '94', '59', '52', '0', '28', '32', '60', '96', '56', '93', '88', '27', '90', '6', '41', '66', '64', '89', '21', '40', '26', '71', '65', '58', '76', '69', '13', '51', '35', '78', '45', '20', '34', '30', '11', '86', '23', '22', '18', '87']"
b-100_6,vc,150.1,43,"[0, 1, 5, 7, 8, 9, 10, 12, 18, 24, 27, 28, 37, 40, 41, 42, 43, 46, 49, 51, 52, 59, 61, 63, 64, 65, 68, 70, 72, 78, 80, 81, 82, 83, 85, 89, 91, 93, 94, 96, 97, 98, 99]"
b-100_6,ilp,74.5,43,"['80', '12', '33', '19', '92', '68', '9', '43', '81', '22', '98', '5', '64', '83', '49', '28', '93', '89', '36', '3', '0', '27', '40', '74', '52', '13', '54', '31', '82', '63', '78', '72', '46', '85', '97', '71', '4', '8', '96', '37', '65', '10', '59']"
b-100_6,ilp_1t,223.3,43,"['86', '51', '12', '94', '42', '92', '9', '43', '23', '22', '66', '64', '83', '1', '49', '28', '24', '62', '89', '90', '0', '27', '52', '61', '31', '82', '63', '78', '60', '58', '91', '46', '85', '97', '18', '70', '79', '2', '8', '96', '37', '10', '59']"
b-100_7,vc,189,42,"[1, 3, 4, 12, 13, 15, 16, 21, 24, 25, 26, 29, 30, 32, 37, 39, 43, 47, 55, 57, 58, 63, 64, 67, 70, 71, 72, 75, 76, 77, 78, 79, 80, 83, 87, 88, 89, 93, 94, 95, 96, 99]"
b-100_7,ilp,69.4,42,"['21', '71', '83', '26', '58', '80', '93', '15', '16', '43', '73', '88', '94', '44', '30', '14', '37', '35', '89', '25', '63', '65', '96', '4', '0', '31', '33', '13', '90', '53', '39', '28', '75', '95', '47', '78', '32', '8', '2', '86', '55', '12']"
b-100_7,ilp_1t,270.1,42,"['83', '93', '67', '15', '16', '43', '5', '94', '49', '30', '91', '14', '37', '42', '48', '89', '25', '34', '9', '63', '54', '96', '4', '0', '31', '20', '99', '76', '10', '13', '57', '53', '97', '95', '18', '78', '22', '52', '8', '86', '79', '12']"
b-100_8,vc,368.7,43,"[5, 6, 7, 9, 13, 18, 19, 27, 28, 29, 33, 34, 37, 38, 42, 45, 46, 50, 52, 53, 55, 56, 58, 63, 65, 68, 69, 70, 73, 75, 77, 79, 82, 84, 85, 86, 89, 90, 92, 93, 94, 96, 97]"
b-100_8,ilp,58.1,43,"['50', '52', '82', '79', '70', '96', '56', '91', '33', '90', '5', '1', '6', '73', '41', '29', '54', '49', '10', '42', '31', '19', '24', '77', '92', '26', '37', '99', '39', '61', '3', '68', '65', '69', '62', '45', '2', '34', '36', '55', '86', '18', '7']"
b-100_8,ilp_1t,209.6,43,"['63', '50', '94', '52', '82', '79', '70', '96', '56', '91', '33', '90', '5', '47', '6', '73', '29', '54', '49', '42', '31', '19', '24', '77', '92', '26', '37', '84', '99', '39', '61', '3', '68', '65', '69', '62', '45', '2', '34', '36', '86', '18', '7']"
b-100_9,vc,333.5,44,"[0, 2, 3, 4, 5, 7, 10, 14, 15, 17, 18, 20, 22, 25, 26, 27, 28, 29, 32, 35, 36, 37, 38, 44, 47, 48, 49, 50, 52, 53, 56, 64, 65, 66, 70, 71, 73, 75, 80, 82, 84, 85, 93, 97]"
b-100_9,ilp,97.7,44,"['80', '50', '22', '47', '5', '16', '66', '64', '20', '49', '56', '53', '17', '14', '15', '93', '84', '36', '3', '0', '26', '44', '27', '35', '40', '74', '52', '61', '32', '82', '73', '29', '99', '75', '7', '97', '18', '38', '70', '71', '4', '2', '37', '10']"
b-100_9,ilp_1t,470.5,44,"['80', '33', '9', '50', '47', '5', '66', '49', '56', '28', '53', '17', '14', '15', '93', '57', '36', '3', '0', '26', '44', '27', '35', '40', '52', '13', '61', '31', '32', '82', '73', '29', '99', '58', '75', '7', '97', '18', '71', '4', '2', '37', '65', '10']"
b-50_1,vc,0.2,11,"[0, 6, 7, 16, 17, 26, 31, 37, 38, 42, 46]"
b-50_1,ic,1,11,"['12', '26', '27', '31', '37', '40', '42', '44', '45', '5', '6']"
b-50_1,ilp,0.1,11,"['26', '2', '15', '16', '17', '42', '27', '28', '6', '5', '7']"
b-50_1,ilp_1t,0.2,11,"['34', '24', '41', '0', '26', '45', '42', '27', '6', '44', '37']"
b-50_10,vc,0.2,10,"[1, 4, 9, 10, 13, 16, 20, 30, 32, 40]"
b-50_10,ic,1,10,"['13', '15', '16', '28', '32', '4', '40', '41', '7', '9']"
b-50_10,ilp,0.1,10,"['9', '0', '4', '32', '16', '30', '20', '40', '15', '18']"
b-50_10,ilp_1t,0.1,10,"['9', '0', '4', '32', '16', '30', '20', '40', '15', '18']"
b-50_2,vc,0.1,11,"[1, 2, 14, 20, 22, 24, 25, 27, 36, 41, 43]"
b-50_2,ic,1,11,"['1', '11', '14', '20', '24', '25', '33', '35', '38', '43', '7']"
b-50_2,ilp,0,11,"['28', '33', '43', '46', '35', '7', '25', '38', '1', '20', '24']"
b-50_2,ilp_1t,0,11,"['28', '33', '43', '46', '35', '7', '25', '38', '1', '20', '24']"
b-50_3,vc,0.2,14,"[4, 14, 15, 16, 30, 33, 36, 37, 38, 39, 41, 43, 48, 49]"
b-50_3,ic,1.1,14,"['0', '15', '19', '2', '25', '33', '35', '36', '37', '38', '39', '41', '48', '49']"
b-50_3,ilp,0,14,"['24', '38', '20', '15', '43', '16', '45', '39', '28', '48', '19', '49', '14', '3']"
b-50_3,ilp_1t,0.1,14,"['24', '38', '20', '15', '43', '16', '45', '39', '28', '48', '19', '49', '14', '3']"
b-50_4,vc,0.2,11,"[2, 7, 8, 9, 12, 13, 14, 16, 22, 36, 40]"
b-50_4,ic,1,11,"['12', '13', '16', '30', '36', '37', '40', '43', '5', '6', '9']"
b-50_4,ilp,0.1,11,"['9', '39', '13', '16', '8', '6', '36', '30', '22', '40', '7']"
b-50_4,ilp_1t,0.1,11,"['9', '39', '13', '16', '8', '6', '36', '30', '22', '40', '7']"
b-50_5,vc,0.3,13,"[1, 6, 16, 20, 25, 26, 27, 28, 29, 30, 31, 40, 43]"
b-50_5,ic,1.1,13,"['12', '16', '20', '23', '25', '26', '27', '29', '31', '40', '43', '44', '9']"
b-50_5,ilp,0.2,13,"['21', '28', '13', '42', '29', '44', '27', '46', '25', '34', '1', '49', '30']"
b-50_5,ilp_1t,0.2,13,"['28', '31', '29', '43', '27', '16', '25', '1', '20', '30', '6', '24', '26']"
b-50_6,vc,0.2,9,"[1, 4, 10, 14, 15, 16, 17, 33, 41]"
b-50_6,ic,1,9,"['1', '10', '14', '15', '16', '17', '33', '4', '41']"
b-50_6,ilp,0.1,9,"['41', '4', '15', '33', '10', '17', '1', '14', '8']"
b-50_6,ilp_1t,0.1,9,"['41', '4', '15', '33', '10', '16', '17', '1', '14']"
b-50_7,vc,0.2,9,"[1, 8, 16, 19, 33, 38, 40, 42, 43]"
b-50_7,ic,1,9,"['1', '16', '33', '38', '40', '42', '43', '5', '8']"
b-50_7,ilp,0,9,"['1', '21', '16', '33', '8', '43', '5', '42', '7']"
b-50_7,ilp_1t,0,9,"['1', '16', '33', '8', '38', '43', '5', '42', '40']"
b-50_8,vc,0.3,14,"[0, 4, 6, 8, 9, 11, 17, 18, 19, 22, 29, 31, 45, 48]"
b-50_8,ic,1.4,14,"['0', '11', '16', '17', '22', '29', '31', '4', '40', '45', '48', '6', '8', '9']"
b-50_8,ilp,0.1,14,"['11', '31', '48', '19', '29', '9', '6', '17', '22', '45', '0', '4', '8', '18']"
b-50_8,ilp_1t,0.2,14,"['11', '31', '48', '19', '29', '9', '16', '6', '17', '22', '45', '0', '4', '8']"
b-50_9,vc,0.2,12,"[4, 8, 9, 11, 15, 18, 22, 24, 29, 32, 36, 37]"
b-50_9,ic,1,12,"['11', '15', '18', '22', '24', '27', '32', '36', '37', '4', '8', '9']"
b-50_9,ilp,0.1,12,"['36', '24', '11', '9', '4', '15', '18', '21', '1', '22', '37', '8']"
b-50_9,ilp_1t,0.1,12,"['36', '24', '11', '9', '4', '15', '18', '21', '1', '22', '37', '8']"
gka_1,vc,0.2,9,"[1, 2, 3, 6, 7, 17, 24, 34, 35]"
gka_1,ic,1,10,"['17', '24', '25', '27', '28', '34', '38', '41', '5', '6']"
gka_1,ilp,0.1,9,"['17', '3', '35', '44', '2', '6', '34', '24', '7']"
gka_1,ilp_1t,0.1,9,"['1', '17', '3', '35', '2', '6', '34', '24', '7']"
gka_10,vc,0.1,8,"[1, 2, 3, 4, 5, 8, 10, 11]"
gka_10,ic,1,8,"['0', '1', '11', '3', '4', '6', '7', '9']"
gka_10,ilp,0,8,"['11', '0', '4', '2', '1', '3', '8', '6']"
gka_10,ilp_1t,0,8,"['11', '0', '4', '1', '3', '6', '10', '5']"
gka_11,vc,0.1,10,"[1, 2, 3, 4, 5, 7, 8, 10, 11, 12]"
gka_11,ic,1,10,"['0', '1', '10', '11', '13', '5', '6', '7', '8', '9']"
gka_11,ilp,0,10,"['1', '8', '13', '2', '11', '10', '9', '7', '4', '5']"
gka_11,ilp_1t,0,10,"['1', '8', '13', '2', '11', '10', '9', '3', '4', '12']"
gka_12,vc,0.1,20,"[1, 3, 4, 5, 6, 7, 8, 9, 10, 11, 12, 13, 14, 15, 16, 17, 19, 20, 21, 23]"
gka_12,ic,1,20,"['1', '10', '11', '12', '13', '14', '16', '17', '18', '19', '20', '21', '22', '23', '3', '4', '5', '6', '7', '8']"
gka_12,ilp,0,20,"['1', '16', '20', '9', '8', '14', '0', '6', '4', '5', '11', '12', '17', '10', '7', '19', '13', '23', '15', '2']"
gka_12,ilp_1t,0,20,"['1', '16', '20', '22', '8', '14', '0', '6', '4', '3', '11', '12', '10', '21', '7', '19', '13', '23', '2', '18']"
gka_13,vc,0.1,16,"[1, 2, 3, 4, 5, 6, 7, 9, 10, 11, 12, 13, 14, 16, 17, 18]"
gka_13,ic,1,16,"['0', '1', '10', '11', '12', '14', '16', '17', '18', '2', '3', '4', '5', '6', '8', '9']"
gka_13,ilp,0,16,"['11', '0', '2', '9', '1', '13', '3', '8', '16', '6', '17', '14', '15', '10', '19', '7']"
gka_13,ilp_1t,0,16,"['11', '4', '2', '9', '1', '13', '3', '17', '12', '14', '15', '10', '5', '19', '7', '18']"
gka_14,vc,0.1,0,[]
gka_14,ic,1,0,[]
gka_14,ilp,0,0,[]
gka_14,ilp_1t,0,0,[]
gka_15,vc,0.1,30,"[1, 2, 3, 4, 5, 6, 7, 8, 9, 10, 11, 12, 13, 14, 15, 16, 18, 19, 20, 21, 22, 23, 24, 25, 26, 27, 29, 31, 32, 33]"
gka_15,ic,1,30,"['0', '1', '10', '11', '12', '13', '14', '15', '16', '17', '18', '2', '20', '21', '22', '23', '25', '26', '27', '28', '29', '3', '30', '31', '32', '4', '5', '7', '8', '9']"
gka_15,ilp,0,30,"['1', '16', '20', '9', '8', '2', '14', '6', '0', '4', '3', '28', '5', '11', '30', '12', '17', '32', '21', '31', '7', '19', '33', '24', '23', '15', '22', '18', '27', '26']"
gka_15,ilp_1t,0,30,"['1', '16', '20', '9', '8', '2', '10', '14', '6', '0', '4', '3', '28', '29', '5', '11', '30', '12', '17', '32', '21', '31', '7', '33', '23', '15', '22', '26', '13', '25']"
gka_16,vc,0.1,0,[]
gka_16,ic,1,0,[]
gka_16,ilp,0,0,[]
gka_16,ilp_1t,0,0,[]
gka_17,vc,0.1,0,[]
gka_17,ic,1,0,[]
gka_17,ilp,0,0,[]
gka_17,ilp_1t,0,0,[]
gka_18,vc,0.1,2,"[1, 4]"
gka_18,ic,1,2,"['3', '5']"
gka_18,ilp,0,2,"['5', '3']"
gka_18,ilp_1t,0,2,"['5', '3']"
gka_19,vc,0.2,31,"[0, 1, 2, 5, 6, 7, 8, 10, 11, 12, 15, 16, 18, 19, 20, 21, 22, 23, 24, 25, 27, 28, 29, 30, 31, 33, 34, 35, 36, 37, 38]"
gka_19,ic,1,31,"['0', '1', '10', '11', '12', '15', '16', '18', '19', '2', '20', '21', '23', '24', '25', '27', '28', '29', '30', '31', '33', '34', '35', '36', '37', '38', '5', '6', '7', '8', '9']"
gka_19,ilp,0,31,"['28', '11', '21', '1', '13', '20', '30', '31', '6', '25', '34', '15', '33', '38', '24', '19', '29', '12', '0', '8', '23', '37', '27', '2', '10', '18', '5', '35', '7', '16', '36']"
gka_19,ilp_1t,0,31,"['28', '11', '21', '1', '13', '20', '30', '31', '6', '25', '34', '15', '33', '38', '24', '19', '29', '12', '0', '8', '23', '37', '27', '2', '10', '18', '5', '35', '7', '16', '36']"
gka_2,vc,0.7,16,"[0, 2, 11, 12, 21, 22, 23, 24, 25, 27, 30, 32, 36, 42, 43, 44]"
gka_2,ic,4.1,16,"['11', '12', '15', '21', '24', '25', '27', '30', '32', '36', '39', '4', '42', '43', '44', '56']"
gka_2,ilp,0.2,16,"['25', '12', '21', '24', '11', '26', '2', '43', '16', '42', '27', '28', '44', '22', '32', '30']"
gka_2,ilp_1t,0.6,16,"['25', '36', '12', '21', '24', '11', '4', '15', '43', '42', '27', '39', '44', '32', '30', '23']"
gka_20,vc,0.6,39,"[1, 2, 3, 4, 5, 6, 7, 8, 10, 11, 12, 13, 14, 15, 16, 17, 19, 20, 21, 22, 23, 26, 28, 29, 30, 31, 32, 34, 35, 36, 37, 39, 41, 42, 43, 44, 46, 48, 49]"
gka_20,ic,1.2,39,"['1', '10', '12', '13', '15', '16', '17', '19', '2', '20', '21', '22', '23', '25', '26', '28', '29', '3', '30', '31', '32', '34', '35', '36', '37', '39', '4', '41', '42', '43', '44', '46', '48', '49', '5', '6', '7', '8', '9']"
gka_20,ilp,0.2,39,"['1', '3', '9', '41', '37', '4', '28', '39', '12', '32', '29', '13', '17', '21', '25', '44', '16', '27', '46', '33', '24', '8', '2', '6', '34', '36', '43', '5', '49', '20', '10', '42', '31', '26', '19', '48', '23', '15', '18']"
gka_20,ilp_1t,0.3,39,"['1', '3', '41', '37', '28', '35', '39', '12', '32', '29', '13', '17', '21', '44', '16', '27', '46', '24', '8', '2', '6', '34', '36', '30', '43', '5', '22', '49', '20', '10', '42', '31', '26', '19', '48', '23', '15', '18', '7']"
gka_21,vc,1.5,40,"[0, 1, 2, 3, 6, 8, 9, 10, 12, 13, 14, 15, 18, 20, 21, 22, 23, 25, 27, 28, 29, 30, 32, 33, 34, 36, 37, 38, 41, 42, 43, 44, 45, 48, 50, 51, 55, 56, 57, 58]"
gka_21,ic,31.2,40,"['0', '1', '10', '12', '13', '14', '15', '18', '2', '20', '21', '22', '23', '27', '28', '29', '3', '30', '31', '32', '33', '34', '36', '37', '38', '41', '42', '43', '44', '45', '48', '50', '51', '52', '55', '56', '57', '6', '8', '9']"
gka_21,ilp,0.3,40,"['21', '28', '55', '13', '54', '31', '12', '48', '33', '41', '29', '42', '43', '22', '58', '46', '25', '38', '1', '20', '56', '30', '6', '17', '14', '15', '24', '37', '9', '57', '36', '2', '3', '8', '0', '44', '27', '10', '18', '59']"
gka_21,ilp_1t,0.6,40,"['21', '28', '55', '13', '54', '31', '12', '48', '33', '41', '29', '42', '43', '22', '58', '46', '25', '38', '1', '20', '56', '30', '6', '17', '14', '15', '24', '37', '9', '57', '36', '2', '3', '8', '0', '44', '27', '10', '18', '59']"
gka_22,vc,5,43,"[0, 1, 3, 5, 7, 8, 9, 10, 11, 13, 14, 15, 21, 22, 23, 24, 28, 29, 30, 31, 32, 33, 35, 36, 37, 39, 40, 41, 44, 45, 47, 48, 53, 54, 55, 57, 58, 61, 63, 64, 66, 68, 69]"
gka_22,ilp,2.6,43,"['36', '64', '63', '24', '57', '11', '41', '69', '45', '66', '0', '31', '67', '33', '40', '10', '53', '39', '13', '28', '48', '35', '58', '21', '47', '5', '54', '9', '1', '44', '22', '52', '30', '32', '23', '68', '29', '7', '3', '55', '15', '8', '37']"
gka_22,ilp_1t,6.5,43,"['25', '36', '61', '63', '24', '57', '11', '41', '69', '45', '66', '0', '31', '33', '40', '10', '53', '39', '13', '28', '48', '35', '58', '18', '21', '47', '54', '9', '1', '44', '22', '30', '32', '14', '23', '68', '29', '7', '3', '55', '15', '8', '37']"
gka_23,vc,44.5,46,"[0, 1, 3, 5, 6, 7, 10, 14, 16, 18, 20, 21, 22, 23, 24, 25, 26, 27, 29, 31, 33, 34, 35, 39, 40, 44, 47, 48, 49, 53, 54, 55, 56, 59, 61, 62, 64, 66, 69, 71, 72, 73, 74, 76, 78, 79]"
gka_23,ilp,14.4,46,"['1', '54', '10', '37', '19', '0', '29', '39', '61', '3', '35', '31', '38', '65', '12', '74', '66', '57', '79', '76', '69', '51', '21', '16', '27', '46', '53', '56', '24', '5', '2', '22', '6', '34', '59', '64', '23', '20', '62', '72', '78', '15', '47', '18', '40', '26']"
gka_23,ilp_1t,63.2,46,"['1', '67', '54', '10', '37', '19', '0', '29', '39', '61', '3', '35', '31', '38', '65', '12', '74', '66', '57', '79', '69', '51', '21', '16', '27', '46', '53', '56', '24', '5', '2', '22', '6', '34', '59', '64', '23', '20', '62', '72', '78', '15', '47', '18', '40', '26']"
gka_24,vc,76.6,37,"[7, 10, 13, 15, 16, 17, 18, 21, 23, 24, 27, 28, 30, 32, 33, 34, 35, 37, 41, 47, 49, 51, 52, 54, 55, 57, 59, 60, 61, 63, 70, 71, 77, 79, 82, 86, 88]"
gka_24,ilp,31.9,37,"['80', '86', '51', '55', '24', '12', '33', '41', '47', '5', '83', '64', '34', '49', '17', '15', '84', '57', '3', '27', '18', '52', '88', '28', '13', '54', '82', '60', '35', '7', '32', '77', '70', '79', '30', '37', '59']"
gka_24,ilp_1t,95.8,37,"['80', '21', '55', '33', '42', '50', '23', '47', '66', '83', '64', '34', '20', '0', '14', '27', '76', '18', '74', '52', '28', '82', '73', '29', '72', '58', '85', '40', '38', '70', '30', '71', '8', '37', '65', '10', '59']"
gka_25,vc,130.6,42,"[3, 4, 5, 7, 9, 11, 12, 20, 21, 25, 27, 28, 30, 31, 32, 33, 36, 40, 42, 43, 45, 48, 49, 52, 56, 57, 64, 65, 72, 73, 77, 80, 82, 83, 84, 85, 86, 87, 89, 94, 96, 99]"
gka_25,ilp,39.9,42,"['21', '64', '83', '45', '82', '11', '80', '40', '72', '43', '73', '5', '94', '49', '87', '14', '42', '85', '7', '48', '89', '77', '25', '36', '9', '65', '96', '4', '31', '20', '99', '33', '57', '27', '28', '1', '32', '84', '3', '56', '86', '12']"
gka_25,ilp_1t,169.6,42,"['21', '64', '83', '45', '82', '11', '80', '40', '72', '43', '73', '5', '94', '49', '87', '30', '42', '7', '48', '89', '77', '25', '36', '9', '65', '96', '4', '31', '20', '99', '33', '10', '57', '27', '28', '52', '32', '84', '3', '56', '86', '12']"
gka_26,vc,168.2,43,"[1, 2, 4, 5, 6, 13, 14, 15, 16, 18, 19, 21, 29, 30, 32, 35, 37, 38, 40, 41, 43, 46, 50, 51, 55, 56, 57, 60, 61, 65, 66, 67, 68, 69, 72, 76, 77, 80, 81, 93, 95, 97, 99]"
gka_26,ilp,18.5,43,"['50', '14', '53', '4', '72', '57', '32', '60', '95', '93', '5', '6', '41', '66', '29', '43', '21', '42', '40', '77', '92', '99', '61', '80', '68', '65', '76', '69', '13', '51', '35', '16', '46', '2', '38', '30', '55', '97', '86', '15', '18', '7', '67']"
gka_26,ilp_1t,113.6,43,"['50', '14', '4', '72', '12', '74', '57', '32', '60', '95', '93', '5', '1', '6', '43', '54', '21', '31', '19', '40', '77', '99', '61', '3', '80', '68', '65', '76', '69', '13', '35', '62', '16', '2', '36', '38', '30', '55', '97', '81', '23', '7', '67']"
gka_27,vc,555.1,62,"[0, 2, 3, 6, 7, 8, 9, 11, 12, 14, 15, 18, 19, 21, 22, 24, 27, 28, 29, 30, 31, 35, 36, 37, 39, 40, 41, 42, 43, 44, 46, 47, 48, 49, 50, 52, 53, 54, 55, 56, 58, 60, 63, 65, 68, 70, 72, 73, 74, 76, 80, 81, 82, 84, 87, 88, 89, 90, 92, 93, 94, 99]"
gka_27,ilp,85.3,62,"['80', '86', '11', '51', '21', '55', '39', '12', '19', '42', '41', '92', '68', '9', '43', '50', '81', '22', '47', '98', '83', '49', '56', '28', '6', '53', '25', '14', '15', '24', '62', '89', '36', '3', '0', '26', '44', '27', '76', '40', '52', '88', '13', '54', '31', '82', '29', '63', '78', '72', '60', '58', '91', '46', '7', '70', '30', '71', '2', '8', '37', '65']"
gka_27,ilp_1t,477.3,62,"['80', '86', '11', '51', '21', '55', '12', '94', '42', '41', '92', '68', '9', '43', '50', '81', '22', '47', '5', '49', '56', '28', '6', '53', '25', '15', '93', '84', '89', '36', '3', '87', '26', '44', '27', '35', '40', '74', '52', '88', '54', '31', '32', '82', '73', '29', '63', '69', '72', '99', '58', '46', '85', '97', '18', '70', '30', '71', '2', '8', '37', '65']"
gka_28,vc,300.8,70,"[0, 4, 7, 8, 9, 10, 11, 12, 14, 15, 16, 17, 18, 19, 20, 21, 27, 28, 29, 30, 32, 34, 37, 38, 40, 42, 43, 45, 46, 47, 49, 50, 51, 52, 53, 54, 56, 57, 59, 60, 62, 63, 64, 65, 68, 69, 71, 72, 73, 74, 75, 77, 78, 79, 81, 82, 84, 85, 88, 89, 90, 91, 92, 93, 94, 95, 96, 97, 98, 99]"
gka_28,ilp,379,70,"['21', '64', '71', '46', '98', '45', '82', '11', '93', '15', '40', '38', '72', '17', '43', '62', '73', '19', '88', '94', '49', '92', '30', '81', '91', '14', '37', '50', '42', '7', '35', '89', '77', '34', '9', '63', '54', '69', '65', '96', '4', '0', '20', '99', '10', '51', '90', '57', '53', '97', '27', '60', '28', '75', '95', '68', '18', '29', '47', '78', '22', '52', '74', '32', '8', '59', '84', '56', '79', '12']"
gka_28,ilp_1t,516.1,70,"['21', '64', '71', '46', '98', '45', '82', '66', '11', '93', '40', '38', '16', '17', '62', '73', '19', '88', '94', '49', '92', '30', '81', '91', '14', '37', '50', '42', '85', '7', '35', '89', '77', '34', '9', '63', '54', '69', '65', '96', '4', '20', '99', '10', '51', '90', '57', '53', '97', '27', '39', '60', '28', '75', '95', '68', '18', '29', '47', '78', '74', '32', '8', '59', '84', '2', '56', '55', '79', '12']"
gka_29,vc,67.1,77,"[1, 2, 4, 5, 6, 7, 8, 9, 11, 12, 14, 15, 16, 17, 18, 19, 20, 21, 22, 23, 26, 27, 29, 32, 33, 34, 35, 36, 37, 38, 39, 40, 41, 43, 44, 45, 46, 47, 49, 50, 51, 54, 55, 56, 58, 59, 60, 61, 62, 63, 64, 67, 68, 69, 70, 72, 73, 74, 75, 76, 77, 78, 79, 80, 81, 82, 83, 84, 85, 87, 90, 91, 92, 93, 96, 97, 99]"
gka_29,ilp,57.4,77,"['75', '63', '50', '59', '14', '4', '28', '82', '72', '12', '74', '32', '79', '60', '70', '56', '91', '93', '44', '27', '33', '90', '8', '5', '1', '47', '6', '73', '66', '29', '43', '54', '64', '49', '21', '19', '40', '83', '77', '92', '26', '9', '37', '84', '99', '39', '61', '80', '68', '85', '58', '76', '69', '13', '51', '35', '62', '78', '45', '16', '20', '46', '2', '34', '36', '38', '55', '11', '17', '97', '81', '23', '15', '22', '7', '67', '87']"
gka_29,ilp_1t,423,77,"['75', '63', '50', '59', '14', '4', '82', '72', '12', '74', '32', '79', '60', '70', '96', '56', '91', '93', '44', '27', '33', '90', '8', '5', '1', '47', '6', '73', '41', '29', '43', '54', '64', '49', '21', '19', '40', '83', '77', '92', '26', '9', '37', '84', '99', '39', '61', '80', '68', '85', '58', '76', '69', '51', '35', '62', '78', '45', '16', '20', '46', '2', '34', '36', '38', '55', '11', '17', '97', '81', '23', '15', '22', '18', '7', '67', '87']"
gka_3,vc,1.5,23,"[1, 7, 11, 13, 16, 17, 18, 22, 23, 32, 40, 41, 42, 44, 48, 50, 53, 55, 57, 58, 61, 66, 69]"
gka_3,ic,273.4,23,"['11', '15', '17', '2', '22', '29', '3', '32', '38', '40', '41', '42', '48', '5', '50', '52', '53', '57', '58', '61', '64', '66', '8']"
gka_3,ilp,0.8,23,"['55', '61', '32', '48', '41', '63', '9', '42', '43', '23', '22', '7', '16', '38', '1', '20', '53', '36', '66', '3', '8', '44', '40']"
gka_3,ilp_1t,4.4,23,"['55', '61', '32', '41', '19', '29', '63', '42', '22', '58', '38', '20', '30', '53', '17', '15', '24', '36', '66', '3', '8', '44', '52']"
gka_30,vc,33.6,82,"[0, 1, 2, 3, 4, 5, 6, 7, 8, 9, 10, 12, 13, 14, 15, 16, 17, 18, 19, 20, 21, 22, 23, 24, 25, 26, 27, 29, 30, 31, 32, 34, 35, 36, 37, 38, 41, 45, 46, 47, 49, 50, 52, 53, 54, 56, 59, 60, 61, 63, 64, 65, 67, 68, 69, 70, 71, 72, 74, 75, 76, 77, 78, 80, 81, 82, 83, 85, 86, 87, 88, 89, 90, 91, 92, 93, 94, 95, 96, 97, 98, 99]"
gka_30,ilp,38.2,82,"['21', '64', '71', '98', '83', '45', '82', '26', '58', '80', '93', '67', '15', '72', '17', '73', '19', '88', '61', '5', '94', '49', '92', '87', '30', '81', '91', '14', '37', '50', '85', '7', '35', '48', '89', '77', '25', '36', '34', '9', '63', '24', '41', '69', '65', '96', '4', '0', '31', '99', '33', '76', '13', '51', '90', '57', '53', '97', '27', '39', '60', '75', '95', '68', '18', '29', '47', '78', '1', '6', '22', '52', '74', '8', '59', '84', '3', '2', '56', '86', '23', '12']"
gka_30,ilp_1t,305.2,82,"['21', '64', '71', '46', '98', '83', '45', '82', '66', '26', '80', '93', '67', '15', '72', '17', '43', '70', '62', '19', '88', '61', '5', '94', '44', '49', '92', '87', '30', '81', '91', '14', '37', '50', '42', '85', '7', '35', '77', '25', '34', '9', '63', '24', '41', '69', '65', '96', '4', '0', '31', '99', '76', '10', '13', '90', '97', '27', '28', '75', '95', '68', '18', '29', '47', '78', '1', '6', '22', '52', '74', '32', '8', '59', '3', '2', '56', '86', '55', '79', '23', '12']"
gka_31,vc,12.4,85,"[0, 1, 2, 3, 4, 5, 7, 8, 11, 12, 13, 14, 15, 16, 17, 18, 19, 20, 21, 22, 23, 24, 25, 27, 28, 29, 30, 32, 33, 34, 35, 36, 38, 39, 40, 41, 42, 43, 44, 45, 46, 48, 50, 51, 53, 54, 56, 57, 58, 59, 60, 61, 62, 63, 64, 65, 66, 67, 68, 69, 71, 72, 73, 74, 75, 76, 77, 78, 79, 80, 81, 82, 83, 84, 86, 88, 89, 90, 92, 93, 94, 95, 96, 97, 99]"
gka_31,ic,109.6,85,"['0', '1', '11', '13', '14', '15', '16', '17', '18', '19', '2', '20', '21', '22', '23', '24', '25', '27', '28', '29', '3', '30', '32', '33', '34', '35', '36', '38', '39', '40', '41', '42', '43', '44', '45', '46', '47', '48', '5', '50', '51', '53', '54', '55', '56', '57', '58', '59', '60', '61', '62', '63', '64', '65', '66', '67', '68', '69', '7', '70', '72', '73', '74', '75', '76', '77', '78', '79', '8', '80', '81', '82', '83', '84', '86', '88', '9', '90', '91', '92', '93', '94', '95', '96', '97']"
gka_31,ilp,19.5,85,"['75', '63', '94', '59', '14', '53', '4', '28', '48', '74', '57', '32', '79', '60', '70', '96', '56', '95', '91', '93', '25', '44', '88', '27', '33', '90', '8', '5', '1', '47', '73', '41', '66', '29', '43', '54', '64', '89', '10', '21', '42', '19', '40', '83', '24', '77', '9', '71', '84', '99', '39', '61', '3', '80', '68', '85', '65', '58', '76', '69', '13', '51', '35', '62', '78', '45', '16', '20', '46', '2', '34', '36', '38', '30', '55', '11', '17', '97', '86', '81', '23', '15', '22', '18', '7']"
gka_31,ilp_1t,91.9,85,"['75', '63', '50', '94', '59', '14', '0', '53', '4', '28', '82', '48', '72', '12', '74', '57', '32', '79', '60', '96', '56', '95', '93', '25', '44', '88', '27', '33', '90', '8', '5', '1', '73', '41', '66', '29', '43', '54', '64', '21', '42', '19', '40', '83', '24', '77', '92', '71', '84', '99', '39', '61', '3', '80', '68', '65', '58', '76', '69', '13', '51', '35', '62', '78', '45', '16', '20', '46', '2', '34', '36', '38', '30', '55', '11', '17', '97', '86', '81', '23', '15', '22', '18', '7', '67']"
gka_32,vc,5.4,88,"[0, 1, 2, 3, 4, 5, 6, 7, 8, 9, 10, 11, 12, 13, 14, 15, 16, 17, 18, 19, 20, 21, 23, 24, 25, 26, 27, 28, 29, 30, 32, 33, 34, 35, 36, 37, 38, 39, 41, 42, 43, 44, 45, 46, 51, 52, 54, 56, 57, 58, 59, 60, 62, 63, 64, 65, 66, 67, 68, 69, 70, 71, 72, 73, 74, 75, 76, 78, 79, 80, 81, 82, 83, 84, 85, 86, 87, 88, 90, 91, 92, 93, 94, 95, 96, 97, 98, 99]"
gka_32,ic,18.8,88,"['0', '1', '10', '11', '12', '13', '14', '15', '16', '17', '18', '19', '2', '20', '21', '22', '23', '24', '25', '26', '27', '28', '29', '3', '30', '32', '33', '34', '35', '36', '38', '39', '4', '40', '41', '42', '43', '44', '45', '46', '48', '5', '50', '51', '54', '56', '57', '58', '59', '6', '60', '62', '64', '65', '66', '67', '68', '69', '7', '70', '71', '72', '73', '74', '75', '76', '78', '79', '8', '80', '82', '83', '84', '85', '86', '87', '88', '89', '9', '90', '91', '92', '93', '94', '95', '96', '97', '99']"
gka_32,ilp,13.9,88,"['80', '86', '11', '51', '21', '55', '39', '12', '48', '33', '94', '42', '41', '92', '68', '9', '43', '23', '81', '47', '98', '5', '66', '83', '34', '1', '20', '49', '56', '28', '6', '53', '17', '14', '15', '93', '24', '62', '84', '57', '36', '67', '3', '90', '0', '87', '26', '76', '35', '74', '52', '88', '45', '13', '61', '32', '82', '73', '29', '63', '78', '69', '72', '99', '60', '58', '91', '46', '75', '7', '85', '97', '18', '77', '38', '70', '79', '30', '95', '71', '4', '2', '8', '96', '37', '65', '10', '59']"
gka_32,ilp_1t,40.3,88,"['80', '86', '11', '51', '21', '55', '39', '12', '48', '33', '94', '19', '41', '92', '68', '9', '43', '50', '23', '81', '22', '47', '5', '16', '66', '64', '83', '34', '20', '49', '56', '53', '25', '14', '15', '93', '24', '62', '84', '89', '36', '67', '90', '0', '87', '26', '44', '27', '35', '40', '74', '52', '88', '45', '61', '54', '31', '32', '82', '73', '29', '63', '78', '69', '99', '60', '58', '91', '46', '75', '7', '85', '97', '18', '77', '38', '70', '79', '30', '95', '71', '2', '8', '96', '37', '65', '10', '59']"
gka_33,vc,4.2,90,"[0, 1, 2, 5, 6, 7, 8, 9, 10, 11, 12, 13, 14, 15, 17, 19, 20, 21, 22, 23, 24, 25, 26, 27, 28, 29, 30, 31, 32, 33, 34, 35, 36, 37, 38, 39, 40, 41, 42, 43, 44, 45, 46, 47, 49, 50, 52, 53, 54, 55, 56, 57, 58, 59, 60, 61, 62, 63, 64, 66, 67, 68, 69, 70, 71, 72, 73, 74, 75, 76, 78, 79, 80, 81, 82, 83, 84, 85, 86, 87, 88, 89, 90, 92, 93, 94, 95, 97, 98, 99]"
gka_33,ic,2.9,90,"['1', '10', '14', '15', '16', '17', '18', '19', '2', '20', '21', '22', '23', '24', '25', '26', '27', '28', '29', '3', '30', '31', '32', '33', '34', '35', '36', '37', '39', '4', '40', '41', '42', '43', '44', '45', '46', '47', '49', '5', '50', '51', '52', '54', '56', '57', '58', '59', '6', '60', '61', '62', '64', '65', '66', '67', '68', '69', '7', '70', '71', '72', '73', '74', '75', '76', '77', '78', '79', '8', '80', '81', '82', '83', '84', '85', '87', '88', '89', '9', '90', '91', '92', '93', '94', '95', '96', '97', '98', '99']"
gka_33,ilp,3.1,90,"['21', '64', '71', '46', '98', '83', '45', '82', '66', '11', '26', '58', '80', '93', '67', '15', '40', '38', '72', '16', '17', '43', '70', '73', '19', '61', '5', '94', '44', '49', '92', '87', '30', '81', '91', '14', '37', '50', '42', '85', '7', '35', '89', '77', '25', '36', '34', '9', '24', '54', '41', '69', '65', '96', '4', '0', '31', '20', '99', '33', '76', '10', '13', '57', '97', '27', '39', '60', '28', '75', '95', '68', '18', '29', '47', '78', '1', '6', '52', '74', '32', '8', '59', '84', '3', '2', '56', '86', '79', '23']"
gka_33,ilp_1t,7.9,90,"['21', '64', '71', '46', '98', '83', '45', '11', '26', '58', '80', '93', '67', '15', '40', '38', '72', '16', '17', '43', '70', '62', '73', '19', '61', '5', '94', '44', '49', '92', '87', '81', '91', '37', '50', '42', '85', '7', '35', '89', '77', '25', '36', '34', '9', '24', '54', '41', '69', '65', '96', '4', '0', '31', '20', '99', '33', '76', '10', '13', '51', '90', '57', '97', '27', '39', '60', '28', '75', '95', '68', '18', '29', '47', '78', '1', '6', '22', '74', '32', '8', '59', '84', '3', '2', '56', '86', '55', '79', '12']"
gka_34,vc,2.7,92,"[0, 1, 2, 3, 5, 6, 7, 8, 10, 11, 12, 13, 14, 15, 16, 18, 19, 20, 21, 22, 23, 24, 25, 26, 27, 28, 29, 31, 32, 33, 34, 35, 36, 37, 38, 39, 40, 41, 42, 43, 44, 45, 46, 47, 48, 49, 50, 51, 52, 53, 54, 55, 57, 58, 59, 60, 61, 62, 63, 64, 65, 66, 67, 68, 69, 70, 71, 72, 75, 76, 77, 78, 79, 80, 81, 82, 83, 84, 85, 86, 87, 88, 89, 90, 91, 92, 93, 94, 95, 96, 98, 99]"
gka_34,ic,1.3,92,"['0', '1', '10', '11', '12', '13', '14', '15', '16', '18', '19', '2', '20', '22', '23', '24', '25', '26', '27', '28', '29', '3', '30', '31', '32', '33', '34', '35', '36', '37', '38', '39', '40', '41', '42', '43', '44', '45', '46', '47', '48', '49', '5', '50', '51', '52', '53', '55', '56', '57', '58', '59', '6', '60', '61', '62', '63', '64', '66', '67', '68', '69', '7', '70', '72', '73', '74', '75', '76', '77', '78', '79', '8', '80', '81', '82', '83', '84', '85', '86', '87', '88', '9', '90', '91', '92', '93', '94', '95', '96', '97', '98']"
gka_34,ilp,0.9,92,"['75', '63', '50', '59', '52', '14', '0', '53', '4', '28', '82', '48', '72', '12', '74', '57', '32', '79', '60', '70', '96', '56', '95', '91', '93', '25', '44', '88', '27', '33', '90', '8', '5', '1', '47', '6', '73', '41', '29', '43', '54', '64', '49', '89', '10', '21', '42', '31', '19', '40', '83', '24', '77', '92', '9', '71', '37', '84', '61', '3', '80', '68', '85', '58', '98', '76', '69', '51', '35', '62', '78', '45', '16', '20', '46', '2', '34', '36', '38', '30', '55', '11', '97', '86', '81', '23', '15', '22', '18', '7', '67', '87']"
gka_34,ilp_1t,1.5,92,"['75', '63', '50', '94', '59', '52', '14', '0', '53', '28', '82', '48', '72', '12', '74', '57', '32', '79', '60', '70', '96', '56', '95', '91', '93', '25', '44', '88', '27', '33', '90', '8', '5', '1', '47', '6', '73', '41', '66', '29', '43', '64', '49', '10', '42', '31', '19', '40', '83', '24', '77', '92', '26', '9', '37', '84', '39', '61', '3', '80', '68', '85', '58', '98', '76', '69', '13', '51', '35', '62', '78', '45', '16', '20', '46', '2', '34', '36', '38', '30', '55', '11', '97', '86', '81', '23', '15', '22', '18', '7', '67', '87']"
gka_35,vc,0.1,0,[]
gka_35,ic,1,0,[]
gka_35,ilp,0,0,[]
gka_35,ilp_1t,0,0,[]
gka_4,vc,4.2,28,"[1, 2, 6, 9, 10, 12, 13, 25, 26, 29, 31, 35, 38, 41, 44, 45, 46, 49, 53, 55, 58, 59, 62, 65, 66, 74, 75, 79]"
gka_4,ilp,2.7,28,"['25', '12', '64', '9', '45', '66', '38', '31', '20', '58', '5', '10', '13', '17', '2', '53', '62', '44', '35', '21', '1', '49', '46', '74', '65', '59', '29', '79']"
gka_4,ilp_1t,5.8,28,"['12', '41', '6', '9', '45', '66', '38', '31', '26', '58', '10', '13', '17', '2', '42', '53', '62', '44', '75', '35', '1', '52', '46', '74', '65', '59', '29', '79']"
gka_5,vc,0.7,22,"[1, 2, 3, 6, 9, 12, 17, 18, 28, 29, 31, 32, 35, 37, 38, 39, 40, 41, 42, 44, 45, 46]"
gka_5,ic,2.8,22,"['0', '14', '15', '18', '19', '28', '29', '3', '32', '35', '37', '38', '39', '41', '42', '43', '44', '45', '46', '5', '6', '8']"
gka_5,ilp,0.1,22,"['1', '3', '9', '41', '14', '37', '28', '35', '32', '44', '16', '24', '8', '6', '38', '43', '10', '42', '19', '45', '18', '7']"
gka_5,ilp_1t,0.4,22,"['3', '9', '41', '14', '4', '28', '29', '44', '16', '46', '33', '8', '40', '6', '38', '43', '5', '49', '42', '19', '18', '7']"
gka_6,vc,0.2,16,"[1, 4, 7, 9, 11, 12, 15, 16, 17, 20, 21, 24, 25, 26, 28, 29]"
gka_6,ic,1,16,"['0', '10', '11', '12', '15', '16', '17', '18', '21', '24', '25', '26', '29', '7', '8', '9']"
gka_6,ilp,0,16,"['11', '21', '6', '12', '15', '24', '19', '25', '4', '2', '9', '8', '23', '26', '5', '7']"
gka_6,ilp_1t,0,16,"['11', '21', '1', '6', '12', '15', '24', '19', '25', '4', '2', '9', '23', '29', '26', '7']"
gka_7,vc,0.2,18,"[0, 1, 3, 4, 5, 6, 7, 12, 14, 16, 17, 20, 21, 22, 25, 26, 28, 29]"
gka_7,ic,1,18,"['0', '1', '12', '14', '15', '16', '17', '20', '21', '22', '25', '26', '28', '29', '4', '5', '6', '7']"
gka_7,ilp,0,18,"['25', '12', '29', '28', '9', '21', '4', '0', '26', '20', '22', '1', '14', '16', '7', '17', '6', '15']"
gka_7,ilp_1t,0,18,"['25', '12', '29', '28', '21', '4', '5', '0', '26', '20', '22', '1', '14', '16', '7', '3', '17', '6']"
gka_8,vc,7.2,28,"[2, 3, 4, 5, 7, 8, 13, 18, 19, 23, 25, 30, 34, 49, 51, 55, 57, 60, 65, 78, 84, 85, 88, 92, 93, 94, 95, 98]"
gka_8,ilp,2.5,28,"['94', '4', '57', '60', '95', '93', '25', '88', '5', '73', '19', '92', '49', '84', '3', '85', '65', '98', '13', '51', '78', '16', '34', '30', '55', '23', '18', '7']"
gka_8,ilp_1t,8.5,28,"['94', '4', '57', '60', '93', '25', '88', '5', '73', '19', '92', '49', '84', '3', '85', '65', '98', '76', '13', '51', '78', '16', '34', '30', '55', '23', '18', '7']"
gka_9,vc,0.1,2,"[1, 2]"
gka_9,ic,1,2,"['4', '5']"
gka_9,ilp,0,2,"['2', '1']"
gka_9,ilp_1t,0,2,"['4', '5']"
j10,vc,0.1,3,"[0, 3, 36]"
j10,ic,1,3,"['0', '3', '36']"
j10,ilp,0,3,"['0', '36', '3']"
j10,ilp_1t,0,3,"['0', '36', '3']"
j11,vc,0.1,5,"[12, 13, 14, 20, 21]"
j11,ic,1,5,"['12', '13', '14', '20', '21']"
j11,ilp,0,5,"['20', '14', '12', '21', '13']"
j11,ilp_1t,0,5,"['20', '14', '12', '21', '13']"
j13,vc,0.1,4,"[1, 15, 23, 28]"
j13,ic,1,4,"['1', '14', '15', '23']"
j13,ilp,0,4,"['28', '23', '1', '15']"
j13,ilp_1t,0,4,"['28', '23', '1', '15']"
j14,vc,0.1,3,"[0, 2, 17]"
j14,ic,1,3,"['12', '13', '17']"
j14,ilp,0,3,"['13', '17', '12']"
j14,ilp_1t,0,3,"['2', '17', '0']"
j15,vc,0.1,0,[]
j15,ic,1,0,[]
j15,ilp,0,0,[]
j15,ilp_1t,0,0,[]
j16,vc,0.1,0,[]
j16,ic,1,0,[]
j16,ilp,0,0,[]
j16,ilp_1t,0,0,[]
j17,vc,0.1,10,"[2, 3, 6, 9, 10, 16, 20, 23, 38, 48]"
j17,ic,1,10,"['0', '10', '16', '18', '2', '20', '23', '29', '3', '6']"
j17,ilp,0,10,"['6', '20', '10', '16', '29', '48', '18', '23', '3', '2']"
j17,ilp_1t,0,10,"['6', '20', '10', '16', '29', '48', '18', '23', '3', '2']"
j18,vc,0.1,9,"[2, 4, 12, 17, 27, 39, 43, 44, 53]"
j18,ic,1,9,"['12', '17', '2', '27', '39', '4', '43', '44', '53']"
j18,ilp,0,9,"['53', '4', '12', '17', '44', '39', '27', '2', '43']"
j18,ilp_1t,0,9,"['53', '4', '12', '17', '44', '39', '27', '2', '43']"
j19,vc,0.1,3,"[4, 15, 30]"
j19,ic,1,3,"['10', '13', '9']"
j19,ilp,0,3,"['9', '15', '4']"
j19,ilp_1t,0,3,"['9', '15', '4']"
j20,vc,0.1,0,[]
j20,ic,1,0,[]
j20,ilp,0,0,[]
j20,ilp_1t,0,0,[]
j21,vc,0.1,2,"[5, 7]"
j21,ic,1,2,"['5', '7']"
j21,ilp,0,2,"['1', '4']"
j21,ilp_1t,0,2,"['1', '4']"
j22,vc,0.1,9,"[19, 26, 29, 31, 32, 35, 36, 39, 40]"
j22,ic,1,9,"['25', '29', '32', '33', '34', '35', '36', '39', '40']"
j22,ilp,0,9,"['39', '31', '32', '29', '35', '40', '25', '36', '26']"
j22,ilp_1t,0,9,"['39', '31', '32', '29', '35', '40', '25', '36', '26']"
j23,vc,0.2,19,"[2, 8, 11, 12, 14, 15, 16, 19, 24, 25, 26, 34, 37, 38, 39, 42, 45, 47, 50]"
j23,ic,1.1,19,"['1', '11', '12', '15', '16', '2', '21', '24', '26', '3', '35', '38', '39', '4', '45', '47', '50', '8', '9']"
j23,ilp,0.1,19,"['12', '21', '24', '11', '9', '38', '4', '2', '15', '33', '50', '16', '39', '35', '47', '1', '45', '3', '8']"
j23,ilp_1t,0.1,19,"['12', '21', '24', '11', '41', '9', '38', '4', '26', '2', '15', '50', '16', '39', '6', '47', '1', '45', '3']"
j24,vc,0.1,3,"[34, 50, 55]"
j24,ic,1,3,"['34', '50', '55']"
j24,ilp,0,3,"['50', '34', '55']"
j24,ilp_1t,0,3,"['50', '34', '55']"
j25,vc,0.1,0,[]
j25,ic,1,0,[]
j25,ilp,0,0,[]
j25,ilp_1t,0,0,[]
j26,vc,0.1,6,"[1, 18, 22, 27, 37, 38]"
j26,ic,1,6,"['1', '18', '22', '27', '37', '38']"
j26,ilp,0,6,"['1', '18', '38', '22', '37', '27']"
j26,ilp_1t,0,6,"['1', '18', '38', '22', '37', '27']"
j28,vc,0.2,13,"[2, 3, 4, 6, 34, 35, 36, 37, 38, 39, 40, 49, 50]"
j28,ic,1,13,"['2', '3', '34', '35', '36', '37', '38', '39', '4', '40', '49', '50', '8']"
j28,ilp,0,13,"['50', '67', '39', '4', '3', '35', '38', '27', '8', '40', '2', '34', '36']"
j28,ilp_1t,0,13,"['50', '67', '39', '4', '3', '35', '38', '27', '8', '40', '2', '34', '36']"
